case_id,disease_label,severity_level,weather_scenario,constrained_text,constrained_mentions_pesticide,constrained_names_specific_drug,constrained_has_dosage,constrained_has_weather_numbers,constrained_recommend_spray,constrained_hallucination,unconstrained_text,unconstrained_mentions_pesticide,unconstrained_names_specific_drug,unconstrained_has_dosage,unconstrained_has_weather_numbers,unconstrained_recommend_spray,unconstrained_hallucination
healthy_severity_0__WS_NORMAL,healthy,0,WS_NORMAL,"Chào bạn, với tư cách là chuyên gia tư vấn bệnh cây trồng, tôi xin đưa ra kết quả chẩn đoán và khuyến nghị cho lá sầu riêng của bạn dựa trên dữ liệu hình ảnh và thông tin hiện có.

### 1. Tóm tắt tình trạng bệnh
Lá sầu riêng của bạn đang ở trạng thái **khỏe mạnh (Healthy)**.
*   **Mức độ tổn thương:** 0% (Severity 0).
*   **Triệu chứng:** Lá xanh, nguyên vẹn. Không phát hiện thấy đốm bệnh, cháy lá, quầng vàng, xoăn lá hay các vùng hoại tử rõ ràng.

### 2. Tóm tắt thời tiết sắp tới
Hiện tại, kịch bản thời tiết được đánh giá là **bình thường**, không có rủi ro đặc biệt nào (như mưa lớn kéo dài, độ ẩm cực cao hay nắng gắt bất thường) làm tăng nguy cơ bùng phát bệnh cho đối tượng này. Điều kiện thời tiết hiện tại không gây áp lực đặc biệt lên cây trồng.

### 3. Việc cần làm ngay
**Không cần xử lý bệnh hay phun thuốc ngay lúc này.**

*   **Lý do:** Vì lá đang khỏe mạnh (0% tổn thương) và thời tiết hiện tại ở mức bình thường, không có yếu tố nào thúc đẩy bệnh phát sinh đột ngột. Việc sử dụng thuốc lúc này là không cần thiết và có thể gây lãng phí hoặc ảnh hưởng không mong muốn đến hệ sinh thái vườn.
*   **Hành động:** Chỉ duy trì việc theo dõi định kỳ như thông lệ.

### 4. Quản lý
Để duy trì trạng thái khỏe mạnh và ngăn ngừa bệnh tiềm ẩn, bạn nên áp dụng các biện pháp quản lý tổng hợp sau:
*   **Vệ sinh vườn:** Giữ sạch cỏ, thu gom và tiêu hủy các tàn dư thực vật để giảm nơi trú ẩn của mầm bệnh.
*   **Thông thoáng tán lá:** Tỉa cành hợp lý để tán cây thông thoáng, giúp ánh sáng và gió lưu thông tốt, hạn chế độ ẩm cục bộ.
*   **Thoát nước:** Đảm bảo hệ thống thoát nước trong vườn tốt, tránh积水 (ứ đọng nước) vì môi trường ẩm ướt là điều kiện thuận lợi cho nhiều loại nấm bệnh phát triển.

### 5. Phòng ngừa
*   **Quan sát kỹ:** Thường xuyên kiểm tra lá non, đặc biệt là mặt dưới của lá và các cây xung quanh khu vực trồng.
*   **Ghi nhận triệu chứng:** Nếu bất ngờ xuất hiện các dấu hiệu bất thường như đốm lạ, cháy lá, xoăn lá hoặc đổi màu, hãy chụp lại ảnh để đánh giá lại tình trạng bệnh.

### 6. Theo dõi
*   **Kiểm tra định kỳ:** Hãy kiểm tra lại vườn cây theo chu kỳ đều đặn.
*   **Thời điểm quan trọng:** Đặc biệt chú ý kiểm tra kỹ sau những trận mưa hoặc trong giai đoạn cây ra đọt non, vì đây là lúc cây dễ bị tấn công nhất.

### 7. Cảnh báo
*   Kết quả chẩn đoán từ ảnh ""Healthy"" chỉ mang tính chất tham khảo dựa trên hình ảnh hiện tại và **không thay thế** cho việc kiểm tra thực địa toàn diện.
*   Một số bệnh có thể ở giai đoạn sớm hoặc tiềm ẩn chưa biểu hiện rõ trên lá. Nếu bạn phát hiện bất kỳ triệu chứng mới nào trên cây, cần đánh giá lại hoặc liên hệ với cán bộ kỹ thuật địa phương để được hỗ trợ xử lý kịp thời.

---
**Nguồn tham khảo:**
• [S1] Durian leaf disease image dataset / Mendeley Data — https://data.mendeley.com/datasets/pxzvksbwnj/4
• [S2] Durian leaf disease dataset article / Data in Brief — https://www.sciencedirect.com/science/article/pii/S2352340925005724",True,False,False,False,True,False,"Chào anh/chị, với tư cách là chuyên gia tư vấn kỹ thuật cây trồng, tôi rất vui mừng khi nhận được thông tin rằng vườn sầu riêng của anh/chị đang có tình trạng **lá khỏe mạnh, không có dấu hiệu bệnh lý**. Đây là kết quả của một quy trình chăm sóc tốt.

Tuy nhiên, trong nông nghiệp, ""khỏe mạnh"" không có nghĩa là ""bỏ qua quản lý"". Dưới đây là khuyến nghị chi tiết để duy trì trạng thái này và phòng ngừa rủi ro tiềm ẩn:

### 1. Nguyên nhân / Đặc điểm tình trạng
*   **Đặc điểm:** Lá có màu xanh đậm đều, bề mặt lá nhẵn bóng, không có đốm nâu, đốm vàng, nấm mốc, hay sâu đục. Cuống lá chắc, không bị thối.
*   **Nguyên nhân:** Đây là biểu hiện của cây đang trong trạng thái cân bằng sinh lý tốt. Hệ thống rễ hoạt động hiệu quả, dinh dưỡng được cung cấp đầy đủ và cân đối, đồng thời môi trường vườn ít áp lực từ dịch hại hoặc đã được kiểm soát tốt.

### 2. Biện pháp quản lý vườn (Duy trì sức khỏe)
Mục tiêu hiện tại là **duy trì** và **tăng cường** sức đề kháng tự nhiên của cây:
*   **Tưới nước:** Duy trì độ ẩm đất ổn định (không quá khô gây stress, không quá ướt gây thối rễ). Sầu riêng cần nước đều đặn, đặc biệt vào giai đoạn phát triển chồi non.
*   **Bón phân:** Tiếp tục bón phân cân đối theo giai đoạn sinh trưởng. Ưu tiên các loại phân hữu cơ vi sinh, phân bón lá chứa Amino acid, Humic acid để tăng cường hệ miễn dịch cho cây.
*   **Cắt tỉa:** Tỉa bỏ những cành sâu bệnh (nếu có), cành tăm, cành vượt để thông thoáng tán cây, giúp ánh sáng và gió lưu thông tốt, giảm độ ẩm cục bộ – yếu tố thuận lợi cho nấm bệnh phát triển.
*   **Vệ sinh vườn:** Dọn sạch cỏ rác, lá rụng dưới tán cây để tránh nơi trú ẩn của sâu bệnh và nguồn lây nhiễm tiềm tàng.

### 3. Có cần phun thuốc hay không?
*   **Khuyến nghị:** **KHÔNG CẦN PHUN THUỐC HÓA HỌC CHỐNG BỆNH/HẠI** vào thời điểm này.
*   **Lý do:** Phun thuốc khi không có dịch hại sẽ gây lãng phí, tăng chi phí, có thể gây kháng thuốc cho sâu bệnh về sau, và quan trọng nhất là có thể tiêu diệt các thiên địch có lợi (như ong ký sinh, bọ rùa...) đang giúp kiểm soát tự nhiên trong vườn.
*   **Ngoại lệ (Chỉ nếu muốn tăng cường phòng ngừa chủ động):** Nếu anh/chị muốn tăng cường sức đề kháng, có thể phun **thuốc sinh học hoặc kích thích tăng trưởng**:
    *   *Ví dụ:* Chế phẩm sinh học chứa nấm đối kháng *Trichoderma* hoặc *Bacillus subtilis* (phun định kỳ 15-20 ngày/lần) để tạo lớp bảo vệ sinh học trên lá.
    *   *Hoặc:* Phun phân bón lá giàu Kali, Canxi, Silic để làm dày thành tế bào lá, tăng khả năng chống chịu.

### 4. Phòng ngừa và theo dõi
Dù hiện tại lá khỏe mạnh, anh/chị cần duy trì thói quen quan sát để phát hiện sớm bất kỳ dấu hiệu bất thường nào:
*   **Kiểm tra định kỳ:** Mỗi tuần ít nhất 1 lần, đi kiểm tra toàn bộ vườn, đặc biệt chú ý mặt dưới lá và các nách lá – nơi sâu bệnh thường ẩn náu đầu tiên.
*   **Theo dõi thời tiết:** Sau những trận mưa lớn hoặc thời tiết ẩm ướt kéo dài, nguy cơ bệnh nấm (như bệnh thán thư, bệnh đốm lá) tăng cao. Cần kiểm tra kỹ ngay sau mưa.
*   **Quan sát hành vi sâu:** Chú ý xem có dấu hiệu nhai lá, chích hút (lá xoăn, vàng úa cục bộ) hay không.
*   **Ghi chép:** Ghi lại nhật ký vườn (ngày bón phân, tưới nước, thời tiết) để dễ dàng truy nguyên nguồn gốc nếu có vấn đề phát sinh trong tương lai.

**Tóm lại:** Hãy tiếp tục duy trì các biện pháp chăm sóc hiện tại. Không cần phun thuốc hóa học. Tập trung vào việc tăng cường sức đề kháng tự nhiên và giám sát chặt chẽ để phát hiện sớm bất kỳ thay đổi nào.

Chúc anh/chị luôn giữ được vườn sầu riêng khỏe mạnh và mùa vụ bội thu! Nếu có bất kỳ dấu hiệu bất thường nào xuất hiện, hãy chụp ảnh và gửi lại để tôi tư vấn",True,False,False,False,True,False
healthy_severity_0__WS_RAIN_SPORE_DISPERSAL,healthy,0,WS_RAIN_SPORE_DISPERSAL,"Chào bạn, với tư cách là chuyên gia tư vấn bệnh cây trồng, tôi xin đưa ra kết quả chẩn đoán và khuyến nghị quản lý cho vườn sầu riêng của bạn dựa trên dữ liệu hình ảnh và dự báo thời tiết hiện tại.

### 1. Tóm tắt tình trạng bệnh
Lá sầu riêng hiện tại đang ở trạng thái **khỏe mạnh**.
*   **Mức độ tổn thương:** 0% (Severity 0).
*   **Triệu chứng:** Lá xanh, nguyên vẹn. Không phát hiện thấy đốm bệnh, cháy lá, quầng vàng, xoăn lá hay các vùng hoại tử rõ ràng.
*   **Lưu ý:** Mặc dù lá hiện tại khỏe, nhưng ảnh chụp đơn lẻ không thể thay thế hoàn toàn cho việc kiểm tra thực địa, vì một số bệnh có thể đang ở giai đoạn sớm hoặc tiềm ẩn chưa biểu hiện rõ trên bề mặt.

### 2. Tóm tắt thời tiết sắp tới
*   **Dự báo:** Có mưa đáng kể trong 3 ngày tới.
*   **Mức độ rủi ro:** Tăng cao (increased).
*   **Tác động:** Điều kiện ẩm ướt do mưa là môi trường thuận lợi cho các bệnh đốm lá, cháy lá và sâu hại tấn công đọt non phát sinh.

### 3. Việc cần làm ngay
*   **Hành động:** Không cần phun thuốc hay xử lý bệnh ngay lúc này vì lá đang khỏe. Tuy nhiên, bạn cần **chủ động kiểm tra lá non và mặt dưới lá** sau mỗi đợt mưa trong giai đoạn này.
*   **Lý do:** Do dự báo có mưa đáng kể trong 3 ngày tới, độ ẩm cao sẽ tạo điều kiện lý tưởng cho nấm bệnh và sâu hại phát triển nhanh chóng trên các bộ phận non yếu của cây. Việc kiểm tra kỹ lưỡng sau mưa giúp phát hiện sớm những dấu hiệu bất thường trước khi bệnh lan rộng.

### 4. Quản lý
Để duy trì sức khỏe cho cây và giảm thiểu nguy cơ bệnh hại trong điều kiện thời tiết ẩm ướt:
*   Duy trì vệ sinh vườn tược sạch sẽ.
*   Tỉa cành để giữ tán cây thông thoáng, giúp ánh sáng và gió lưu thông tốt.
*   Đảm bảo hệ thống thoát nước trong vườn hoạt động hiệu quả để tránh đọng nước, giảm điều kiện thuận lợi cho bệnh phát sinh.

### 5. Phòng ngừa
*   Tập trung quan sát kỹ lá non, mặt dưới lá và các cây xung quanh khu vực bị ảnh hưởng.
*   Nếu xuất hiện bất kỳ dấu hiệu nào như đốm, cháy lá, xoăn lá hoặc đổi màu bất thường, hãy chụp ảnh lại để đánh giá hoặc liên hệ hỗ trợ.

### 6. Theo dõi
*   Kiểm tra lại vườn cây định kỳ.
*   Đặc biệt chú ý kiểm tra kỹ sau mỗi trận mưa hoặc trong giai đoạn cây ra đọt non mới.

### 7. Cảnh báo
*   Kết quả chẩn đoán ""Healthy"" (Khỏe mạnh) từ hình ảnh không thay thế cho việc kiểm tra thực địa trực tiếp.
*   Nếu bạn phát hiện các triệu chứng mới hoặc bệnh có dấu hiệu nặng lên, hãy đánh giá lại tình trạng cây và **liên hệ cán bộ kỹ thuật địa phương** để được hỗ trợ xử lý chuyên sâu.

---

**Nguồn tham khảo:**
• [S1] Durian leaf disease image dataset / Mendeley Data — https://data.mendeley.com/datasets/pxzvksbwnj/4
• [S2] Durian leaf disease dataset article / Data in Brief — https://www.sciencedirect.com/science/article/pii/S2352340925005724
• [W1] Iowa State University Extension: It Takes Three to Make a Plant Sick (Disease Triangle) — https://www.extension.iastate.edu/news/2007/jan/071001.htm
• [W2] ScienceDirect: From triangle to pyramid - host-pathogen-microbiome-environment interplay — https://www.sciencedirect.com/science/article/pii/S2590346226001239
• [W3] Walsh Medical Media: Role of Individual Components of Disease Triangle in Disease Development - A Review — https://www.walshmedicalmedia.com/open-access/role-of-individual-components-of-disease-triangle-in-disease-development-84806.html",True,False,False,False,True,False,"Chào bác nông dân, với tư cách là chuyên gia tư vấn kỹ thuật cây trồng, tôi rất vui khi nhận được thông tin về tình trạng vườn sầu riêng của bác.

Việc lá sầu riêng **khỏe mạnh (healthy)** và **0% diện tích bị tổn thương** là một tín hiệu cực kỳ tích cực. Điều này cho thấy hệ thống miễn dịch của cây đang hoạt động tốt, môi trường vườn ổn định và các biện pháp chăm sóc trước đó của bác đã đạt hiệu quả cao.

Dưới đây là khuyến nghị chi tiết cho tình huống này:

### 1. Nguyên nhân / Đặc điểm tình trạng
*   **Không có bệnh lý:** Hiện tại, trên lá không có dấu hiệu của các bệnh phổ biến như bệnh thán thư (vết nâu, đen), bệnh đốm lá, bệnh cháy lá do nấm, hay sâu hại chích hút (rầy, nhện) gây biến dạng.
*   **Trạng thái sinh lý tốt:** Lá xanh đều, bóng, gân lá rõ ràng, không có hiện tượng vàng lá, úa lá hoặc rụng lá bất thường. Điều này phản ánh cây đang hấp thu dinh dưỡng cân đối và hệ rễ hoạt động tốt.
*   **Môi trường thuận lợi:** Độ ẩm, ánh sáng và chế độ tưới tiêu trong vườn hiện tại đang phù hợp với nhu cầu sinh trưởng của cây sầu riêng.

### 2. Biện pháp quản lý vườn (Duy trì trạng thái hiện tại)
Mục tiêu hiện nay là **duy trì** sự khỏe mạnh này và **phòng ngừa** bệnh tật xâm nhập. Bác nên tiếp tục thực hiện các biện pháp sau:

*   **Tưới nước hợp lý:** Tiếp tục duy trì chế độ tưới đều đặn, tránh để đất quá khô hoặc quá úng. Sầu riêng cần ẩm nhưng sợ úng. Kiểm tra độ ẩm đất trước khi tưới.
*   **Bón cân đối:** Tiếp tục bón phân theo đúng nhu cầu từng giai đoạn sinh trưởng (ra hoa, đậu quả, nuôi trái). Ưu tiên phân hữu cơ kết hợp phân vô cơ cân đối N-P-K và các trung vi lượng (đặc biệt là Canxi, Bo, Magie để tăng độ bền lá và quả).
*   **Quản lý cỏ dại:** Cắt cỏ định kỳ để tránh cạnh tranh dinh dưỡng và hạn chế nơi trú ẩn của sâu bệnh. Có thể giữ một lớp cỏ phủ gốc để giữ ẩm nhưng không để cỏ quá cao.
*   **Tạo tán thông thoáng:** Tiếp tục tỉa cành khô, cành sâu bệnh, cành vượt để vườn thông thoáng, giảm độ ẩm cục bộ – yếu tố thuận lợi cho nấm bệnh phát triển.

### 3. Có cần phun thuốc hay không?
*   **KHÔNG CẦN phun thuốc trị bệnh hay thuốc trừ sâu.**
    *   Việc phun thuốc khi cây khỏe mạnh và không có sâu bệnh là **vô ích**, gây lãng phí chi phí, và có thể gây hại cho hệ vi sinh vật có lợi trong đất và trên lá, thậm chí gây stress cho cây.
*   **Có thể phun bổ sung dinh dưỡng (Tùy chọn):**
    *   Nếu bác muốn tăng cường sức đề kháng và độ bóng đẹp của lá, có thể phun phân bón lá chứa **Axit Humic, Amino Acid, hoặc các chất kích thích sinh học (Biostimulants)**.
    *   **Lưu ý:** Chỉ phun khi thời tiết mát mẻ (sáng sớm hoặc chiều mát), tránh phun lúc nắng gắt.

### 4. Phòng ngừa và theo dõi
Dù hiện tại cây khỏe mạnh, bác cần duy trì thói quen theo dõi để phát hiện sớm bất kỳ dấu hiệu bất thường nào:

*   **Kiểm tra định kỳ:**
    *   Kiểm tra lá (đặc biệt là mặt dưới lá), cành non, và gốc cây **1 lần/tuần**.
    *   Quan sát kỹ các triệu chứng đầu tiên: vết đốm nhỏ, lá vàng bất thường, có mạng nhện, hoặc sâu đục thân.
*   **Giám sát thời tiết:**
    *   Theo dõi dự báo thời tiết. Nếu có mưa lớn kéo dài hoặc độ ẩm tăng cao đột ngột, cần tăng cường kiểm tra vì đây là điều kiện thuận lợi cho nấm bệnh (như thán thư, đốm lá) bùng phát.
*   **Vệ sinh vườn:**
    *   Thu gom và tiêu hủy kịp thời các lá rụng, cành khô, quả rụng để loại bỏ nguồn bệnh tiềm ẩn.
*   **Xây dựng hàng rào sinh học:**
    *   Trồng các loại cây cảnh quan hoặc cây có mùi hương xua đuổi sâu bệnh xung quanh vườn (nếu có điều kiện).

### Tóm lại:
**Không cần can thiệp bằng thuốc bảo vệ thực vật.** Hãy tiếp tục duy trì các biện pháp chăm sóc tốt hiện tại,",True,False,False,False,True,False
healthy_severity_0__WS_HIGH_HUMIDITY_FUNGAL,healthy,0,WS_HIGH_HUMIDITY_FUNGAL,"Chào bạn, với tư cách là chuyên gia tư vấn bệnh cây trồng, tôi xin đưa ra kết quả chẩn đoán và khuyến nghị cho vườn sầu riêng của bạn dựa trên hình ảnh và dữ liệu thời tiết hiện tại như sau:

### 1. Tóm tắt tình trạng bệnh
Lá sầu riêng của bạn đang ở trạng thái **khỏe mạnh (Healthy)**.
*   **Mức độ tổn thương:** 0% (Severity 0).
*   **Triệu chứng:** Lá xanh, nguyên vẹn. Không phát hiện thấy đốm bệnh, cháy lá, quầng vàng, xoăn lá hay vùng hoại tử nào trên bề mặt lá.

### 2. Tóm tắt thời tiết sắp tới
*   **Kịch bản:** Độ ẩm cao kéo dài trong 3 ngày tới.
*   **Mức độ rủi ro:** Tăng (increased).
*   **Lưu ý:** Mặc dù độ ẩm cao là điều kiện thuận lợi cho nhiều loại nấm bệnh phát triển, nhưng kịch bản này hiện chưa được xác định là nguy cơ đặc biệt trực tiếp đối với tình trạng ""lá khỏe mạnh"" trong cơ sở dữ liệu hiện tại. Do đó, chúng ta tiếp tục áp dụng các biện pháp quản lý tiêu chuẩn.

### 3. Việc cần làm ngay
*   **Hành động:** **Không cần phun thuốc hay xử lý bệnh ngay lúc này.**
*   **Lý do:** Vì lá đang hoàn toàn khỏe mạnh (0% tổn thương), việc sử dụng thuốc phòng ngừa không cần thiết và có thể gây lãng phí hoặc ảnh hưởng đến hệ sinh thái vườn. Tuy nhiên, do dự báo **độ ẩm cao kéo dài trong 3 ngày tới**, bạn cần đặc biệt chú ý đến việc **thoát nước** và **thông thoáng tán cây** ngay bây giờ để ngăn chặn môi trường ẩm ướt tích tụ, vốn là điều kiện lý tưởng cho mầm bệnh tiềm ẩn phát sinh sau này.

### 4. Quản lý
Để duy trì sức khỏe cho cây trong điều kiện độ ẩm cao, bạn cần:
*   Duy trì vệ sinh sạch sẽ trong vườn, loại bỏ cỏ dại và lá rụng mục nát.
*   Cắt tỉa cành để giữ cho tán cây thông thoáng, giúp gió lưu thông và giảm độ ẩm cục bộ bên trong tán.
*   Đảm bảo hệ thống thoát nước tốt, tránh tình trạng đọng nước quanh gốc cây.

### 5. Phòng ngừa
*   Tăng cường quan sát kỹ lá non, mặt dưới của lá già và các cây xung quanh.
*   Nếu bất ngờ xuất hiện các dấu hiệu bất thường như đốm lạ, cháy lá, xoăn lá hoặc đổi màu, hãy chụp ảnh lại ngay để đánh giá.

### 6. Theo dõi
*   Kiểm tra lại vườn cây định kỳ.
*   Đặc biệt cần kiểm tra kỹ sau những trận mưa hoặc trong giai đoạn cây ra đọt non, vì đây là thời điểm cây dễ bị tấn công nhất.

### 7. Cảnh báo
*   Kết quả chẩn đoán từ ảnh chỉ mang tính chất tham khảo và **không thay thế cho việc kiểm tra thực địa**.
*   Một số bệnh có thể đang ở giai đoạn rất sớm hoặc tiềm ẩn chưa biểu hiện rõ trên lá. Nếu bạn phát hiện bất kỳ triệu chứng mới nào trên cây, cần đánh giá lại ngay hoặc liên hệ với cán bộ kỹ thuật địa phương để được hỗ trợ trực tiếp.

---
**Nguồn tham khảo:**
• [S1] Durian leaf disease image dataset / Mendeley Data — https://data.mendeley.com/datasets/pxzvksbwnj/4
• [S2] Durian leaf disease dataset article / Data in Brief — https://www.sciencedirect.com/science/article/pii/S2352340925005724",True,False,False,False,True,False,"Chào anh/chị, với tư cách là chuyên gia tư vấn kỹ thuật cây trồng, tôi rất vui mừng khi nhận được thông tin về tình trạng vườn sầu riêng của anh/chị.

**Chẩn đoán:** Lá sầu riêng **KHỎE MẠNH**.
**Mức độ tổn thương:** 0%.

Đây là tình trạng **lý tưởng nhất** mà mọi nhà vườn đều mong muốn. Dưới đây là khuyến nghị chi tiết để duy trì và bảo vệ trạng thái này:

### 1. Nguyên nhân / Đặc điểm
*   **Không có bệnh:** Hiện tại, lá không biểu hiện bất kỳ triệu chứng nào của nấm (như đốm nâu, vòng tròn), vi khuẩn (vàng lá, thối mềm), virus (sọc lá, biến dạng) hay côn trùng gây hại (ăn lá, chích hút).
*   **Trạng thái sinh lý tốt:** Lá xanh bóng, dày, gân lá rõ ràng cho thấy cây đang hấp thu dinh dưỡng tốt, hệ rễ khỏe mạnh và môi trường sinh trưởng ổn định.

### 2. Biện pháp quản lý vườn (Duy trì sức khỏe)
Mục tiêu hiện tại là **duy trì** trạng thái khỏe mạnh và **ngăn ngừa** bệnh tật xâm nhập. Anh/chị nên tập trung vào các biện pháp canh tác bền vững:

*   **Quản lý nước:** Tưới nước đều đặn, tránh úng rễ (gây thối rễ dẫn đến vàng lá) hoặc hạn hán quá mức (gây rụng lá, suy yếu cây).
*   **Cắt tỉa thông thoáng:** Tiếp tục cắt tỉa các cành sâu bệnh, cành tăm, cành nằm ngang để tạo độ thông thoáng cho tán lá. Độ thông thoáng giúp giảm độ ẩm cục bộ, ngăn nấm bệnh phát triển.
*   **Vệ sinh vườn:** Dọn dẹp cỏ dại, lá rụng, quả rụng dưới tán cây. Đây là nơi ẩn náu của mầm bệnh và côn trùng gây hại.
*   **Bón cân đối:** Tiếp tục bón phân cân đối N-P-K kết hợp với vi lượng (đặc biệt là K, Ca, Mg, Bo, Zn) để duy trì độ bền của lá và khả năng kháng bệnh tự nhiên của cây.

### 3. Có cần phun thuốc hay không?
*   **KHÔNG CẦN PHUN THUỐC TRỪ BỆNH/ TRỪ SÂU.**
*   **Lý do:** Phun thuốc phòng ngừa khi cây khỏe mạnh và không có dấu hiệu dịch bệnh là **vô ích và có hại**.
    *   Gây lãng phí chi phí.
    *   Gây ô nhiễm môi trường, tiêu diệt thiên địch (ký sinh trùng, ong, nhện đỏ có lợi).
    *   Làm cây quen thuốc, dễ kháng thuốc khi thực sự cần dùng.
    *   Có thể gây tồn dư hóa chất trên lá, ảnh hưởng đến chất lượng quả sau này.

> **Lưu ý:** Nếu anh/chị muốn tăng cường sức đề kháng, có thể phun các chế phẩm sinh học hoặc dinh dưỡng lá (như Amino acid, Chitosan, nấm đối kháng Trichoderma/Bacillus) nhưng **không phải là thuốc hóa học trừ bệnh**.

### 4. Phòng ngừa và theo dõi
Dù hiện tại cây khỏe, nhưng bệnh có thể xuất hiện bất cứ lúc nào do thời tiết thay đổi (mưa nhiều, ẩm độ cao). Anh/chị cần:

*   **Kiểm tra định kỳ:**
    *   Kiểm tra lá 1 lần/tuần, đặc biệt là vào mùa mưa.
    *   Quan sát kỹ mặt dưới lá, nách lá, chồi non – nơi sâu bệnh thường tấn công đầu tiên.
*   **Theo dõi thời tiết:**
    *   Nếu dự báo mưa liên tục > 3 ngày, cần chuẩn bị sẵn sàng các biện pháp thoát nước và có thể phun phòng ngừa bằng chế phẩm sinh học (nếu vườn có lịch sử bệnh nặng).
*   **Cách ly nguồn bệnh:**
    *   Nếu có vườn lân cận bị bệnh, cần tăng cường vệ sinh rìa vườn, tạo hàng rào xanh hoặc phun thuốc phòng ngừa vùng đệm.
*   **Ghi chép nhật ký vườn:**
    *   Ghi lại ngày bón phân, tưới nước, và bất kỳ thay đổi nào trên cây. Điều này giúp truy vết nhanh nếu bệnh xuất hiện trong tương lai.

### ✅ Kết luận:
**Không cần xử lý gì thêm.** Hãy tiếp tục chăm sóc cây theo đúng quy trình canh tác tốt (GAP), duy trì vệ sinh vườn và theo dõi thường xuyên. Chúc anh/chị mùa vụ bội thu!

Nếu anh/chị phát hiện bất kỳ dấu hiệu bất thường nào (lá vàng, đốm nâu, cong queo...), hãy chụp ảnh và gửi lại để tôi tư vấn cụ thể hơn.",True,False,False,False,True,False
healthy_severity_0__WS_PROLONGED_WET_SEVERE,healthy,0,WS_PROLONGED_WET_SEVERE,"Chào bạn, với vai trò là chuyên gia tư vấn về bệnh cây trồng, tôi xin đưa ra kết quả chẩn đoán và khuyến nghị quản lý cho vườn sầu riêng của bạn dựa trên dữ liệu hình ảnh và kịch bản thời tiết hiện tại như sau:

### 1. Tóm tắt tình trạng bệnh
Cây sầu riêng của bạn hiện đang ở trạng thái **khỏe mạnh**.
*   **Chẩn đoán:** Lá khỏe (Healthy).
*   **Mức độ tổn thương:** 0% (Severity 0).
*   **Triệu chứng:** Lá xanh tốt, nguyên vẹn. Không phát hiện thấy các dấu hiệu bất thường như đốm bệnh, cháy lá, quầng vàng, xoăn lá hay vùng hoại tử.

### 2. Tóm tắt thời tiết sắp tới
Theo kịch bản dự báo, **tổng lượng mưa trong 3 ngày tới rất lớn**. Đây là điều kiện thời tiết có mức rủi ro cao đối với cây trồng do độ ẩm tăng cao và đất có nguy cơ bị úng nước.

### 3. Việc cần làm ngay
Mặc dù lá hiện tại không bị bệnh, nhưng do **dự báo mưa rất lớn trong 3 ngày tới**, bạn cần thực hiện ngay các biện pháp chủ động để phòng ngừa bệnh phát sinh do độ ẩm cao:
*   **Kiểm tra hệ thống thoát nước:** Đảm bảo rãnh thoát nước trong vườn thông thoáng, không bị tắc nghẽn để tránh tình trạng đất bị úng nước lâu ngày. Nước đọng là môi trường thuận lợi cho nấm bệnh và vi khuẩn phát triển, đặc biệt khi cây đang trong giai đoạn khỏe mạnh thì việc giữ chân khô ráo là yếu tố then chốt để duy trì sức khỏe bộ rễ.
*   **Không phun thuốc phòng ngừa bừa bãi:** Vì cây chưa có triệu chứng bệnh, việc ưu tiên hàng đầu là quản lý môi trường (thoát nước, thông thoáng) thay vì sử dụng hóa chất.

### 4. Quản lý
Để duy trì trạng thái khỏe mạnh cho cây trong điều kiện mưa lớn:
*   **Duy trì vệ sinh vườn:** Thu gom và tiêu hủy các cành lá rụng, cỏ dại xung quanh gốc cây để giảm nơi trú ẩn của mầm bệnh và côn trùng gây hại.
*   **Giữ tán thông thoáng:** Tỉa bỏ các cành sâu bệnh, cành tăm, cành vượt nằm sâu trong tán cây giúp ánh sáng và gió lưu thông tốt, giúp lá khô nhanh hơn sau mưa, giảm độ ẩm cục bộ trong tán cây.

### 5. Phòng ngừa
*   **Quan sát kỹ lưỡng:** Tập trung theo dõi các lá non, mặt dưới của lá già và các cây trồng xung quanh khu vực có địa hình thấp trũng.
*   **Ghi nhận triệu chứng:** Nếu xuất hiện bất kỳ dấu hiệu bất thường nào như đốm lá, cháy lá, xoăn lá hoặc đổi màu bất thường, hãy chụp ảnh lại ngay để theo dõi diễn biến.

### 6. Theo dõi
*   **Kiểm tra định kỳ:** Tiếp tục kiểm tra vườn cây thường xuyên.
*   **Đặc biệt chú ý sau mưa:** Sau khi cơn mưa lớn kết thúc, hãy kiểm tra kỹ tình trạng lá và đất. Giai đoạn ra đọt non là thời điểm cây dễ bị tấn công bởi bệnh hại nếu điều kiện ẩm ướt kéo dài, do đó cần đặc biệt lưu ý trong giai đoạn này.

### 7. Cảnh báo
*   Kết quả chẩn đoán từ hình ảnh chỉ mang tính chất tham khảo và không thay thế cho việc kiểm tra thực địa trực tiếp.
*   Một số bệnh có thể ở giai đoạn sớm hoặc tiềm ẩn chưa biểu hiện rõ trên lá. Nếu bạn phát hiện các triệu chứng mới hoặc tình trạng cây suy giảm sức khỏe bất thường, hãy liên hệ ngay với cán bộ kỹ thuật địa phương để được đánh giá và xử lý kịp thời.

### Nguồn tham khảo
*   [S1] Durian leaf disease image dataset / Mendeley Data — https://data.mendeley.com/datasets/pxzvksbwnj/4
*   [S2] Durian leaf disease dataset article / Data in Brief — https://www.sciencedirect.com/science/article/pii/S2352340925005724",True,False,False,False,True,False,"Chào bạn, với tư cách là chuyên gia tư vấn kỹ thuật cây trồng, tôi rất vui mừng khi nhận được thông tin này. Tình trạng **""Lá khỏe mạnh, 0% diện tích bị tổn thương""** là kết quả lý tưởng nhất mà bất kỳ nông dân trồng sầu riêng nào cũng mong muốn.

Dưới đây là khuyến nghị chi tiết cho tình huống này:

### 1. Nguyên nhân / Đặc điểm tình trạng
*   **Đặc điểm:** Lá sầu riêng có màu xanh đậm hoặc xanh thẫm (tùy giống), bề mặt lá nhẵn bóng, không có đốm nâu, đốm vàng, vết loét, hay sự biến dạng. Cuống lá chắc, không bị thối.
*   **Nguyên nhân:** Đây không phải là ""bệnh"" mà là **trạng thái sinh lý bình thường và khỏe mạnh**. Điều này cho thấy:
    *   Cây đang nhận đủ dinh dưỡng (đặc biệt là N, P, K và các vi lượng).
    *   Hệ thống rễ hoạt động tốt, hút nước và dinh dưỡng hiệu quả.
    *   Vườn cây hiện tại không có áp lực từ dịch hại chính (như rầy chổng cánh, nhện đỏ, nấm gây đốm lá, thán thư, v.v.).
    *   Chế độ chăm sóc hiện tại của bà con đang rất hiệu quả.

### 2. Biện pháp quản lý vườn (Duy trì trạng thái khỏe mạnh)
Mục tiêu hiện tại là **duy trì** sức khỏe cho cây và **phòng ngừa** sự xâm nhập của sâu bệnh mới.

*   **Tưới nước:** Duy trì độ ẩm đất ổn định. Sầu riêng không chịu được úng nước nhưng cũng không thích khô hạn kéo dài. Tưới nhỏ giọt hoặc phun mưa là tốt nhất.
*   **Bón phân:** Tiếp tục lịch bón phân cân đối theo giai đoạn sinh trưởng (ra hoa, đậu trái, nuôi trái). Ưu tiên bón phân hữu cơ vi sinh để cải tạo đất và tăng sức đề kháng tự nhiên cho cây.
*   **Tỉa cành tạo tán:**
    *   Tỉa bỏ các cành sâu bệnh (nếu có phát hiện riêng lẻ), cành khô, cành vượt, cành nằm ngang hoặc chúc xuống đất để thông thoáng tán cây.
    *   Giữ cho tán cây thông thoáng giúp ánh sáng và gió lưu thông, giảm độ ẩm cục bộ – môi trường thuận lợi cho nấm bệnh phát triển.
*   **Vệ sinh vườn:**
    *   Làm cỏ sạch gốc, nhưng tránh làm đứt rễ.
    *   Thu gom và tiêu hủy (đốt hoặc chôn vùi xa vườn) các lá rụng, trái rụng để loại bỏ nguồn nấm bệnh tiềm ẩn.

### 3. Có cần phun thuốc hay không?
*   **Câu trả lời: KHÔNG CẦN PHUN THUỐC HÓA HỌC.**
*   **Lý do:** Phun thuốc khi cây khỏe mạnh và không có sâu bệnh là lãng phí tiền bạc, gây ô nhiễm môi trường, tiêu diệt thiên địch có lợi (như ong, bọ rùa, nhện ăn nhện...) và có thể gây kháng thuốc cho sâu bệnh trong tương lai.
*   **Khuyến nghị thay thế (nếu muốn tăng cường sức đề kháng):**
    *   Có thể phun **thuốc kích thích sinh trưởng** hoặc **phân bón lá** chứa các chất điều hòa sinh trưởng tự nhiên (như Amino acid, Humic acid, Chitosan) để tăng cường sức khỏe tổng thể cho cây, giúp lá dày hơn, cứng cáp hơn, kháng bệnh tốt hơn.
    *   Phun **nấm đối kháng** (như *Trichoderma*, *Bacillus subtilis*) định kỳ 15-20 ngày/lần như một biện pháp phòng ngừa sinh học, an toàn và không gây hại.

### 4. Phòng ngừa và theo dõi
Dù hiện tại cây khỏe mạnh, nhưng sầu riêng là cây dễ bị tấn công bởi nhiều loại sâu bệnh nếu điều kiện thời tiết thay đổi (mưa nhiều, độ ẩm cao).

*   **Theo dõi định kỳ:**
    *   Kiểm tra vườn ít nhất **1 lần/tuần**.
    *   Quan sát kỹ mặt dưới lá (nơi rầy chổng cánh, nhện đỏ thường ẩn náu).
    *   Kiểm tra cuống lá, thân cành non xem có dấu hiệu thối, chảy nhựa hay đốm lạ không.
*   **Phòng ngừa chủ động:**
    *   **Trồng cây chắn gió và cây bóng mát:** Giúp điều hòa vi khí hậu, giảm stress cho cây do nắng nóng hoặc gió mạnh.
    *   **Sử dụng bẫy dính màu vàng:** Treo bẫy dính màu vàng trong vườn để giám sát và bắt giữ các loài côn trùng cánh cứng, ruồi",True,False,False,False,True,False
healthy_severity_0__WS_PSYLLID_WARM_CONDITIONS,healthy,0,WS_PSYLLID_WARM_CONDITIONS,"Chào bạn, dựa trên kết quả phân tích hình ảnh và dữ liệu thời tiết hiện tại, tôi xin tư vấn cụ thể cho vườn sầu riêng của bạn như sau:

### 1. Tóm tắt tình trạng bệnh
Lá sầu riêng hiện tại đang ở trạng thái **khỏe mạnh**.
*   **Mức độ tổn thương:** 0% (Severity 0).
*   **Triệu chứng:** Lá xanh, nguyên vẹn, không có đốm bệnh, cháy lá, quầng vàng, xoăn lá hay vùng hoại tử nào.

### 2. Tóm tắt thời tiết sắp tới
*   **Dự báo:** Đêm ấm kéo dài trong 3 ngày tới.
*   **Rủi ro:** Điều kiện này **thuận lợi cho rầy chổng cánh (psyllid)** phát triển (mức rủi ro: tăng).
*   **Lưu ý:** Mặc dù kịch bản thời tiết này không thuộc nhóm nguy cơ đặc biệt đã xác định cho bệnh nấm/vi khuẩn trên lá trong cơ sở dữ liệu hiện tại, nhưng nó là yếu tố thuận lợi cho sâu hại. Do đó, chúng ta vẫn tiếp tục áp dụng các khuyến nghị quản lý và theo dõi tiêu chuẩn.

### 3. Việc cần làm ngay
*   **Hành động:** **Không cần phun thuốc hoặc xử lý bệnh ngay lập tức.**
*   **Lý do:** Vì lá hiện tại hoàn toàn khỏe mạnh (0% tổn thương), việc phun thuốc phòng ngừa không cần thiết lúc này. Tuy nhiên, do dự báo đêm ấm thuận lợi cho psyllid, bạn cần đặc biệt chú ý quan sát vì rầy chổng cánh thường tấn công đọt non và có thể gây hại gián tiếp hoặc làm lá suy yếu nếu mật độ cao.

### 4. Quản lý
Để duy trì tình trạng khỏe mạnh và giảm thiểu nguy cơ bệnh phát sinh sau này, bạn cần:
*   Duy trì vệ sinh vườn sạch sẽ, thu gom lá rụng, cành khô.
*   Cắt tỉa để giữ cho tán cây thông thoáng, giúp ánh sáng và gió lưu thông tốt.
*   Đảm bảo hệ thống thoát nước tốt, tránh úng nước trong vườn vì độ ẩm cao là điều kiện thuận lợi cho nhiều loại bệnh phát sinh.

### 5. Phòng ngừa
*   Tăng cường quan sát kỹ **lá non**, **mặt dưới lá** và các cây xung quanh.
*   Nếu phát hiện bất kỳ dấu hiệu bất thường nào như: xuất hiện đốm, cháy lá, xoăn lá hoặc đổi màu lá, hãy chụp ảnh lại để đánh giá kịp thời.

### 6. Theo dõi
*   Kiểm tra lại vườn định kỳ.
*   Đặc biệt cần kiểm tra kỹ sau những trận mưa hoặc trong giai đoạn cây ra đọt non, vì đây là thời điểm cây dễ bị sâu bệnh tấn công nhất.

### 7. Cảnh báo
*   Kết quả chẩn đoán từ ảnh ""healthy"" (khỏe mạnh) **không thay thế** cho việc kiểm tra thực địa kỹ lưỡng.
*   Một số bệnh có thể đang ở giai đoạn sớm hoặc tiềm ẩn chưa biểu hiện rõ trên ảnh.
*   Nếu bạn phát hiện triệu chứng mới hoặc tình trạng cây thay đổi, cần đánh giá lại hoặc liên hệ cán bộ kỹ thuật địa phương để được hỗ trợ xử lý chuyên sâu.

---
**Nguồn tham khảo:**
• [S1] Durian leaf disease image dataset / Mendeley Data — https://data.mendeley.com/datasets/pxzvksbwnj/4
• [S2] Durian leaf disease dataset article / Data in Brief — https://www.sciencedirect.com/science/article/pii/S2352340925005724",True,False,False,False,True,False,"Chào bạn, với tư cách là chuyên gia tư vấn nông nghiệp, tôi rất vui khi nhận được thông tin này. Việc cây sầu riêng của bạn đang trong tình trạng **lá khỏe mạnh (0% diện tích tổn thương)** là một tín hiệu cực kỳ tích cực. Điều này cho thấy hệ thống rễ và thân cây đang hoạt động tốt, cây có đủ dinh dưỡng và ít bị áp lực từ sâu bệnh.

Tuy nhiên, trong nông nghiệp, **""Phòng bệnh hơn chữa bệnh""** là nguyên tắc vàng, đặc biệt với cây sầu riêng vốn dễ bị tấn công bởi các bệnh hại lá như thán thư, cháy lá, hay rầy mềm. Dưới đây là khuyến nghị chi tiết cho tình huống hiện tại:

### 1. Nguyên nhân / Đặc điểm tình trạng
*   **Đặc điểm:** Lá có màu xanh đậm hoặc xanh tươi tùy giống, bề mặt lá láng bóng, không có đốm nâu, đốm vàng, không bị cháy mép, không bị cuốn lá hay xuất hiện dịch nhầy.
*   **Nguyên nhân:**
    *   Cây đang được chăm sóc đúng kỹ thuật (tưới nước, bón phân cân đối).
    *   Vườn cây có hệ thống thoát nước tốt, không bị úng ngập.
    *   Mật độ trồng hợp lý, thông thoáng, ánh sáng phân bố đều.
    *   Không có nguồn bệnh tiềm tàng hoặc đã được kiểm soát tốt từ trước.

### 2. Biện pháp quản lý vườn (Duy trì trạng thái khỏe mạnh)
Mục tiêu hiện tại là **duy trì** sức khỏe của cây và **ngăn chặn** sự xâm nhập của mầm bệnh mới.

*   **Tưới nước:**
    *   Duy trì độ ẩm đất ổn định, tránh tình trạng khô hạn đột ngột hoặc úng nước.
    *   Tưới vào buổi sáng sớm hoặc chiều mát, tránh tưới vào buổi trưa nắng gắt hoặc tối muộn (gây đọng nước trên lá, tạo điều kiện cho nấm phát triển).
*   **Bón phân:**
    *   Tiếp tục bón phân cân đối N-P-K theo giai đoạn sinh trưởng của cây.
    *   Bổ sung vi lượng (Kẽm, Magie, Bo) và hữu cơ (phân chuồng hoai, phân trùn quế) để tăng sức đề kháng tự nhiên cho cây.
    *   Hạn chế bón thừa phân Nitơ (N) vì sẽ làm lá non mềm, dễ bị sâu bệnh tấn công.
*   **Tỉa cành tạo tán:**
    *   Tỉa bỏ các cành sâu bệnh, cành khô, cành mọc quá dày đặc bên trong tán cây để tăng độ thông thoáng và ánh sáng.
    *   Cắt bỏ các lá già, lá bị che khuất hoàn toàn ánh sáng.
*   **Vệ sinh vườn:**
    *   Làm sạch cỏ xung quanh gốc (nhưng giữ lớp phủ hữu cơ để giữ ẩm).
    *   Thu gom và tiêu hủy các lá rụng, cành gãy trong vườn để loại bỏ nơi trú ẩn của sâu bệnh.

### 3. Có cần phun thuốc hay không?
*   **Câu trả lời:** **KHÔNG CẦN PHUN THUỐC HÓA HỌC CHỐNG BỆNH/SÂU** ngay lúc này.
*   **Lý do:**
    *   Phun thuốc khi không có bệnh là lãng phí chi phí.
    *   Dễ gây ra hiện tượng **kháng thuốc** ở sâu bệnh trong tương lai.
    *   Có thể gây hại cho các loài thiên địch (ong, kiến, bọ rùa...) đang giúp kiểm soát sâu hại tự nhiên.
    *   Gây tồn dư hóa chất không cần thiết trên cây và môi trường.

*   **Khuyến nghị thay thế (Phòng ngừa chủ động):**
    *   Nếu muốn tăng cường sức đề kháng, bạn có thể phun **thuốc sinh học** hoặc **chất kích thích tăng trưởng** (như Amino acid, Humic acid, Chitosan) theo định kỳ 15-20 ngày/lần. Những sản phẩm này giúp lá dày hơn, cứng cáp hơn, giảm khả năng bị sâu bệnh tấn công mà không gây hại cho môi trường.

### 4. Phòng ngừa và theo dõi
Dù cây đang khỏe, bạn vẫn cần duy trì chế độ quan sát thường xuyên:

*   **Kiểm tra định kỳ:**
    *   Quan sát lá non, lá già, mặt trên và mặt dưới lá ít nhất **1 lần/tuần**.
    *   Đặc biệt chú ý vào mùa mưa hoặc thời tiết ẩm ướt – thời điểm bệnh hại lá (như thán thư, cháy lá) dễ bùng phát.
*   **Dấu hiệu cảnh báo sớm cần lưu ý:**
    *   Xuất hiện đốm nâu nhỏ trên lá.
    *   Lá bị vàng",True,False,False,False,True,False
healthy_severity_0__WS_DRY_HOT_WATER_STRESS,healthy,0,WS_DRY_HOT_WATER_STRESS,"Chào bạn, với tư cách là chuyên gia tư vấn bệnh cây trồng, tôi xin đưa ra kết quả chẩn đoán và khuyến nghị quản lý cho vườn sầu riêng của bạn dựa trên dữ liệu hình ảnh và dự báo thời tiết hiện tại như sau:

### 1. Tóm tắt tình trạng bệnh
Lá sầu riêng hiện tại đang ở trạng thái **khỏe mạnh (Healthy)**.
*   **Mức độ tổn thương:** 0% (Severity 0).
*   **Triệu chứng:** Lá xanh, nguyên vẹn, không có dấu hiệu đốm bệnh, cháy lá, quầng vàng, xoăn lá hay vùng hoại tử.
*   **Kết luận:** Không cần xử lý thuốc bảo vệ thực vật ngay lúc này.

### 2. Tóm tắt thời tiết sắp tới
*   **Dự báo:** Nắng nóng kéo dài trong 3 ngày tới.
*   **Mức độ rủi ro:** Cảnh báo stress nước (caution_water_stress).
*   **Tác động:** Mặc dù nắng nóng không trực tiếp gây ra các bệnh nấm/virus trong cơ sở dữ liệu, nhưng nó khiến cây bị thiếu nước, suy yếu hệ miễn dịch và trở nên dễ mẫn cảm hơn với sâu bệnh tấn công sau này.

### 3. Việc cần làm ngay
**Hành động chính: Đảm bảo tưới nước đầy đủ và đều đặn.**

*   **Lý do:** Do dự báo **nắng nóng kéo dài trong 3 ngày tới**, cây sầu riêng sẽ mất nước nhanh qua quá trình thoát hơi nước. Nếu để cây thiếu nước kéo dài, cây sẽ bị stress, suy giảm sức đề kháng và tạo điều kiện thuận lợi cho sâu bệnh tấn công khi thời tiết thay đổi hoặc khi cây yếu đi.
*   **Lưu ý:** Tưới nước vào buổi sáng sớm hoặc chiều mát để tránh làm tăng nhiệt độ bề mặt lá và giảm thất thoát nước do bốc hơi.

### 4. Quản lý
*   Duy trì vệ sinh vườn tược, loại bỏ cỏ dại và tàn dư thực vật.
*   Cắt tỉa cành để giữ cho tán cây thông thoáng, giúp ánh sáng và không khí lưu thông tốt, giảm độ ẩm cục bộ gây bất lợi cho nấm bệnh.
*   Đảm bảo hệ thống thoát nước trong vườn tốt để tránh úng rễ, đặc biệt quan trọng nếu có mưa sau giai đoạn nắng nóng.

### 5. Phòng ngừa
*   Tăng cường quan sát kỹ lá non, mặt dưới lá và các cây xung quanh khu vực này.
*   Nếu phát hiện bất thường như đốm lá, cháy lá, xoăn lá hoặc đổi màu bất thường, hãy chụp ảnh lại ngay để theo dõi diễn biến.

### 6. Theo dõi
*   Kiểm tra lại vườn cây định kỳ.
*   Đặc biệt chú ý kiểm tra kỹ sau những cơn mưa hoặc trong giai đoạn cây ra đọt non mới, vì đây là thời điểm cây dễ bị tổn thương nhất.

### 7. Cảnh báo
*   Kết quả chẩn đoán từ ảnh chỉ mang tính chất tham khảo và **không thay thế cho việc kiểm tra thực địa** bởi cán bộ kỹ thuật.
*   Một số bệnh có thể đang ở giai đoạn sớm hoặc tiềm ẩn chưa biểu hiện rõ trên lá. Nếu bạn phát hiện triệu chứng mới hoặc tình trạng cây suy yếu bất thường, vui lòng liên hệ với cán bộ kỹ thuật địa phương để được đánh giá và xử lý kịp thời.

---
**Nguồn tham khảo:**
• [S1] Durian leaf disease image dataset / Mendeley Data — https://data.mendeley.com/datasets/pxzvksbwnj/4
• [S2] Durian leaf disease dataset article / Data in Brief — https://www.sciencedirect.com/science/article/pii/S2352340925005724
• [W1] Iowa State University Extension: It Takes Three to Make a Plant Sick (Disease Triangle) — https://www.extension.iastate.edu/news/2007/jan/071001.htm",True,False,False,False,False,False,"Chào bạn, với tư cách là chuyên gia tư vấn kỹ thuật cây trồng, tôi rất vui mừng khi nhận được thông tin rằng vườn sầu riêng của bạn đang trong tình trạng **lá khỏe mạnh, không có dấu hiệu bệnh lý**. Đây là kết quả của một quy trình chăm sóc tốt và là nền tảng vững chắc để cây phát triển và cho năng suất cao.

Dưới đây là khuyến nghị chi tiết cho tình huống này:

### 1. Nguyên nhân / Đặc điểm tình trạng
*   **Đặc điểm:** Lá sầu riêng có màu xanh đậm hoặc xanh thẫm tùy giống, bề mặt lá bóng mượt, không có đốm nâu, đốm vàng, phấn trắng, hoặc hiện tượng cháy lá, úa lá. Cuống lá chắc khỏe, không bị thối.
*   **Nguyên nhân:** Tình trạng này cho thấy hệ thống miễn dịch của cây đang hoạt động tốt, cân bằng dinh dưỡng (đặc biệt là N, P, K và các vi lượng như Mg, Fe) được duy trì ổn định, và môi trường vườn cây ít áp lực từ sâu bệnh hại.

### 2. Biện pháp quản lý vườn (Duy trì sức khỏe)
Mục tiêu hiện tại là **duy trì** trạng thái khỏe mạnh này và **phòng ngừa** sự xâm nhập của mầm bệnh mới.

*   **Quản lý nước:** Đảm bảo tưới nước đều đặn, tránh tình trạng ngập úng (gây thối rễ, ảnh hưởng gián tiếp đến lá) hoặc khô hạn kéo dài (gây rụng lá, stress cây). Sầu riêng cần ẩm độ đất ổn định.
*   **Quản lý dinh dưỡng:**
    *   Tiếp tục bón phân cân đối theo giai đoạn sinh trưởng của cây (ra hoa, đậu quả, nuôi trái).
    *   Chú ý bổ sung các loại phân hữu cơ vi sinh và phân bón lá chứa vi lượng (đặc biệt là Magie - Mg và Mangan - Mn) để lá xanh bền vững, tăng khả năng quang hợp.
*   **Quản lý tán cây:**
    *   Tỉa cành hợp lý để tán cây thông thoáng, ánh sáng xuyên qua được, giảm độ ẩm cục bộ trong tán (nơi nấm bệnh dễ phát triển).
    *   Loại bỏ các cành khô, cành sâu bệnh (nếu có) ngay lập tức.
*   **Vệ sinh vườn:**
    *   Làm cỏ sạch sẽ, đặc biệt là vùng gốc và xung quanh tán cây để hạn chế nơi trú ẩn của sâu bệnh và nấm.
    *   Thu gom và tiêu hủy các lá rụng, cành gãy dưới gốc cây.

### 3. Có cần phun thuốc hay không?
*   **Kết luận:** **KHÔNG CẦN** phun thuốc trừ bệnh hay thuốc trừ sâu hóa học lúc này.
*   **Lý do:** Phun thuốc khi cây khỏe mạnh là lãng phí chi phí, gây ô nhiễm môi trường, tiêu diệt các sinh vật có ích (như ong thụ phấn, thiên địch), và có thể gây kháng thuốc cho sâu bệnh về sau.
*   **Khuyến nghị thay thế (nếu muốn tăng cường sức đề kháng):**
    *   Bạn có thể phun **phân bón lá** hoặc **chất kích thích sinh trưởng** (như Amino acid, Humic acid, hoặc các chế phẩm sinh học chứa nấm đối kháng Trichoderma, Bacillus) để tăng cường sức khỏe tổng thể cho cây, giúp lá dày hơn, cứng cáp hơn, từ đó tự nhiên kháng lại bệnh tật. Đây không phải là ""thuốc chữa bệnh"" mà là ""thuốc bổ"".

### 4. Phòng ngừa và theo dõi
Dù hiện tại cây khỏe, nhưng sầu riêng rất nhạy cảm với các bệnh như **thán thư**, **nấm hồng**, **rỉ sắt**, và sâu **bọ trĩ**, **rệp sáp**. Do đó, cần có kế hoạch phòng ngừa chủ động:

*   **Kiểm tra định kỳ:**
    *   Kiểm tra lá cây ít nhất **1 lần/tuần**, đặc biệt là vào buổi sáng sớm hoặc chiều mát.
    *   Tập trung quan sát mặt dưới lá, nách lá, và các lá non (vốn dễ bị sâu bệnh tấn công nhất).
*   **Theo dõi thời tiết:**
    *   Bệnh nấm (như thán thư, nấm hồng) phát triển mạnh trong điều kiện ẩm ướt, mưa nhiều. Nếu dự báo mưa lớn liên tục, hãy chuẩn bị sẵn sàng các biện pháp phòng ngừa (như phun nấm đối kháng Trichoderma phòng ngừa).
    *   Tránh tưới nước vào buổi chiều tối để lá khô nhanh trước khi đêm đến, giảm nguy cơ nấm bệnh.
*   **Cảnh báo sớm:**
    *   Nếu phát hiện bất kỳ đốm nhỏ, vết lạ, hoặc sự xuất hiện của côn trùng lạ, hãy cách ly",True,False,False,False,True,False
algal_severity_1__WS_NORMAL,algal,1,WS_NORMAL,"Chào bạn, với vai trò là chuyên gia tư vấn bệnh cây trồng, tôi xin đưa ra lời khuyên dựa trên kết quả chẩn đoán và tình hình thời tiết hiện tại như sau:

### 1. Tóm tắt tình trạng bệnh
Cây sầu riêng của bạn đang mắc bệnh **Đốm tảo lá (Algal leaf spot)**, còn gọi là bệnh gỉ sắt đỏ hoặc mốc xanh.
*   **Tác nhân:** Do tảo ký sinh *Cephaleuros spp.* (đặc biệt là *C. virescens*) gây ra.
*   **Triệu chứng:** Trên lá xuất hiện các đốm tròn màu xanh, cam hoặc nâu rỉ sắt. Các đốm này có thể hơi gồ lên bề mặt lá.
*   **Mức độ nghiêm trọng:** **Nhẹ (Severity 1)**. Chỉ có hơn 0–10% diện tích bề mặt lá bị tổn thương. Hiện tại bệnh chưa ảnh hưởng lớn đến khả năng quang hợp của cây.

### 2. Tóm tắt thời tiết sắp tới
Hiện tại và dự báo thời tiết ở mức **bình thường**, không có các yếu tố đặc biệt (như mưa lớn kéo dài hay độ ẩm cực cao bất thường) làm tăng nguy cơ bùng phát bệnh. Điều kiện thời tiết hiện tại không tạo áp lực lớn cho sự lây lan của bệnh.

### 3. Việc cần làm ngay
*   **Hành động:** Quan sát kỹ các đốm tảo nhỏ trên lá, kiểm tra xem chúng có tăng số lượng hay có xu hướng hợp lại thành mảng lớn không.
*   **Lý do:** Vì thời tiết hiện tại ổn định và mức độ bệnh còn nhẹ (dưới 10%), nên ưu tiên theo dõi diễn biến tự nhiên. Việc kiểm tra giúp xác định xem bệnh có tiến triển nặng hơn hay không, từ đó quyết định có cần can thiệp mạnh hơn hay không.

### 4. Quản lý
*   **Tạo thông thoáng:** Tỉa cành để tán cây thông thoáng, giảm độ ẩm cục bộ trong tán.
*   **Giảm độ ẩm lá:** Hạn chế tình trạng lá bị ướt kéo dài (ví dụ: tránh tưới nước lên lá vào buổi tối).
*   **Xử lý lá bệnh:** Chỉ tiến hành loại bỏ lá bị ảnh hưởng nếu thấy vết bệnh mở rộng hoặc xuất hiện nhiều hơn. Với mức độ nhẹ hiện tại, chưa cần thiết phải tỉa lá hàng loạt.

### 5. Phòng ngừa
*   **Duy trì sức khỏe cây:** Chăm sóc tốt để cây khỏe mạnh, hạn chế để tán quá rậm rạp.
*   **Vệ sinh vườn:** Tăng cường vệ sinh vườn, thu gom và tiêu hủy lá/cành bị bệnh để giảm nguồn lây nhiễm cho các cây khác.

### 6. Theo dõi
*   **Thời điểm:** Đặc biệt chú ý theo dõi sau các đợt mưa hoặc trong giai đoạn ẩm ướt kéo dài.
*   **Cách thức:** Ghi nhận lại các cây/lá bị ảnh hưởng để so sánh sự tiến triển của bệnh trong thời gian tới.

### 7. Cảnh báo
*   **Không tự ý dùng thuốc:** Tuyệt đối không tự sử dụng các chế phẩm hóa học nếu chưa có khuyến cáo cụ thể từ cán bộ kỹ thuật địa phương. Việc lạm dụng thuốc khi bệnh còn nhẹ và thời tiết bình thường có thể gây lãng phí và ảnh hưởng đến môi trường.

---
**Nguồn tham khảo:**
• [S3] Clemson Extension: Algal Leaf Spot — https://hgic.clemson.edu/factsheet/algal-leaf-spot/
• [S4] CTAHR University of Hawaiʻi: Cephaleuros species, the plant-parasitic green algae — https://www.ctahr.hawaii.edu/oc/freepubs/pdf/pd-43.pdf
• [S5] Plantix: Algal Leaf Spot — https://plantix.net/en/library/plant-diseases/800004/algal-leaf-spot/
• [S6] IR-4 Environmental Horticulture Program: Algal Leaf Spot Efficacy Summary — https://ir4.cals.ncsu.edu/ehc/RegSupport/ResearchSummary/AlgalLeafSpotEfficacySummary2019.pdf
• [S7] Thep Watana: Durian disease - Algal spot — https://thepwatana.com/en/blog/durian-disease-algal-spot/",True,False,False,False,False,False,"Chào bạn, với tư cách là chuyên gia tư vấn kỹ thuật cây trồng, tôi xin đưa ra khuyến nghị chi tiết cho tình huống **Bệnh tảo lục (Algal Leaf Spot)** trên cây sầu riêng với mức độ nhiễm nhẹ (<10% diện tích lá).

Đây là một bệnh khá phổ biến nhưng thường bị nhầm lẫn với bệnh đốm lá do nấm hoặc vi khuẩn. Ở mức độ nhẹ như hiện tại, chúng ta có thể kiểm soát tốt mà không cần can thiệp hóa học mạnh ngay lập tức.

---

### 1. Nguyên nhân và Đặc điểm bệnh

*   **Tác nhân gây bệnh:** Do tảo lục thuộc chi *Cephaleuros* (thường gặp nhất là *Cephaleuros virescens*). Đây không phải là nấm hay vi khuẩn, mà là một loại tảo ký sinh trên bề mặt lá.
*   **Điều kiện thuận lợi:** Bệnh phát triển mạnh trong điều kiện:
    *   Độ ẩm không khí cao (>85%).
    *   Nhiệt độ mát mẻ (20–25°C).
    *   Vườn cây rậm rạp, thiếu ánh sáng, thông gió kém.
    *   Cây suy yếu, thiếu dinh dưỡng (đặc biệt là thiếu Kali và Magie).
*   **Triệu chứng nhận biết:**
    *   Xuất hiện các đốm nhỏ màu xanh nhạt, sau chuyển sang màu nâu đỏ, xám hoặc trắng bạc.
    *   Đốm bệnh có viền màu nâu sẫm, trung tâm có thể có các hạt nhỏ li ti (bào tử tảo).
    *   Lá bị nhiễm nặng sẽ rụng sớm, làm giảm khả năng quang hợp của cây.

---

### 2. Biện pháp quản lý vườn (Ưu tiên hàng đầu)

Vì mức độ nhiễm nhẹ, biện pháp canh tác là chìa khóa để ngăn bệnh lan rộng:

*   **Tạo thông thoáng:**
    *   Tỉa cành nhánh, cành vượt, cành khô, cành sâu bệnh để tăng cường ánh sáng và gió lưu thông trong tán cây.
    *   Cắt bỏ các lá bị nhiễm bệnh nặng (nếu có) và tiêu hủy (đốt hoặc chôn vùi), không để lại dưới gốc.
*   **Quản lý nước tưới:**
    *   Tránh tưới nước lên tán lá vào buổi tối hoặc khi trời âm u.
    *   Tưới vào buổi sáng để lá khô nhanh trước khi đêm xuống.
*   **Bón phân cân đối:**
    *   Tăng cường bón **Kali (K)** và **Magie (Mg)** để tăng sức đề kháng của lá.
    *   Hạn chế bón thừa Đạm (N) vì sẽ làm cây sinh trưởng quá mức, lá non mềm yếu, dễ bị tảo tấn công.
    *   Bón vôi hoặc phân hữu cơ vi sinh để cải tạo đất, cân bằng pH.

---

### 3. Có cần phun thuốc hay không? Phun gì?

**Câu trả lời: Ở mức độ <10%, KHÔNG CẦN PHUN THUỐC HÓA HỌC NGAY LẬP TỨC.**

*   **Lý do:** Bệnh ở giai đoạn đầu, diện tích nhỏ. Việc phun thuốc ngay lúc này có thể gây lãng phí, tăng chi phí và tạo áp lực chọn lọc cho mầm bệnh. Biện pháp canh tác (tỉa cành, bón phân) thường đủ để cây tự phục hồi và ngăn bệnh lan.
*   **Khi nào cần phun thuốc?**
    *   Nếu sau 2–3 tuần áp dụng biện pháp canh tác, bệnh vẫn lan rộng (>10–15% diện tích lá).
    *   Nếu thời tiết tiếp tục ẩm ướt, mưa nhiều kéo dài.
    *   Nếu chuẩn bị ra hoa, cần bảo vệ lá để đảm bảo năng suất.

**Nếu bắt buộc phải phun (hoặc phòng ngừa khi bệnh có dấu hiệu lan), hãy sử dụng các loại thuốc sau:**

1.  **Thuốc đặc hiệu chống tảo (Ưu tiên):**
    *   **Đồng (Cu):** Các chế phẩm chứa đồng như **Bordeux 1%**, **Copper Hydroxide**, **Mancozeb + Copper**. Đồng là thành phần hiệu quả nhất để tiêu diệt tảo.
    *   *Lưu ý:* Phun vào lúc trời mát, không nắng gắt. Không phun khi cây đang ra hoa non hoặc trái non nếu nồng độ cao.

2.  **Thuốc sinh học / Hỗ trợ:**
    *   **Trichoderma, Bacillus subtilis:** Giúp cân bằng hệ vi sinh trên lá, cạnh tranh với tảo.
    *   **Dầu khoáng (Mineral Oil):** Phun với nồng độ thấp (0.5–1%) để bao phủ bề mặt lá, ngăn tảo bám và phát triển. *Lưu",True,True,False,True,True,True
algal_severity_1__WS_RAIN_SPORE_DISPERSAL,algal,1,WS_RAIN_SPORE_DISPERSAL,"Chào bạn, tôi là chuyên gia tư vấn bệnh cây trồng. Dựa trên chẩn đoán và dữ liệu thời tiết hiện tại, dưới đây là tư vấn chi tiết cho vườn sầu riêng của bạn:

### 1. Tóm tắt tình trạng bệnh
Cây sầu riêng của bạn đang mắc bệnh **Đốm lá tảo (Algal leaf spot)**, còn được gọi là bệnh gỉ sắt đỏ hoặc vảy xanh.
*   **Nguyên nhân:** Do loại tảo ký sinh *Cephaleuros spp.* (đặc biệt là *Cephaleuros virescens*) gây ra.
*   **Triệu chứng:** Trên lá xuất hiện các đốm tròn màu xanh, cam hoặc nâu rỉ sắt. Các đốm này có thể hơi gồ lên bề mặt lá.
*   **Mức độ nghiêm trọng:** **Nhẹ (Severity 1)**. Hiện tại, diện tích lá bị tổn thương chỉ chiếm từ 0–10%. Bệnh chưa gây ảnh hưởng lớn đến khả năng quang hợp của cây nhưng cần theo dõi để tránh lây lan.

### 2. Tóm tắt thời tiết sắp tới
*   **Dự báo:** Có **mưa đáng kể** trong 3 ngày tới.
*   **Rủi ro:** Mức độ rủi ro **tăng cao (increased)**.
*   **Tác động:** Lượng mưa và độ ẩm cao tạo điều kiện thuận lợi cho bào tử nấm/tảo phát tán và nảy mầm, làm tăng nguy cơ bệnh đốm lá/cháy lá lan rộng.

### 3. Việc cần làm ngay
Do dự báo có mưa đáng kể trong vài ngày tới, bạn cần thực hiện ngay các hành động sau để hạn chế lây lan bệnh:

*   **Kiểm tra lá sau mỗi đợt mưa:** Mưa giúp phát tán bào tử gây bệnh. Hãy quan sát kỹ lá sau khi mưa tạnh để xem các đốm bệnh có tăng số lượng hoặc hợp lại thành mảng lớn không.
*   **Không cắt tỉa hoặc di chuyển trong tán cây khi lá còn ướt:** Việc này dễ làm vết thương hở và lây lan mầm bệnh từ lá này sang lá khác, từ cây này sang cây khác.
*   **Đảm bảo vườn thoát nước tốt:** Tránh tình trạng úng nước quanh gốc, vì độ ẩm cao kéo dài là môi trường lý tưởng cho bệnh phát triển.

### 4. Quản lý
*   **Cải thiện thông thoáng tán cây:** Tán cây quá rậm rạp sẽ giữ ẩm lâu, tạo điều kiện cho bệnh phát triển. Hãy tỉa thưa những cành lá bị che khuất ánh sáng (chỉ làm khi thời tiết khô ráo).
*   **Giảm tình trạng lá ướt kéo dài:** Hạn chế tưới nước lên tán lá, ưu tiên tưới gốc.
*   **Loại bỏ lá bệnh:** Chỉ nhặt bỏ những lá bị ảnh hưởng nặng hoặc có dấu hiệu vết bệnh mở rộng, xuất hiện nhiều đốm. Không cần loại bỏ tất cả lá có đốm nhỏ nếu mức độ còn nhẹ.

### 5. Phòng ngừa
*   **Duy trì sức khỏe cây trồng:** Cây khỏe mạnh sẽ có khả năng kháng bệnh tốt hơn. Đảm bảo dinh dưỡng cân đối.
*   **Hạn chế tán quá rậm:** Thường xuyên tỉa cành để ánh sáng và gió lưu thông tốt trong tán.
*   **Vệ sinh vườn:** Thu gom và tiêu hủy lá, cành bị bệnh rơi rụng để giảm nguồn lây nhiễm cho vụ sau.

### 6. Theo dõi
*   **Theo dõi sát sau các đợt mưa hoặc giai đoạn ẩm kéo dài:** Đây là thời điểm bệnh dễ bùng phát nhất.
*   **Ghi nhận tiến triển:** Đánh dấu các cây/lá bị ảnh hưởng để so sánh xem bệnh có lan rộng hay thuyên giảm theo thời gian.

### 7. Cảnh báo
*   **Không tự ý dùng chế phẩm hóa học:** Vui lòng không phun thuốc trừ nấm/tảo bừa bãi nếu chưa có khuyến cáo cụ thể từ cán bộ kỹ thuật địa phương. Việc dùng thuốc sai cách có thể gây hại cho cây và môi trường.
*   **Liên hệ chuyên gia:** Nếu bệnh có dấu hiệu nặng hơn (diện tích lá bị tổn thương >10%) hoặc lan nhanh bất thường, hãy liên hệ ngay với cán bộ kỹ thuật nông nghiệp địa phương để được hỗ trợ xử lý đúng cách.

---

**Nguồn tham khảo:**
• [S3] Clemson Extension: Algal Leaf Spot — https://hgic.clemson.edu/factsheet/algal-leaf-spot/
• [S4] CTAHR University of Hawaiʻi: Cephaleuros species, the plant-parasitic green algae — https://www.ctahr.hawaii.edu/oc/freepubs/pdf/pd-43.pdf
• [S5] Plantix: Algal Leaf Spot — https://plantix.net/en/library/plant",True,False,False,False,True,False,"Chào bác/nông dân, với tư cách là chuyên gia tư vấn bệnh cây trồng, tôi xin đưa ra khuyến nghị chi tiết cho tình huống **Bệnh tảo lục (Algal leaf spot)** trên cây sầu riêng ở mức độ **nhẹ (<10% diện tích lá)**.

Đây là mức độ bệnh còn ở giai đoạn đầu hoặc khu trú, chưa gây ảnh hưởng nghiêm trọng đến năng suất nếu được quản lý đúng cách. Dưới đây là phác đồ xử lý:

### 1. Nguyên nhân và Đặc điểm bệnh

*   **Tác nhân gây bệnh:** Do tảo lục (thường là loài *Cephaleuros virescens*) ký sinh trên bề mặt lá. Đây không phải là nấm hay vi khuẩn, mà là một loại tảo đơn bào.
*   **Đặc điểm nhận dạng:**
    *   Xuất hiện các đốm nhỏ màu xanh lá cây, xám xanh hoặc nâu đỏ trên mặt lá (thường là mặt dưới lá trước, sau lan lên mặt trên).
    *   Các đốm này có thể sờ thấy hơi sần sùi, nổi lên so với bề mặt lá.
    *   Về lâu dài, các đốm này làm giảm khả năng quang hợp của lá, khiến lá vàng và rụng sớm nếu không kiểm soát.
*   **Nguyên nhân bùng phát:**
    *   Vườn cây quá rậm rạp, thiếu ánh sáng và thông gió kém.
    *   Độ ẩm không khí cao, mưa nhiều hoặc tưới nước phun sương trực tiếp lên lá vào buổi tối.
    *   Thiếu hụt dinh dưỡng, đặc biệt là thiếu Kali (K) và Magie (Mg), làm cây suy yếu, dễ bị tảo tấn công.

### 2. Biện pháp quản lý vườn (Ưu tiên hàng đầu)

Vì mức độ bệnh còn nhẹ, biện pháp cơ học và quản lý môi trường là quan trọng nhất để ngăn chặn lây lan:

*   **Tỉa cành, tạo tán:**
    *   Cắt bỏ các cành sâu bệnh, cành tăm, cành nằm sâu trong tán cây để tăng cường ánh sáng và gió lưu thông.
    *   Mục tiêu: Làm khô lá nhanh hơn sau mưa, giảm độ ẩm cục bộ trong tán cây.
*   **Quản lý nước tưới:**
    *   Hạn chế tưới nước phun lên tán lá, đặc biệt là vào buổi chiều tối.
    *   Ưu tiên tưới gốc, giữ ẩm cho đất nhưng đảm bảo lá khô ráo.
*   **Vệ sinh vườn:**
    *   Thu gom và tiêu hủy các lá rụng có đốm tảo (đốt hoặc chôn vùi) để giảm nguồn lây lan.
    *   Làm cỏ sạch gốc, tránh cỏ dại giữ ẩm và tạo nơi ẩn náu cho tảo.

### 3. Có cần phun thuốc không? Phun gì?

**Câu trả lời: Có thể chưa cần phun thuốc hóa học mạnh ngay lập tức, nhưng nên phun thuốc sinh học hoặc đồng bo (Cu) để kiểm soát và ngăn ngừa lây lan.**

Vì mức độ bệnh <10%, việc lạm dụng thuốc hóa học mạnh có thể gây hại cho hệ vi sinh vật đất và gây kháng thuốc. Khuyến nghị như sau:

#### A. Giai đoạn đầu (Ưu tiên): Phun thuốc sinh học hoặc chế phẩm đồng nhẹ
*   **Thuốc sinh học:** Sử dụng các chế phẩm chứa vi khuẩn đối kháng hoặc nấm đối kháng (ví dụ: *Bacillus subtilis*, *Trichoderma*) để cạnh tranh với tảo.
*   **Đồng Bo (Copper):** Phun **Đồng Bo (CuSO4)** hoặc **Bordeaux** với nồng độ thấp (theo hướng dẫn trên bao bì, thường là 0.1–0.2%). Đồng có tác dụng diệt tảo hiệu quả và an toàn hơn so với thuốc hóa học mạnh.
    *   *Lưu ý:* Phun vào buổi sáng sớm hoặc chiều mát, tránh phun khi trời nắng gắt để tránh cháy lá.

#### B. Nếu bệnh có dấu hiệu lan rộng (sau 7–10 ngày):
*   Nếu sau khi phun đồng bo và quản lý vườn mà bệnh vẫn lan, có thể sử dụng thuốc hóa học chuyên dụng chống tảo như:
    *   **Mancozeb** hoặc **Maneb** (liên kết với đồng bo).
    *   **Chlorothalonil** (nếu cần thiết, nhưng cần tuân thủ thời gian cách ly).
    *   *Lưu ý:* Luân phiên các hoạt chất để tránh kháng thuốc.

### 4. Phòng ngừa và Theo dõi

*   **Bổ sung dinh dưỡng:**
    *   Tăng cường bón phân hữu cơ, phân kali (K) và magie (Mg) để tăng sức đề kháng cho cây. Cây khỏe sẽ ít bị tảo tấn công hơn.
   ",True,True,False,False,True,True
algal_severity_1__WS_HIGH_HUMIDITY_FUNGAL,algal,1,WS_HIGH_HUMIDITY_FUNGAL,"Chào bạn, tôi là chuyên gia tư vấn bệnh cây trồng. Dựa trên kết quả chẩn đoán và dữ liệu thời tiết hiện tại, dưới đây là báo cáo chi tiết và hướng dẫn xử lý cho vườn sầu riêng của bạn.

### 1. Tóm tắt tình trạng bệnh
Cây sầu riêng của bạn đang mắc bệnh **Đốm lá tảo (Algal leaf spot)**, còn được gọi là bệnh gỉ sắt đỏ hoặc vảy xanh.
*   **Tác nhân gây bệnh:** Do tảo ký sinh, chủ yếu là loài *Cephaleuros virescens*.
*   **Triệu chứng nhận biết:** Trên lá xuất hiện các đốm tròn màu xanh, cam hoặc nâu giống màu rỉ sắt. Các đốm này có thể hơi gồ lên bề mặt lá.
*   **Mức độ nghiêm trọng:** **Nhẹ (Severity 1)**. Hiện tại, diện tích lá bị tổn thương chiếm từ 0–10%. Bệnh chưa gây ảnh hưởng lớn đến khả năng quang hợp của cây nhưng cần được kiểm soát để tránh lây lan.

### 2. Tóm tắt thời tiết sắp tới
*   **Dự báo:** Độ ẩm không khí duy trì ở mức **cao** trong 3 ngày tới.
*   **Rủi ro:** Mức rủi ro **tăng cao (increased)**. Điều kiện độ ẩm cao kéo dài là môi trường thuận lợi để nấm bệnh đốm lá và các bệnh cháy lá phát sinh hoặc lan rộng nhanh hơn.

### 3. Việc cần làm ngay
Do dự báo độ ẩm cao kéo dài trong 3 ngày tới tạo điều kiện thuận lợi cho mầm bệnh phát triển, bạn cần thực hiện ngay các hành động sau:

*   **Kiểm tra kỹ tán lá:** Tăng tần suất quan sát, đặc biệt chú ý kiểm tra **mặt dưới lá** để phát hiện sớm các đốm tảo nhỏ. Theo dõi xem số lượng đốm có tăng lên hay có xu hướng hợp lại thành mảng lớn không.
*   **Cải thiện thông thoáng:** Tỉa bớt cành lá rậm rạp để tăng độ thông thoáng cho tán cây, giúp giảm độ ẩm cục bộ trong tán và hạn chế môi trường ẩm ướt mà tảo thích nghi.
*   **Điều chỉnh chế độ tưới:** **Tránh tưới nước làm ướt lá vào buổi chiều hoặc tối.** Nên tưới vào buổi sáng sớm để lá có thời gian khô ráo trước khi trời tối, giảm thời gian lá ướt – yếu tố then chốt giúp ngăn chặn sự phát triển của tảo và nấm bệnh.

### 4. Quản lý
*   **Vệ sinh vườn:** Chỉ loại bỏ những lá bị ảnh hưởng nặng hoặc khi vết bệnh có dấu hiệu mở rộng, xuất hiện nhiều. Việc này giúp giảm nguồn lây lan bệnh trong vườn.
*   **Hạn chế tình trạng lá ướt:** Duy trì thói quen tưới nước đúng cách, tránh làm ướt tán lá trong thời gian dài, đặc biệt là trong giai đoạn độ ẩm cao.

### 5. Phòng ngừa
*   **Duy trì sức khỏe cây trồng:** Chăm sóc cây khỏe mạnh, bón phân cân đối để tăng sức đề kháng.
*   **Quản lý tán cây:** Hạn chế để tán cây quá rậm rạp, thường xuyên tỉa cành tạo tán để đảm bảo ánh sáng và gió lưu thông tốt.
*   **Vệ sinh đồng ruộng:** Tăng cường vệ sinh vườn, thu gom và tiêu hủy lá/cành bệnh để giảm nguồn lây nhiễm tiềm ẩn.

### 6. Theo dõi
*   **Sau các đợt mưa hoặc giai đoạn ẩm kéo dài:** Đây là thời điểm nguy cơ bệnh bùng phát cao nhất. Bạn cần ghi nhận lại tình trạng cây/lá bị ảnh hưởng để so sánh tiến triển bệnh trong những ngày tiếp theo.
*   **Ghi chép:** Lưu lại vị trí và mức độ tổn thương để đánh giá hiệu quả của các biện pháp quản lý.

### 7. Cảnh báo
*   **Không tự ý sử dụng chế phẩm hóa học:** Tuyệt đối không tự mua và phun thuốc hóa học nếu chưa có khuyến cáo cụ thể từ cán bộ kỹ thuật địa phương hoặc cơ quan chức năng. Việc lạm dụng thuốc có thể gây hại cho cây và môi trường.
*   **Liên hệ chuyên gia:** Nếu tình trạng bệnh có dấu hiệu nặng hơn (diện tích tổn thương >10%, lá vàng úa, rụng lá nhiều), vui lòng liên hệ ngay với cán bộ kỹ thuật nông nghiệp địa phương để được hỗ trợ chẩn đoán và xử lý chuyên sâu.

---

### Nguồn tham khảo
• [S3] Clemson Extension: Algal Leaf Spot — https://hgic.clemson.edu/factsheet/algal-leaf-spot/
• [S4] CTAHR University of Hawaiʻi: Cephaleuros species, the plant-parasitic green algae — https://www.ctahr.hawaii.edu/oc/f",True,False,False,False,True,False,"Chào bạn, với tư cách là chuyên gia tư vấn bệnh cây trồng, tôi xin đưa ra khuyến nghị chi tiết cho tình huống **Bệnh tảo lục (Algal Leaf Spot)** trên cây sầu riêng ở mức độ **nhẹ (<10% diện tích lá)**.

Đây là một bệnh khá phổ biến nhưng thường bị nhầm lẫn với bệnh đốm lá do nấm hoặc vi khuẩn. Ở mức độ nhẹ, bệnh này **không gây hại nghiêm trọng** đến năng suất nếu được quản lý đúng cách, nhưng nếu để kéo dài có thể làm giảm khả năng quang hợp của lá.

---

### 1. Nguyên nhân và Đặc điểm bệnh

*   **Tác nhân gây bệnh:** Do tảo lục *Cephaleuros virescens* (một loại tảo ký sinh trên thực vật), không phải nấm hay vi khuẩn.
*   **Đặc điểm nhận dạng:**
    *   Trên lá xuất hiện các đốm tròn, màu xanh nhạt, xanh xám hoặc nâu đỏ.
    *   Bề mặt đốm có thể có lớp phấn mịn màu xanh lá cây (đây là dấu hiệu đặc trưng nhất để phân biệt với bệnh nấm).
    *   Đốm bệnh thường xuất hiện nhiều ở mặt dưới lá, sau đó lan ra mặt trên.
    *   Lá bị bệnh không rụng sớm ngay lập tức như bệnh thán thư, nhưng sẽ giảm khả năng quang hợp.
*   **Điều kiện thuận lợi:**
    *   Vườn cây quá rậm rạp, thiếu ánh sáng mặt trời chiếu xuống tán lá.
    *   Độ ẩm cao, mưa nhiều, sương mù kéo dài.
    *   Cây thiếu dinh dưỡng, đặc biệt là thiếu lân (P) và kali (K), hoặc mất cân đối dinh dưỡng.
    *   Tưới nước không đúng cách (tưới vào buổi chiều tối hoặc phun nước trực tiếp lên lá).

---

### 2. Biện pháp quản lý vườn (Ưu tiên hàng đầu)

Vì mức độ bệnh còn nhẹ, **biện pháp canh tác là quan trọng nhất**, giúp cây tự phục hồi và ngăn bệnh lan rộng.

*   **Tỉa cành, tạo tán:**
    *   Tỉa bỏ các cành sâu bệnh, cành khô, cành vượt nằm sâu trong tán.
    *   Tạo khoảng thông thoáng giữa các tán cây để ánh sáng mặt trời chiếu sâu vào trong, giúp lá khô nhanh sau mưa/sương.
*   **Quản lý nước tưới:**
    *   Tưới vào buổi sáng sớm.
    *   Tránh tưới phun lên lá; nên tưới gốc để giữ ẩm cho rễ.
    *   Đảm bảo hệ thống thoát nước tốt, tránh úng nước quanh gốc.
*   **Bón phân cân đối:**
    *   Tăng cường bón phân hữu cơ hoai mục để cải tạo đất.
    *   Bón bổ sung phân bón lá chứa **Lân (P)** và **Kali (K)** để tăng sức đề kháng cho lá.
    *   Có thể phun thêm phân bón lá chứa **Đồng (Cu)** hoặc **Kẽm (Zn)** để kích thích cây khỏe mạnh (đồng cũng có tác dụng ức chế tảo).

---

### 3. Có cần phun thuốc không? Phun gì?

**Câu trả lời: KHÔNG CẦN PHUN THUỐC HÓA HỌC NGAY LÚC NÀY.**

*   **Lý do:** Với mức độ <10%, việc phun thuốc hóa học là không cần thiết, gây lãng phí, tăng chi phí và có thể gây kháng thuốc hoặc ảnh hưởng đến hệ sinh thái vườn.
*   **Khi nào mới cần phun thuốc?**
    *   Khi diện tích lá bị bệnh >20–30%.
    *   Khi bệnh lan nhanh bất chấp các biện pháp canh tác.
    *   Khi cây đang trong giai đoạn ra hoa – đậu quả non và cần bảo vệ lá để duy trì quang hợp.

**Nếu sau 2–3 tuần áp dụng biện pháp canh tác mà bệnh vẫn lan rộng, hãy cân nhắc phun thuốc:**

*   **Thuốc sinh học (Ưu tiên):**
    *   Chế phẩm sinh học chứa *Bacillus subtilis* hoặc *Trichoderma* (gián tiếp cải thiện sức khỏe cây).
    *   Chế phẩm tảo biển, axit amin để tăng sức đề kháng.
*   **Thuốc hóa học (Chỉ dùng khi cần thiết):**
    *   **Đồng (Copper-based):** Đây là nhóm thuốc hiệu quả nhất với tảo.
        *   Ví dụ: *Bordeaux mixture* (Bột Boóc-đô), *Copper hydroxide*, *Mancozeb + Copper*.
        *   **Lưu ý:** Chỉ phun khi trời khô ráo, không mưa trong 24 giờ. Không phun khi cây đang ra",True,True,False,False,True,True
algal_severity_1__WS_PROLONGED_WET_SEVERE,algal,1,WS_PROLONGED_WET_SEVERE,"Chào bạn, với tư cách là chuyên gia tư vấn bệnh cây trồng, tôi xin đưa ra bản chẩn đoán và hướng xử lý cho vườn sầu riêng của bạn dựa trên thông tin bệnh **Algal leaf spot (Bệnh đốm tảo)** và dự báo thời tiết hiện tại.

### 1. Tóm tắt tình trạng bệnh
Cây sầu riêng của bạn đang mắc bệnh **Đốm tảo lá (Algal leaf spot)**, do loại tảo ký sinh *Cephaleuros spp.* (đặc biệt là *C. virescens*) gây ra.
*   **Mức độ nhiễm bệnh:** Nhẹ (Severity 1), chỉ ảnh hưởng dưới 10% diện tích bề mặt lá.
*   **Triệu chứng nhận biết:** Trên lá xuất hiện các đốm tròn màu xanh, cam hoặc nâu rỉ sắt. Các đốm này có thể hơi gồ lên so với mặt lá. Hiện tại vết bệnh còn nhỏ và riêng lẻ, chưa hợp lại thành mảng lớn gây giảm quang hợp nghiêm trọng.

### 2. Tóm tắt thời tiết sắp tới
*   **Dự báo:** Tổng lượng mưa trong 3 ngày tới **rất lớn**.
*   **Rủi ro:** Mức rủi ro cao (High).
*   **Tác động:** Lượng mưa lớn kết hợp với độ ẩm cao kéo dài là điều kiện lý tưởng khiến bệnh đốm lá/cháy lá lan nhanh hơn bình thường.

### 3. Việc cần làm ngay
Do dự báo có **lượng mưa rất lớn trong 3 ngày tới**, độ ẩm sẽ tăng cao và lá cây bị ướt kéo dài, tạo môi trường thuận lợi cho tảo phát triển mạnh và lây lan nhanh. Vì vậy, bạn cần thực hiện ngay các việc sau:

1.  **Kiểm tra tán lá hàng ngày:** Quan sát sát các đốm tảo nhỏ xem chúng có tăng số lượng hoặc có dấu hiệu hợp lại thành mảng lớn không.
2.  **Xử lý thoát nước:** Ưu tiên kiểm tra và xử lý ngay các điểm thoát nước kém trong vườn để tránh đọng nước, giúp giảm độ ẩm cục bộ quanh gốc và tán cây.
3.  **Ghi nhận sớm:** Nếu thấy vết bệnh lan rộng bất thường trong giai đoạn mưa này, hãy ghi nhận lại ngay để báo cáo cho cán bộ kỹ thuật địa phương.

### 4. Quản lý
*   **Cải thiện thông thoáng:** Tỉa cành để tán cây thông thoáng hơn, giúp gió lưu thông và làm khô lá nhanh hơn sau mưa.
*   **Giảm thời gian lá ướt:** Hạn chế tình trạng lá bị ướt kéo dài bằng cách cải thiện hệ thống thoát nước và tỉa thưa tán lá nếu quá rậm.
*   **Loại bỏ lá bệnh:** Chỉ tiến hành loại bỏ các lá bị ảnh hưởng nếu vết bệnh có dấu hiệu mở rộng hoặc xuất hiện nhiều lá mới bị nhiễm.

### 5. Phòng ngừa
*   **Duy trì sức khỏe cây:** Chăm sóc để cây khỏe mạnh, hạn chế để tán cây quá rậm rạp gây bí bách.
*   **Vệ sinh vườn:** Tăng cường vệ sinh vườn, thu gom và tiêu hủy các lá, cành bị bệnh để giảm nguồn lây lan cho các cây khác.

### 6. Theo dõi
*   **Sau mưa:** Đặc biệt chú ý theo dõi tình trạng lá sau các đợt mưa hoặc trong giai đoạn ẩm ướt kéo dài.
*   **So sánh tiến triển:** Ghi nhận lại các cây/lá bị ảnh hưởng để so sánh sự tiến triển của bệnh theo thời gian, giúp đánh giá hiệu quả của các biện pháp quản lý.

### 7. Cảnh báo
*   **Không tự ý dùng thuốc:** Tuyệt đối **không tự dùng chế phẩm hóa học** nếu chưa có khuyến cáo cụ thể từ cán bộ kỹ thuật địa phương. Việc dùng thuốc sai cách có thể gây hại cho cây và môi trường.
*   **Liên hệ chuyên gia:** Nếu tình trạng bệnh nặng hoặc không kiểm soát được bằng biện pháp canh tác, hãy liên hệ ngay với cán bộ kỹ thuật địa phương để được hỗ trợ xử lý đúng quy trình.

---
**Nguồn tham khảo:**
• [S3] Clemson Extension: Algal Leaf Spot — https://hgic.clemson.edu/factsheet/algal-leaf-spot/
• [S4] CTAHR University of Hawaiʻi: Cephaleuros species, the plant-parasitic green algae — https://www.ctahr.hawaii.edu/oc/freepubs/pdf/pd-43.pdf
• [S5] Plantix: Algal Leaf Spot — https://plantix.net/en/library/plant-diseases/800004/algal-leaf-spot/
• [S6] IR-4 Environmental Horticulture Program: Algal Leaf Spot Efficacy Summary — https://ir4.cals.ncsu",True,False,False,False,False,False,"Chào bạn, với tư cách là chuyên gia tư vấn bệnh cây trồng, tôi xin đưa ra khuyến nghị chi tiết cho tình huống **Bệnh tảo lục (Algal leaf spot)** trên cây sầu riêng ở mức độ **nhẹ (<10% diện tích lá bị tổn thương)**.

Ở mức độ này, bệnh chưa gây ảnh hưởng nghiêm trọng đến năng suất ngay lập tức, nhưng nếu không kiểm soát tốt, tảo lục có thể lây lan nhanh trong điều kiện ẩm ướt, gây giảm quang hợp và làm suy yếu cây, tạo điều kiện cho các loại nấm bệnh khác tấn công.

Dưới đây là phác đồ xử lý và quản lý:

### 1. Nguyên nhân và Đặc điểm bệnh

*   **Tác nhân gây bệnh:** Do tảo lục (thường là loài *Cephaleuros virescens*). Đây không phải là nấm hay vi khuẩn, mà là một loại tảo sống ký sinh trên bề mặt lá.
*   **Triệu chứng điển hình:**
    *   Xuất hiện các đốm nhỏ màu xanh nhạt, xanh xám hoặc nâu xám trên bề mặt lá (thường là mặt dưới lá trước, sau đó lan sang mặt trên).
    *   Các đốm này có thể có viền màu nâu đỏ hoặc vàng.
    *   Khi bệnh nặng, các đốm hợp lại thành mảng lớn, làm lá bị khô, rụng sớm.
*   **Điều kiện thuận lợi:**
    *   Độ ẩm không khí cao (>80%), mưa nhiều, sương mù.
    *   Vườn cây trồng dày đặc, thông gió kém.
    *   Cây thiếu dinh dưỡng, đặc biệt là thiếu Kali (K) và Magie (Mg), hoặc bón quá nhiều đạm (N) làm lá mềm, dễ bị ký sinh.

### 2. Biện pháp quản lý vườn (Ưu tiên hàng đầu)

Vì mức độ bệnh còn nhẹ, biện pháp canh tác là quan trọng nhất để ngăn chặn sự lây lan:

*   **Tạo thông thoáng cho vườn:**
    *   Tỉa cành, cắt bỏ các cành sâu bệnh, cành nằm ngang, cành quá dày đặc bên trong tán cây để ánh sáng và gió lưu thông tốt.
    *   Cắt bỏ các lá bị bệnh nặng, lá già úa vàng và thu gom tiêu hủy (đốt hoặc chôn vùi sâu) ra khỏi vườn để giảm nguồn bệnh.
*   **Quản lý nước tưới:**
    *   Tránh tưới nước lên tán lá, đặc biệt là vào buổi chiều tối hoặc đêm khi độ ẩm cao.
    *   Tưới nước vào gốc cây vào buổi sáng sớm để lá khô nhanh trước khi trời tối.
*   **Cân đối dinh dưỡng:**
    *   Giảm lượng phân đạm (N) nếu đang bón thừa.
    *   Tăng cường bón phân Kali (K) và Magie (Mg) để tăng độ dày và cứng của lá, giúp lá kháng bệnh tốt hơn.
    *   Bón thêm phân hữu cơ vi sinh để cải tạo đất, tăng sức đề kháng cho cây.

### 3. Có cần phun thuốc hay không? Phun gì?

**Câu trả lời:** **Có thể chưa cần thiết phải phun thuốc hóa học mạnh ngay lập tức** vì mức độ bệnh còn nhẹ (<10%). Tuy nhiên, để ngăn chặn sự lây lan và hỗ trợ cây phục hồi, bạn nên áp dụng các biện pháp sau theo thứ tự ưu tiên:

#### Giai đoạn 1: Sử dụng chế phẩm sinh học và dinh dưỡng (Khuyến nghị đầu tiên)
*   **Phun phân bón lá giàu Kali và Magie:** Giúp lá cứng lại, tăng khả năng chống chịu.
*   **Sử dụng chế phẩm sinh học:**
    *   Phun các loại chế phẩm chứa **vi khuẩn đối kháng** (như *Bacillus subtilis*, *Trichoderma*) hoặc **nấm đối kháng** (như *Trichoderma harzianum*) để cạnh tranh chỗ sống và ức chế tảo lục.
    *   Một số chế phẩm từ tỏi, gừng, hoặc tinh dầu thực vật cũng có tác dụng xua đuổi và ức chế nhẹ sự phát triển của tảo.

#### Giai đoạn 2: Nếu bệnh có dấu hiệu lan rộng (tăng từ 10% lên) hoặc thời tiết tiếp tục ẩm ướt kéo dài
*   **Sử dụng thuốc đặc trị tảo:**
    *   **Đồng (Cu):** Các chế phẩm chứa đồng như **Bordeaux mixture** (vôi đồng), **Copper Oxychloride**, hoặc **Mancozeb + Copper**. Đồng là thành phần hiệu quả nhất trong việc tiêu diệt tảo và nấm.
        *   *Lưu ý:* Chỉ phun vào buổi sáng sớm hoặc chiều mát, tránh phun khi trời nắng gắt để tránh cháy lá. Không phun liên tục quá",True,True,False,False,True,True
algal_severity_1__WS_PSYLLID_WARM_CONDITIONS,algal,1,WS_PSYLLID_WARM_CONDITIONS,"Chào bạn, với tư cách là chuyên gia tư vấn bệnh cây trồng, tôi xin đưa ra bản đánh giá và khuyến nghị xử lý cho tình trạng bệnh trên lá sầu riêng của bạn dựa trên dữ liệu chẩn đoán và kịch bản thời tiết hiện tại.

### 1. Tóm tắt tình trạng bệnh
Cây sầu riêng của bạn đang mắc bệnh **Algal leaf spot** (đốm tảo lá), còn được biết đến với tên gọi khác là *red rust* hoặc *green scurf*. Bệnh này do loài tảo ký sinh *Cephaleuros spp.* (đặc biệt là *Cephaleuros virescens*) gây ra.

*   **Mức độ nghiêm trọng:** Cấp độ 1 (Nhẹ).
*   **Diện tích tổn thương:** Hiện tại chỉ có hơn 0–10% diện tích bề mặt lá bị ảnh hưởng.
*   **Triệu chứng nhận biết:** Trên lá xuất hiện các đốm tròn nhỏ màu xanh, cam hoặc nâu rỉ sắt. Các đốm này có thể hơi gồ lên bề mặt lá. Nếu không kiểm soát, các đốm nhỏ có thể hợp lại thành mảng lớn, làm giảm khả năng quang hợp của lá.

### 2. Tóm tắt thời tiết sắp tới
*   **Kịch bản:** Đêm ấm kéo dài trong 3 ngày tới.
*   **Đánh giá rủi ro:** Điều kiện này thuận lợi cho sự phát triển của rầy chổng cánh (psyllid).
*   **Lưu ý quan trọng:** Mặc dù thời tiết ấm áp có lợi cho sâu hại psyllid, nhưng kịch bản thời tiết này **không thuộc nhóm điều kiện nguy cơ đặc biệt** đã được xác định trực tiếp đối với bệnh đốm tảo (Algal leaf spot) trong cơ sở dữ liệu hiện tại. Do đó, chúng ta vẫn tiếp tục áp dụng các biện pháp quản lý và theo dõi tiêu chuẩn cho bệnh đốm tảo như hướng dẫn bên dưới.

### 3. Việc cần làm ngay
**Hành động:** Theo dõi sát sao các đốm tảo nhỏ trên lá và kiểm tra xem chúng có tăng số lượng hoặc có xu hướng hợp lại thành mảng lớn không.

**Lý do:**
Mặc dù thời tiết ""đêm ấm"" chủ yếu được cảnh báo là thuận lợi cho rầy psyllid, nhưng bệnh đốm tảo phát triển mạnh trong điều kiện độ ẩm cao và lá ướt kéo dài. Việc theo dõi ngay bây giờ giúp bạn xác định xem bệnh có tiến triển nhanh hay không. Nếu các đốm bắt đầu hợp lại hoặc lan rộng, nó sẽ làm giảm diện tích quang hợp, ảnh hưởng đến sức khỏe tổng thể của cây. Việc phát hiện sớm sự thay đổi này giúp bạn quyết định đúng thời điểm can thiệp cơ học (như tỉa lá) trước khi bệnh trở nên nghiêm trọng hơn.

### 4. Quản lý
*   **Cải thiện thông thoáng tán:** Tỉa cành tạo tán để không khí lưu thông tốt hơn, giúp lá khô nhanh hơn sau khi có mưa hoặc sương đêm.
*   **Giảm tình trạng lá ướt kéo dài:** Hạn chế tưới nước lên tán lá vào buổi tối. Nếu có thể, hãy điều chỉnh hệ thống tưới để nước chỉ rơi xuống gốc cây.
*   **Loại bỏ lá bệnh:** Chỉ tiến hành cắt bỏ và tiêu hủy những lá bị ảnh hưởng nặng nếu vết bệnh mở rộng hoặc xuất hiện quá nhiều, nhằm giảm nguồn lây lan.

### 5. Phòng ngừa
*   **Duy trì sức khỏe cây trồng:** Đảm bảo cây được bón phân đầy đủ và chăm sóc đúng cách để tăng sức đề kháng tự nhiên.
*   **Hạn chế tán quá rậm:** Thường xuyên tỉa cành để tránh tình trạng tán cây quá dày đặc, gây bí bách và giữ ẩm lâu trên lá – điều kiện lý tưởng cho tảo phát triển.
*   **Vệ sinh vườn:** Thu gom và tiêu hủy các lá, cành bị bệnh rơi rụng dưới đất để giảm nguồn lây nhiễm cho các cây khác.

### 6. Theo dõi
*   **Thời điểm quan trọng:** Tăng cường quan sát sau các đợt mưa hoặc trong những giai đoạn độ ẩm không khí cao kéo dài.
*   **Ghi chép:** Ghi nhận lại vị trí cây và mức độ lá bị ảnh hưởng để so sánh tiến triển bệnh trong các lần kiểm tra tiếp theo.

### 7. Cảnh báo
*   **Không tự ý sử dụng chế phẩm hóa học:** Vui lòng không tự mua và phun thuốc trừ tảo hoặc thuốc hóa học nếu chưa có khuyến cáo cụ thể từ cán bộ kỹ thuật địa phương hoặc cơ quan chuyên môn. Việc lạm dụng thuốc có thể gây hại cho môi trường và sức khỏe cây trồng.
*   **Liên hệ chuyên gia:** Nếu tình trạng bệnh tiến triển nặng hoặc bạn không chắc chắn về biện pháp xử lý, hãy liên hệ ngay với cán",True,False,False,False,True,False,"Chào bạn, với tư cách là chuyên gia tư vấn kỹ thuật cây trồng, tôi xin đưa ra khuyến nghị chi tiết cho tình huống **bệnh tảo lục (Algal Leaf Spot)** trên cây sầu riêng ở mức độ **nhẹ (<10% diện tích lá)**.

Đây là một bệnh khá phổ biến, thường bị nhầm lẫn với bệnh đốm lá do nấm, nhưng bản chất và cách xử lý hoàn toàn khác. Ở mức độ nhẹ, chúng ta có thể kiểm soát tốt mà không cần lạm dụng thuốc hóa học mạnh.

---

### 1. Nguyên nhân & Đặc điểm nhận biết bệnh

*   **Tác nhân gây bệnh:** Do tảo *Cephaleuros virescens* (một loại tảo lục ký sinh trên bề mặt lá).
*   **Đặc điểm triệu chứng:**
    *   Trên lá xuất hiện các đốm tròn, màu xanh nhạt, xanh xám hoặc nâu đỏ, có viền sẫm màu hơn.
    *   Bề mặt đốm bệnh thường có lớp phấn mịn màu xanh hoặc nâu (đây là bào tử của tảo).
    *   Khi bệnh nặng, các đốm có thể liên kết lại, làm lá vàng và rụng sớm.
*   **Điều kiện thuận lợi:**
    *   Thời tiết nóng ẩm, mưa nhiều, độ ẩm không khí cao.
    *   Vườn cây rậm rạp, thiếu ánh sáng, thông gió kém.
    *   Cây suy yếu, thiếu dinh dưỡng (đặc biệt là Kali và Canxi).

---

### 2. Biện pháp quản lý vườn (Ưu tiên hàng đầu)

Vì mức độ bệnh còn nhẹ, biện pháp canh tác là quan trọng nhất để ngăn bệnh lây lan và tái phát:

*   **Tỉa cành, tạo tán:**
    *   Cắt bỏ các cành sâu bệnh, cành khô, cành mọc dày đặc bên trong tán cây.
    *   Đảm bảo ánh sáng mặt trời chiếu sâu vào tán cây và gió lưu thông tốt. Tảo rất yếu ánh sáng, nên việc tăng cường ánh sáng sẽ ức chế sự phát triển của chúng.
*   **Vệ sinh vườn:**
    *   Thu gom và tiêu hủy (đốt hoặc chôn vùi) các lá rụng có đốm bệnh dưới gốc cây để giảm nguồn bệnh.
    *   Làm cỏ sạch sẽ, tránh để cỏ dại giữ ẩm và che khuất ánh sáng.
*   **Bón phân cân đối:**
    *   Tăng cường bón **Kali (K)** và **Canxi (Ca)** để tăng độ dày và sức đề kháng của lá.
    *   Hạn chế bón quá nhiều **Đạm (N)** vì lá non, mềm, dày sẽ dễ bị tảo tấn công hơn.
    *   Có thể phun phân bón lá chứa Canxi-Boron hoặc Kali Humate để tăng cường sức khỏe lá.

---

### 3. Có cần phun thuốc hay không? Phun gì?

**Câu trả lời:** Ở mức độ <10%, **không bắt buộc phải phun thuốc hóa học mạnh ngay lập tức**. Tuy nhiên, nếu muốn kiểm soát nhanh và ngăn ngừa lây lan sang các cây lân cận, bạn có thể áp dụng các biện pháp sau theo thứ tự ưu tiên:

#### ✅ Ưu tiên 1: Sử dụng chế phẩm sinh học / Thuốc gốc đồng nhẹ
*   **Thuốc gốc Đồng (Copper-based):** Đây là nhóm thuốc hiệu quả nhất với tảo.
    *   *Khuyến nghị:* Sử dụng **Đồng Oxyclorua (Oxychloride of Copper)** hoặc **Đồng Boocđô (Bordeaux mixture)** nồng độ thấp (0.2–0.3%).
    *   *Lưu ý:* Chỉ phun khi trời khô ráo, không mưa. Tránh phun vào lúc nắng gắt để ngừa cháy lá. Phun ướt đều cả hai mặt lá.
*   **Chế phẩm sinh học:** Một số chế phẩm chứa nấm đối kháng *Trichoderma* hoặc vi khuẩn *Bacillus subtilis* có thể giúp cân bằng hệ vi sinh trên lá, ức chế tảo phát triển.

#### ❌ Không nên:
*   Không dùng thuốc diệt nấm thông thường (như Mancozeb, Azoxystrobin...) vì tảo không phải là nấm, hiệu quả rất thấp.
*   Không phun thuốc đặc trị tảo mạnh (như Propineb) nếu bệnh còn quá nhẹ, để tránh gây sốc cho cây và ô nhiễm môi trường.

---

### 4. Phòng ngừa và theo dõi

*   **Theo dõi định kỳ:**
    *   Kiểm tra vườn mỗi 7–10 ngày, đặc biệt sau những trận mưa lớn.
    *   Quan sát kỹ mặt dưới lá và các tán cây bên trong.
*   **Phòng ngừa chủ động:**
    *   **Vào mùa",True,True,False,False,True,True
algal_severity_1__WS_DRY_HOT_WATER_STRESS,algal,1,WS_DRY_HOT_WATER_STRESS,"Chào bạn, dựa trên kết quả chẩn đoán và dự báo thời tiết hiện tại, tôi xin tư vấn cụ thể như sau:

### 1. Tóm tắt tình trạng bệnh
Cây sầu riêng của bạn đang mắc bệnh **Algal leaf spot** (còn gọi là bệnh gỉ sắt đỏ hoặc tảo xanh), do loại tảo ký sinh *Cephaleuros spp.* gây ra.
*   **Mức độ:** Nhẹ (Severity 1), chỉ có hơn 0–10% diện tích bề mặt lá bị tổn thương.
*   **Triệu chứng:** Trên lá xuất hiện các đốm tròn màu xanh, cam hoặc nâu rỉ sắt. Các đốm này có thể hơi gồ lên bề mặt lá. Hiện tại các đốm chưa hợp lại thành mảng lớn nhưng cần chú ý vì nếu nặng sẽ làm giảm khả năng quang hợp của cây.

### 2. Tóm tắt thời tiết sắp tới
Dự báo thời tiết trong **3 ngày tới** sẽ có **nắng nóng kéo dài**.
*   **Rủi ro:** Nắng nóng không trực tiếp gây ra bệnh này, nhưng khiến cây bị **stress nước** (thiếu nước), làm cây suy yếu và dễ mẫn cảm hơn với các loại sâu bệnh nói chung.

### 3. Việc cần làm ngay
Do dự báo **nắng nóng kéo dài trong 3 ngày tới**, bạn cần thực hiện ngay các việc sau:

*   **Đảm bảo tưới nước đầy đủ và đều:** Vì nắng nóng làm cây mất nước nhanh, gây stress. Một cây khỏe mạnh, đủ nước sẽ có sức đề kháng tốt hơn để chống lại sự phát triển của tảo và các bệnh khác. Tránh để cây thiếu nước kéo dài trong giai đoạn này.
*   **Kiểm tra sự phát triển của bệnh:** Quan sát các đốm algal nhỏ hiện có, xem chúng có tăng số lượng hoặc hợp lại thành mảng lớn không.

### 4. Quản lý
*   **Cải thiện thông thoáng tán cây:** Tỉa bớt cành lá quá rậm để gió và ánh sáng lưu thông tốt, giúp lá khô nhanh hơn sau khi tưới hoặc mưa, giảm độ ẩm cục bộ.
*   **Giảm tình trạng lá ướt kéo dài:** Hạn chế tưới phun lên tán lá vào buổi tối hoặc những lúc nắng gắt khiến nước đọng lại lâu.
*   **Loại bỏ lá bệnh:** Chỉ cần loại bỏ những lá bị ảnh hưởng nếu bạn thấy vết bệnh mở rộng hoặc xuất hiện nhiều hơn. Với mức độ nhẹ hiện tại, ưu tiên chăm sóc sức khỏe tổng thể của cây.

### 5. Phòng ngừa
*   **Duy trì sức khỏe cây trồng:** Đảm bảo dinh dưỡng và nước tưới hợp lý để cây luôn khỏe mạnh.
*   **Hạn chế tán quá rậm:** Thường xuyên tỉa cành tạo tán để vườn thông thoáng.
*   **Vệ sinh vườn:** Thu gom và tiêu hủy các lá, cành bị bệnh để giảm nguồn lây lan cho các cây khác.

### 6. Theo dõi
*   **Sau các đợt mưa hoặc giai đoạn ẩm kéo dài:** Đây là thời điểm bệnh dễ bùng phát trở lại, cần kiểm tra kỹ.
*   **Ghi nhận tiến triển:** Đánh dấu các cây/lá bị ảnh hưởng để so sánh xem bệnh có lan rộng hay thuyên giảm theo thời gian.

### 7. Cảnh báo
*   **Không tự ý dùng chế phẩm hóa học:** Vui lòng không tự mua và phun thuốc nếu chưa có khuyến cáo cụ thể từ cán bộ kỹ thuật địa phương hoặc cơ quan chức năng. Việc lạm dụng thuốc có thể gây hại cho cây và môi trường.

---
**Nguồn tham khảo:**
• [S3] Clemson Extension: Algal Leaf Spot — https://hgic.clemson.edu/factsheet/algal-leaf-spot/
• [S4] CTAHR University of Hawaiʻi: Cephaleuros species, the plant-parasitic green algae — https://www.ctahr.hawaii.edu/oc/freepubs/pdf/pd-43.pdf
• [S5] Plantix: Algal Leaf Spot — https://plantix.net/en/library/plant-diseases/800004/algal-leaf-spot/
• [S6] IR-4 Environmental Horticulture Program: Algal Leaf Spot Efficacy Summary — https://ir4.cals.ncsu.edu/ehc/RegSupport/ResearchSummary/AlgalLeafSpotEfficacySummary2019.pdf
• [S7] Thep Watana: Durian disease - Algal spot — https://thepwatana.com/en/blog/durian-disease-algal-spot/
• [W1] Iowa State University Extension: It Takes Three to Make a Plant Sick (Disease Triangle) — https://www.extension.iastate.edu/news/2007/jan",True,False,False,False,True,False,"Chào bạn, với tư cách là chuyên gia tư vấn kỹ thuật cây trồng, tôi xin đưa ra khuyến nghị chi tiết cho tình huống **Bệnh tảo lục (Algal leaf spot)** trên cây sầu riêng ở mức độ nhẹ (<10% diện tích lá).

Đây là một bệnh phổ biến nhưng thường bị nhầm lẫn với bệnh đốm lá do nấm hoặc vi khuẩn. Việc xử lý đúng ngay từ giai đoạn nhẹ sẽ giúp tiết kiệm chi phí và bảo vệ sức khỏe cây trồng lâu dài.

---

### 1. Nguyên nhân và Đặc điểm bệnh

*   **Tác nhân gây bệnh:** Do loài tảo *Cephaleuros virescens*. Đây không phải là nấm hay vi khuẩn, mà là một loại tảo ký sinh trên bề mặt lá.
*   **Điều kiện thuận lợi:** Bệnh phát triển mạnh trong điều kiện **nóng ẩm**, mưa nhiều, vườn cây có độ che phủ cao, thông gió kém, và đặc biệt là khi cây thiếu dinh dưỡng (đặc biệt là Kali và Magie) hoặc bị suy yếu.
*   **Triệu chứng nhận biết:**
    *   Xuất hiện các đốm tròn nhỏ, màu xanh nhạt hoặc xanh xám trên mặt lá.
    *   Về sau, các đốm này chuyển sang màu nâu đỏ, nâu sẫm hoặc xám tro.
    *   Bề mặt đốm bệnh có thể thấy lớp phủ mịn như phấn hoặc có vân sần sùi.
    *   Lá bị bệnh không rụng sớm như bệnh thán thư, nhưng làm giảm khả năng quang hợp, khiến cây sinh trưởng kém, trái nhỏ và chất lượng giảm.

---

### 2. Biện pháp quản lý vườn (Quản lý canh tác)

Vì mức độ bệnh còn nhẹ (<10%), biện pháp canh tác là ưu tiên hàng đầu để ngăn bệnh lan rộng:

*   **Tạo thông thoáng:**
    *   Tỉa cành khô, cành sâu bệnh, cành mọc quá dày đặc bên trong tán cây.
    *   Đảm bảo ánh sáng mặt trời và gió có thể lưu thông tốt trong vườn, giúp lá khô nhanh sau mưa, giảm độ ẩm bề mặt lá – môi trường sống của tảo.
*   **Cân đối dinh dưỡng:**
    *   Tảo thường tấn công cây suy yếu. Hãy kiểm tra và bổ sung phân bón cân đối, đặc biệt chú trọng **Kali (K)** và **Magie (Mg)** để tăng cường sức đề kháng và độ dày của lá.
    *   Hạn chế bón thừa đạm (N) vì sẽ làm lá mềm, mỏng, dễ bị tảo xâm nhập.
*   **Vệ sinh vườn:**
    *   Thu gom và tiêu hủy các lá rụng có đốm bệnh dưới gốc cây để giảm nguồn bệnh tái nhiễm.
    *   Làm cỏ sạch sẽ, tránh cỏ cao che khuất ánh sáng và giữ ẩm quá mức cho gốc cây.

---

### 3. Có cần phun thuốc hay không? Phun gì?

**Câu trả lời: Có thể chưa cần phun thuốc hóa học mạnh ngay lập tức, nhưng nên phun thuốc sinh học hoặc đồng để phòng ngừa lan rộng.**

Vì mức độ tổn thương <10%, bạn có thể áp dụng chiến lược ""Phòng hơn chữa"":

#### ✅ Ưu tiên: Phun thuốc sinh học / Chế phẩm vi sinh
*   **Lý do:** An toàn, không gây kháng thuốc, hỗ trợ cân bằng hệ vi sinh trên lá.
*   **Khuyến nghị:**
    *   Sử dụng các chế phẩm chứa **Trichoderma** hoặc **Bacillus subtilis** có tác dụng đối kháng với tảo và nấm.
    *   Hoặc dùng các loại thuốc sinh học chuyên trị tảo như **Kasugamycin** (nếu có sẵn và phù hợp với quy định địa phương).

#### ⚠️ Nếu bệnh có dấu hiệu lan nhanh hoặc vào mùa mưa kéo dài: Phun thuốc hóa học
*   **Hoạt chất khuyến nghị:**
    *   **Đồng (Cu):** Là nhóm thuốc hiệu quả nhất với tảo. Sử dụng **Bordeaux mixture (Vôi đồng)** hoặc các chế phẩm đồng khác như **Copper Hydroxide**, **Mancozeb + Copper**.
    *   **Lưu ý khi dùng đồng:**
        *   Chỉ phun khi trời quang đãng, không mưa.
        *   Không phun khi cây đang ra hoa rộ hoặc trái non quá nhỏ nếu không cần thiết, vì đồng có thể gây cháy lá hoặc ảnh hưởng đến thụ phấn.
        *   Tuân thủ liều lượng trên bao bì.
    *   **Thuốc đặc trị tảo:** Một số sản phẩm chứa hoạt chất **Propineb** hoặc **Mancozeb** cũng có tác dụng ức chế tảo.

#### ❌ Không nên:
*   Phun thuốc trừ",True,True,False,False,True,True
algal_severity_2__WS_NORMAL,algal,2,WS_NORMAL,"Chào bạn, với vai trò là chuyên gia tư vấn bệnh cây trồng, tôi xin đưa ra chẩn đoán và hướng xử lý cho tình trạng bệnh trên lá sầu riêng của bạn dựa trên thông tin đã cung cấp.

### 1. Tóm tắt tình trạng bệnh
Cây sầu riêng của bạn đang mắc bệnh **Algal leaf spot** (còn gọi là bệnh gỉ sắt đỏ hoặc mảng xanh), do tảo ký sinh *Cephaleuros spp.* (đặc biệt là *Cephaleuros virescens*) gây ra.

*   **Mức độ nhiễm bệnh:** Mức độ 2 (Severity 2).
*   **Diễn giải:** Diện tích bề mặt lá bị tổn thương chiếm từ **10–35%**. Đây là mức độ trung bình, cần được quan tâm để ngăn chặn lan rộng.
*   **Triệu chứng nhận biết:** Trên lá xuất hiện các đốm tròn màu xanh, cam hoặc nâu rỉ sắt. Các đốm này có thể hơi gồ lên bề mặt lá. Khi bệnh nặng hơn, các đốm nhỏ sẽ hợp lại thành những mảng lớn, làm giảm diện tích lá quang hợp, ảnh hưởng đến sức khỏe cây.

### 2. Tóm tắt thời tiết sắp tới
Hiện tại, điều kiện thời tiết ở khu vực vườn của bạn ở mức **bình thường**, không có các yếu tố đặc biệt (như mưa lớn kéo dài, độ ẩm cực cao bất thường) làm tăng nguy cơ bùng phát bệnh trong giai đoạn này. Do đó, bạn có thể áp dụng các biện pháp quản lý tiêu chuẩn mà không cần các biện pháp khẩn cấp đặc biệt do thời tiết.

### 3. Việc cần làm ngay
*   **Hành động:** Kiểm tra kỹ các lá và cành lân cận với những lá đang bị bệnh.
*   **Lý do:** Mặc dù thời tiết hiện tại ổn định, nhưng việc xác định chính xác mức độ lan rộng của bệnh là bước đầu tiên quan trọng. Bạn cần đánh giá xem bệnh chỉ tập trung ở một vài lá hay đã bắt đầu lan sang các cành khác để có kế hoạch xử lý phù hợp (ví dụ: tỉa cành hay phun ngừa).

### 4. Quản lý bệnh
Để kiểm soát bệnh Algal leaf spot ở mức độ hiện tại, bạn nên thực hiện các biện pháp sau:
*   **Tỉa tán cây:** Cắt bỏ những cành lá quá rậm rạp để tăng cường ánh sáng mặt trời chiếu vào trong tán và cải thiện lưu thông không khí. Điều này giúp làm khô lá nhanh hơn sau khi có sương hoặc mưa nhẹ, tạo môi trường bất lợi cho tảo phát triển.
*   **Vệ sinh vườn:** Thu gom và loại bỏ các bộ phận (lá, cành) bị nhiễm bệnh nặng. Việc này giúp giảm nguồn lây lan bệnh trong vườn.
*   **Giảm độ ẩm quanh tán:** Đảm bảo hệ thống thoát nước tốt, tránh đọng nước quanh gốc và trong tán cây.
*   **Sử dụng thuốc (nếu cần):** Chỉ cân nhắc sử dụng các sản phẩm gốc đồng khi thực sự cần thiết và **chắc chắn** rằng sản phẩm đó đã được đăng ký và khuyến cáo sử dụng tại địa phương của bạn. Không tự ý mua và phun thuốc nếu không rõ nguồn gốc.

### 5. Phòng ngừa
*   **Duy trì sức khỏe cây trồng:** Chăm sóc cây tốt, bón phân cân đối để cây khỏe mạnh, tăng khả năng kháng bệnh.
*   **Quản lý tán cây:** Luôn duy trì tán cây thông thoáng, tránh để tán quá dày đặc.
*   **Vệ sinh thường xuyên:** Định kỳ dọn dẹp lá rụng, cành khô trong vườn để giảm nơi trú ẩn và lây lan của mầm bệnh.

### 6. Theo dõi
*   **Thời điểm quan sát:** Đặc biệt chú ý kiểm tra cây sau các đợt mưa hoặc trong những giai đoạn có độ ẩm cao kéo dài, vì đây là điều kiện thuận lợi cho bệnh tái phát hoặc nặng thêm.
*   **Ghi chép:** Ghi nhận lại vị trí cây/lá bị ảnh hưởng để đối chiếu và đánh giá tiến triển của bệnh trong các lần kiểm tra sau.

### 7. Cảnh báo
*   **Không tự ý dùng thuốc:** Tuyệt đối không tự suy đoán liều lượng hoặc hoạt chất thuốc trừ bệnh nếu nhãn sản phẩm hoặc cán bộ kỹ thuật địa phương không hướng dẫn rõ ràng. Việc dùng sai thuốc có thể gây hại cho cây và môi trường.
*   **Liên hệ chuyên gia:** Nếu tình trạng bệnh diễn biến nặng hơn hoặc bạn không chắc chắn về biện pháp xử lý, hãy liên hệ ngay với cán bộ kỹ thuật nông nghiệp địa phương để được hỗ trợ trực tiếp.

---
**Nguồn tham khảo:**
• [S3] Clemson Extension: Algal Leaf Spot — https://hgic.clemson.edu/factsheet/algal-leaf-spot/
• [S",True,False,False,False,True,False,"Chào bạn, với tư cách là chuyên gia tư vấn kỹ thuật cây trồng, tôi xin đưa ra phác đồ xử lý chi tiết cho tình huống **Bệnh tảo lục (Cephaleuros virescens)** trên cây sầu riêng với mức độ nhiễm bệnh trung bình (>10–35% diện tích lá).

Mức độ này được coi là **cảnh báo vàng**. Nếu không can thiệp kịp thời, bệnh sẽ lan nhanh, làm giảm khả năng quang hợp, khiến cây suy yếu, giảm năng suất và dễ mắc các bệnh hại khác.

---

### 1. Nguyên nhân & Đặc điểm nhận dạng bệnh

*   **Tác nhân gây bệnh:** Do tảo *Cephaleuros virescens* (một loại tảo lục ký sinh), không phải nấm hay vi khuẩn.
*   **Đặc điểm triệu chứng:**
    *   Trên lá xuất hiện các đốm tròn, màu xanh nhạt, xanh xám hoặc nâu đỏ, bề mặt đốm có thể có vân sần sùi như phấn.
    *   Đốm bệnh thường nổi gồ lên so với mặt lá.
    *   Khi bệnh nặng, các đốm liên kết lại thành mảng lớn, làm lá vàng, rụng sớm.
    *   Bệnh cũng có thể tấn công thân, cành và quả (gây sẹo, ảnh hưởng thẩm mỹ và chất lượng quả).
*   **Nguyên nhân bùng phát:**
    *   **Độ ẩm cao, mưa nhiều, sương mù dày đặc** (điều kiện lý tưởng cho tảo phát triển).
    *   **Vườn trồng quá dày, tán lá rậm rạp**, thiếu ánh sáng và gió lưu thông kém.
    *   **Thiếu dinh dưỡng:** Đặc biệt là thiếu **Kali (K)** và **Canxi (Ca)**, làm cây suy yếu, biểu bì lá mỏng, dễ bị tảo xâm nhập.
    *   **Tưới nước không đúng cách:** Tưới tràn lan làm tăng độ ẩm cục bộ.

---

### 2. Biện pháp quản lý vườn (Canh tác)

Đây là bước **quan trọng nhất** để kiểm soát bệnh lâu dài, đặc biệt khi bệnh đã ở mức trung bình.

*   **Tỉa cành tạo tán:**
    *   Tỉa bỏ các cành sâu bệnh, cành khô, cành vượt nằm sâu trong tán.
    *   Tạo khoảng cách giữa các tán cây để **ánh sáng chiếu sâu vào trong** và **gió lưu thông tốt**. Tảo rất yếu với ánh nắng trực tiếp và môi trường khô ráo.
*   **Quản lý nước:**
    *   Tránh tưới nước lên tán lá vào buổi tối.
    *   Tưới nhỏ giọt hoặc tưới gốc vào buổi sáng sớm để lá kịp khô trước khi trời tối.
*   **Bón phân cân đối:**
    *   Tăng cường bón **Kali (K)** và **Canxi (Ca)** để tăng độ dày biểu bì lá, giúp lá cứng cáp, khó bị tảo bám.
    *   Bón thêm **Lân (P)** để kích thích rễ, tăng sức đề kháng.
    *   Tránh bón thừa Đạm (N) vì sẽ làm cây sinh trưởng mạnh, lá non mềm, dễ nhiễm bệnh.
*   **Vệ sinh vườn:**
    *   Thu gom và tiêu hủy (đốt hoặc chôn vùi) các lá rụng, cành有病 để giảm nguồn bệnh.

---

### 3. Có cần phun thuốc không? Phun gì?

**Câu trả lời: CÓ, cần phun thuốc.**

Với mức độ nhiễm >10–35%, biện pháp canh tác đơn thuần chưa đủ để kiểm soát nhanh. Cần kết hợp phun thuốc đặc trị để tiêu diệt tảo và ngăn chặn lây lan.

#### 📌 Nhóm thuốc khuyến nghị:

**A. Thuốc đặc trị tảo (Ưu tiên):**
1.  **Đồng (Cu) – Dạng vô cơ hoặc hữu cơ:**
    *   *Thuốc:* **Bordeux** (vôi đồng), **Kocide**, **Mancozeb + Đồng**, hoặc các chế phẩm chứa **Đồng oxyclorua**.
    *   *Cơ chế:* Đồng có tác dụng diệt tảo và nấm rất tốt.
    *   *Lưu ý:* Không phun đồng vào lúc trời nắng gắt hoặc nhiệt độ >35°C để tránh cháy lá. Phun vào buổi chiều mát.

2.  **Thuốc sinh học / Chế phẩm vi sinh:**
    *   *Thuốc:* Các chế phẩm chứa **Trichoderma**, **Bacillus subtilis**, hoặc **Chitosan**.
    *   *Ưu điểm:* An toàn, không gây kháng thuốc, hỗ trợ tăng sức đề kháng cho cây.
    *   *Nhược điểm:* Tác dụng chậm hơn, phù",True,True,False,True,True,True
algal_severity_2__WS_RAIN_SPORE_DISPERSAL,algal,2,WS_RAIN_SPORE_DISPERSAL,"Chào bạn, với vai trò là chuyên gia tư vấn bệnh cây trồng, tôi xin đưa ra bản chẩn đoán và hướng xử lý cho vườn sầu riêng của bạn dựa trên thông tin đã cung cấp.

### 1. Tóm tắt tình trạng bệnh
Cây sầu riêng của bạn đang mắc bệnh **Đốm lá tảo (Algal leaf spot)**, còn được gọi là bệnh gỉ sắt đỏ hoặc mảng xanh.
*   **Tác nhân gây bệnh:** Tảo ký sinh thuộc chi *Cephaleuros* (đặc biệt là *Cephaleuros virescens*).
*   **Triệu chứng nhận biết:** Trên lá xuất hiện các đốm tròn màu xanh, cam hoặc nâu rỉ sắt. Các đốm này có thể hơi gồ lên bề mặt lá.
*   **Mức độ nghiêm trọng:** Mức độ 2 (Severity 2). Điều này có nghĩa là từ **10–35% diện tích bề mặt lá** đã bị tổn thương. Nếu không xử lý, các đốm có thể hợp lại thành mảng lớn, làm giảm khả năng quang hợp của cây.

### 2. Tóm tắt thời tiết sắp tới
*   **Dự báo:** Có **mưa đáng kể** trong 3 ngày tới.
*   **Rủi ro:** Mức rủi ro tăng cao (increased).
*   **Ảnh hưởng:** Lượng mưa và độ ẩm cao sẽ tạo điều kiện thuận lợi để bào tử nấm/tảo phát tán và nảy mầm, làm bệnh đốm lá/cháy lá lây lan nhanh hơn.

### 3. Việc cần làm ngay
Do dự báo có **mưa đáng kể trong 3 ngày tới**, độ ẩm sẽ tăng cao và lá cây sẽ bị ướt kéo dài, đây là điều kiện lý tưởng để bệnh đốm lá tảo bùng phát mạnh hơn. Bạn cần thực hiện ngay các hành động sau:

1.  **Kiểm tra lan rộng:** Hãy kiểm tra kỹ các lá và cành lân cận để đánh giá xem bệnh đã lan rộng đến mức nào chưa.
2.  **Không làm việc khi lá ướt:** Tuyệt đối **tránh cắt tỉa hoặc di chuyển trong tán cây** khi lá còn ướt do mưa. Việc này sẽ vô tình giúp bào tử bệnh lây lan từ cây này sang cây khác hoặc từ lá này sang lá khác.
3.  **Đảm bảo thoát nước:** Kiểm tra hệ thống thoát nước trong vườn để đảm bảo nước mưa không đọng lại, giúp giảm độ ẩm xung quanh tán cây.

### 4. Quản lý bệnh
Để kiểm soát bệnh hiện tại, bạn nên áp dụng các biện pháp sau:
*   **Tỉa tán cây:** Tỉa bỏ các cành lá rậm rạp để tăng cường ánh sáng mặt trời chiếu vào và cải thiện lưu thông không khí trong tán. Điều này giúp lá khô nhanh hơn sau mưa, hạn chế môi trường sống của tảo.
*   **Vệ sinh vườn:** Thu gom và loại bỏ các bộ phận (lá, cành) bị bệnh nặng nếu điều kiện cho phép, nhằm giảm nguồn lây nhiễm.
*   **Giảm độ ẩm:** Duy trì vườn thông thoáng, tránh để độ ẩm quanh tán cây quá cao.
*   **Về thuốc phòng trừ:** Chỉ cân nhắc sử dụng các sản phẩm gốc đồng nếu chúng được khuyến cáo và đã đăng ký lưu hành tại địa phương của bạn. **Không tự ý mua và phun thuốc nếu không rõ nguồn gốc hoặc chưa được hướng dẫn cụ thể.**

### 5. Phòng ngừa
Để ngăn bệnh tái phát hoặc lây lan sang cây khác:
*   **Duy trì sức khỏe cây trồng:** Chăm sóc cây khỏe mạnh, bón phân cân đối để cây có sức đề kháng tốt.
*   **Hạn chế tán rậm:** Tiếp tục duy trì việc tỉa tán hợp lý, không để tán cây quá dày đặc.
*   **Vệ sinh thường xuyên:** Tăng cường vệ sinh vườn, loại bỏ kịp thời các lá/cành bị bệnh để giảm nguồn lây lan.

### 6. Theo dõi
*   **Quan sát sau mưa:** Hãy đặc biệt chú ý kiểm tra lá cây sau mỗi đợt mưa hoặc trong những giai đoạn ẩm ướt kéo dài.
*   **Ghi nhận tiến triển:** Ghi lại những cây hoặc lá bị ảnh hưởng để so sánh xem bệnh có tiến triển nặng hơn hay thuyên giảm sau các biện pháp xử lý.

### 7. Cảnh báo
*   **Không tự ý dùng thuốc:** Tuyệt đối không tự suy ra liều lượng hoặc hoạt chất thuốc trừ bệnh nếu nhãn sản phẩm địa phương không hỗ trợ hoặc chưa có hướng dẫn rõ ràng. Việc dùng thuốc sai cách có thể gây hại cho cây và môi trường.
*   **Liên hệ chuyên gia:** Nếu tình trạng bệnh nặng hoặc bạn không chắc chắn về cách xử lý, hãy liên hệ với cán bộ kỹ thuật nông nghiệp địa phương để được hỗ trợ trực tiếp.

",True,False,False,False,True,False,"Chào bạn, với tư cách là chuyên gia tư vấn kỹ thuật cây trồng, tôi xin đưa ra phác đồ xử lý chi tiết cho tình huống **Bệnh tảo lục (Cephaleuros virescens)** trên cây sầu riêng với mức độ nhiễm bệnh trung bình (>10–35% diện tích lá).

Mức độ này cho thấy bệnh đã phát triển rõ rệt, ảnh hưởng đến khả năng quang hợp của cây, nhưng chưa đến mức gây chết cây nếu được xử lý kịp thời. Dưới đây là khuyến nghị cụ thể:

### 1. Nguyên nhân và Đặc điểm bệnh

*   **Bản chất bệnh:** Đây không phải là nấm hay vi khuẩn, mà là một loại **tảo ký sinh** (Cephaleuros virescens). Tảo này xâm nhập vào biểu bì lá, hút dinh dưỡng và làm tắc nghẽn khí khổng.
*   **Triệu chứng điển hình:**
    *   Xuất hiện các đốm tròn, màu xanh lá cây đậm hoặc xám xanh, sau chuyển sang màu nâu đỏ hoặc nâu sẫm khi tảo chết đi.
    *   Bề mặt đốm thường có lớp phấn mịn (bào tử tảo).
    *   Lá bị nhiễm nặng sẽ vàng, khô và rụng sớm.
*   **Điều kiện thuận lợi:**
    *   Độ ẩm không khí cao (>80%), mưa nhiều, sương mù.
    *   Vườn cây rậm rạp, thiếu ánh sáng mặt trời chiếu xuống tán lá.
    *   Cây suy yếu do thiếu dinh dưỡng (đặc biệt là Kali và Magie) hoặc bị stress do hạn hán/nóng bức.

### 2. Biện pháp quản lý vườn (Canh tác)

Đây là bước **quan trọng nhất** để kiểm soát bệnh lâu dài, vì thuốc chỉ có tác dụng tạm thời.

*   **Tạo thông thoáng tán lá:**
    *   Cắt tỉa cành sâu trong tán, cành khô, cành bệnh để ánh sáng mặt trời chiếu sâu vào trong vườn.
    *   Tỉa thưa tán cây nếu mật độ trồng quá dày. Ánh sáng và gió giúp làm khô bề mặt lá nhanh chóng, ức chế sự phát triển của tảo.
*   **Quản lý nước tưới:**
    *   Tránh tưới nước lên tán lá vào buổi chiều tối. Nên tưới gốc vào buổi sáng sớm để lá khô nhanh trong ngày.
    *   Đảm bảo hệ thống thoát nước tốt, tránh úng rễ làm cây suy yếu.
*   **Bón phân cân đối:**
    *   Tăng cường bón **Kali (K)** và **Magie (Mg)** để tăng cường sức đề kháng của lá, giúp biểu bì lá dày hơn, khó bị tảo xâm nhập.
    *   Bón phân hữu cơ vi sinh để cải tạo đất, giúp bộ rễ khỏe mạnh.
    *   Hạn chế bón thừa Đạm (N) vì sẽ làm lá mềm, mọng nước, dễ bị bệnh tấn công.

### 3. Có cần phun thuốc hay không? Phun gì?

**Câu trả lời: CÓ, cần phun thuốc.**
Với mức độ nhiễm >10–35%, biện pháp canh tác đơn thuần chưa đủ để kiểm soát nhanh. Cần kết hợp phun thuốc đặc trị để tiêu diệt tảo đang hoạt động.

#### A. Nhóm thuốc đặc trị (Tiêu diệt tảo)
Sử dụng các loại thuốc có hoạt chất đồng (Cu) hoặc các hoạt chất chuyên dụng chống tảo:

1.  **Đồng (Copper-based fungicides):**
    *   **Hoạt chất:** Copper Hydroxide, Copper Oxychloride, hoặc Mancozeb + Copper.
    *   **Ưu điểm:** Hiệu quả cao, giá thành hợp lý, phổ biến.
    *   **Lưu ý:** Không phun khi trời nắng gắt (>30°C) hoặc sắp mưa. Phun vào buổi chiều mát. Luân phiên với các nhóm khác để tránh kháng thuốc và cháy lá.
    *   **Ví dụ sản phẩm:** Kocide, Cuprozin, Zineb + Copper...

2.  **Thuốc đặc trị tảo (Algaecides):**
    *   **Hoạt chất:** Mancozeb, Propineb, hoặc các sản phẩm có chứa **Chlorothalonil**.
    *   **Lưu ý:** Một số sản phẩm mới có hoạt chất **Dimethomorph** hoặc **Mandipropamid** cũng có hiệu quả tốt trên tảo và nấm.

#### B. Quy trình phun thuốc khuyến nghị:
*   **Lần 1:** Phun thuốc đặc trị (ví dụ: Copper Hydroxide) với liều lượng theo hướng dẫn trên bao bì.
*   **Lần 2:** Cách lần 1 từ **7–10 ngày**. Có",True,True,False,True,True,True
algal_severity_2__WS_HIGH_HUMIDITY_FUNGAL,algal,2,WS_HIGH_HUMIDITY_FUNGAL,"Chào bạn, tôi là chuyên gia tư vấn bệnh cây trồng. Dựa trên kết quả chẩn đoán và dữ liệu thời tiết hiện tại, dưới đây là lời khuyên chi tiết cho vườn sầu riêng của bạn:

### 1. Tóm tắt tình trạng bệnh
Cây sầu riêng của bạn đang mắc bệnh **Đốm tảo lá (Algal leaf spot)**, còn được gọi là bệnh gỉ sắt đỏ hoặc vảy xanh.
*   **Tác nhân gây bệnh:** Do tảo ký sinh thuộc chi *Cephaleuros* (đặc biệt là *Cephaleuros virescens*).
*   **Triệu chứng:** Trên lá xuất hiện các đốm tròn màu xanh, cam hoặc nâu rỉ sắt. Các đốm này có thể hơi gồ lên bề mặt lá.
*   **Mức độ nghiêm trọng:** Mức độ 2 (Severity 2). Điều này có nghĩa là từ **10–35% diện tích bề mặt lá** đã bị tổn thương. Nếu không kiểm soát, các đốm có thể hợp lại thành mảng lớn, làm giảm khả năng quang hợp của cây.

### 2. Tóm tắt thời tiết sắp tới
*   **Dự báo:** Độ ẩm duy trì ở mức cao trong **3 ngày tới**.
*   **Rủi ro:** Mức rủi ro tăng cao (increased).
*   **Tác động:** Điều kiện độ ẩm cao kéo dài là môi trường lý tưởng để nấm bệnh đốm lá/cháy lá phát sinh hoặc lan rộng nhanh chóng.

### 3. Việc cần làm ngay
Do dự báo độ ẩm cao kéo dài trong 3 ngày tới tạo điều kiện thuận lợi cho bệnh lan rộng, bạn cần thực hiện ngay các hành động sau:

*   **Kiểm tra kỹ tán lá:** Hãy kiểm tra thêm các lá và cành lân cận, đặc biệt chú ý quan sát **mặt dưới lá**, để đánh giá chính xác mức độ lan rộng của bệnh.
*   **Tăng cường thông thoáng:** Tỉa bớt cành lá rậm rạp ngay lập tức để tăng ánh sáng và lưu thông không khí trong tán. Việc này giúp giảm độ ẩm cục bộ quanh lá, hạn chế môi trường sống của tảo bệnh.
*   **Điều chỉnh cách tưới:** Tuyệt đối **tránh tưới làm ướt lá** vào buổi chiều hoặc tối. Nên tưới vào buổi sáng để lá có thời gian khô ráo trước khi độ ẩm đêm tăng cao.

### 4. Quản lý bệnh
*   **Vệ sinh vườn:** Thu gom và loại bỏ các bộ phận lá/cành bị ảnh hưởng nặng (nếu có thể thực hiện an toàn) để giảm nguồn lây lan.
*   **Giảm độ ẩm:** Duy trì vườn cây khô ráo xung quanh tán cây.
*   **Sử dụng thuốc (Cẩn trọng):** Chỉ cân nhắc sử dụng các sản phẩm gốc đồng nếu chúng được khuyến cáo và đã đăng ký sử dụng tại địa phương của bạn. **Không tự ý mua thuốc nếu không rõ nguồn gốc hoặc chưa được hướng dẫn cụ thể.**

### 5. Phòng ngừa
*   **Duy trì sức khỏe cây trồng:** Chăm sóc cây khỏe mạnh, bón phân cân đối để cây có sức đề kháng tốt.
*   **Quản lý tán cây:** Hạn chế để tán cây quá rậm rạp, thường xuyên tỉa cành tạo tán hợp lý.
*   **Vệ sinh thường xuyên:** Tăng cường vệ sinh vườn, loại bỏ lá bệnh rụng xuống để giảm nguồn bệnh tiềm tàng.

### 6. Theo dõi
*   **Sau mưa/ẩm ướt:** Cần theo dõi sát sao tình trạng lá sau các đợt mưa hoặc trong giai đoạn độ ẩm cao kéo dài.
*   **Ghi chép:** Ghi nhận lại những cây/lá bị ảnh hưởng để so sánh tiến triển bệnh trong những ngày tới, giúp đánh giá hiệu quả của các biện pháp xử lý.

### 7. Cảnh báo
*   **Không tự ý dùng thuốc:** Tuyệt đối không tự suy ra liều lượng hoặc chọn hoạt chất thuốc trừ nấm/tảo nếu nhãn thuốc hoặc cán bộ kỹ thuật địa phương không hỗ trợ/hướng dẫn cụ thể. Việc dùng sai thuốc có thể gây hại cho cây hoặc ô nhiễm môi trường.
*   **Liên hệ chuyên gia:** Nếu tình trạng bệnh nặng hơn hoặc bạn không chắc chắn về cách xử lý, hãy liên hệ ngay với cán bộ kỹ thuật nông nghiệp địa phương để được hỗ trợ trực tiếp.

---

**Nguồn tham khảo:**
• [S3] Clemson Extension: Algal Leaf Spot — https://hgic.clemson.edu/factsheet/algal-leaf-spot/
• [S4] CTAHR University of Hawaiʻi: Cephaleuros species, the plant-parasitic green algae — https://www.ctahr.hawaii.edu/oc/freepubs/pdf/pd-43.pdf
• [S5] Plant",True,False,False,False,False,False,"Chào bạn, với tư cách là chuyên gia tư vấn kỹ thuật cây trồng, tôi nhận thấy tình trạng **Bệnh tảo lục (Algal Leaf Spot)** trên vườn sầu riêng của bạn đang ở mức **trung bình (>10–35% diện tích lá)**. Đây là mức độ cần can thiệp kịp thời để ngăn chặn sự lây lan nhanh chóng, đặc biệt là trong mùa mưa hoặc thời tiết ẩm ướt, vì bệnh này có thể làm giảm khả năng quang hợp, khiến cây suy yếu và dễ mắc các bệnh khác.

Dưới đây là khuyến nghị chi tiết để xử lý và quản lý tình trạng này:

### 1. Nguyên nhân và Đặc điểm bệnh

*   **Tác nhân gây bệnh:** Do loài tảo *Cephaleuros virescens* (một loại tảo lục ký sinh trên lá).
*   **Đặc điểm nhận biết:**
    *   Trên mặt lá xuất hiện các đốm tròn hoặc hình bầu dục, màu xanh nhạt, xanh xám hoặc nâu đỏ.
    *   Bề mặt đốm bệnh thường có lớp bột mịn màu xanh lá cây (đây là bào tử của tảo).
    *   Về sau, đốm bệnh có thể chuyển sang màu nâu, khô và rụng khỏi lá.
*   **Nguyên nhân bùng phát:**
    *   **Độ ẩm cao:** Thời tiết mưa nhiều, sương mù dày đặc hoặc tưới nước không đúng cách (tưới vào buổi tối).
    *   **Vườn quá rậm rạp:** Tán lá dày đặc, thiếu ánh sáng xuyên xuống dưới, tạo môi trường ẩm ướt lý tưởng cho tảo phát triển.
    *   **Cây suy yếu:** Thiếu dinh dưỡng (đặc biệt là Kali và Canxi) hoặc bị stress do hạn hán/nướclogged.
    *   **Lan truyền:** Qua gió, mưa, nước tưới, hoặc công cụ cắt tỉa bị nhiễm bệnh.

### 2. Biện pháp quản lý vườn (Vệ sinh thực vật)

Đây là bước **quan trọng nhất** để giảm nguồn bệnh trước khi phun thuốc:

*   **Tỉa cành tạo tán:**
    *   Tỉa bỏ các cành sâu bệnh, cành khô, cành nằm sâu trong tán lá để tăng độ thông thoáng.
    *   Mục tiêu: Ánh sáng mặt trời và gió có thể xuyên qua tán lá, giúp lá khô nhanh sau mưa, hạn chế môi trường ẩm ướt cho tảo.
*   **Vệ sinh vườn:**
    *   Thu gom và tiêu hủy (đốt hoặc chôn vùi) các lá rụng, cành bị bệnh dưới gốc cây. Không để lá bệnh nằm lại trên mặt đất vì bào tử tảo có thể phát tán ngược lên lá non khi có gió/mưa.
*   **Kiểm soát cỏ dại:**
    *   Cắt tỉa cỏ xung quanh gốc cây để giảm độ ẩm cục bộ và hạn chế nơi trú ẩn của sâu bệnh.

### 3. Có cần phun thuốc không? Phun gì?

**Câu trả lời: CÓ, cần phun thuốc.**
Với mức độ nhiễm bệnh >10–35%, biện pháp vệ sinh đơn thuần chưa đủ để kiểm soát. Bạn cần kết hợp phun thuốc đặc trị để tiêu diệt tảo và ngăn ngừa tái phát.

#### A. Nhóm thuốc đặc trị tảo (Algaecides)
Sử dụng các loại thuốc có hoạt chất đặc hiệu với tảo:

1.  **Đồng (Copper-based fungicides):**
    *   **Hoạt chất:** Copper Hydroxide, Copper Oxychloride, hoặc Mancozeb + Copper.
    *   **Lưu ý:** Phun vào lúc trời râm mát, tránh nắng gắt để tránh cháy lá. Không phun khi trời sắp mưa.
    *   **Liều lượng:** Theo hướng dẫn trên bao bì (thường 200–300g/16 lít nước).

2.  **Thuốc sinh học (Khuyến khích sử dụng để an toàn và bền vững):**
    *   **Trichoderma spp.:** Giúp đối kháng với nhiều loại nấm và tảo, cải thiện đất.
    *   **Bacillus subtilis:** Có tác dụng ức chế sự phát triển của tảo và nấm bệnh.
    *   **Chiết xuất tỏi, neem (cây xoan Ấn Độ):** Có tính chất kháng khuẩn, kháng tảo nhẹ, phù hợp phun phòng ngừa sau khi kiểm soát bệnh.

#### B. Lịch phun thuốc đề xuất:
*   **Lần 1:** Phun ngay khi phát hiện bệnh, ưu tiên dùng thuốc chứa Đồng (Copper) để tiêu diệt nhanh.
*   **Lần 2:** Phun lại sau 7–10 ngày nếu bệnh vẫn còn hoặc thời tiết ẩm ướt.
*   **Lần",True,True,False,False,True,True
algal_severity_2__WS_PROLONGED_WET_SEVERE,algal,2,WS_PROLONGED_WET_SEVERE,"Chào bạn, với tư cách là chuyên gia tư vấn bệnh cây trồng, tôi xin đưa ra bản chẩn đoán và hướng xử lý cho vườn sầu riêng của bạn dựa trên thông tin hiện có.

### 1. Tóm tắt tình trạng bệnh
Cây sầu riêng của bạn đang mắc bệnh **Đốm lá tảo (Algal leaf spot)**, do loại tảo ký sinh *Cephaleuros spp.* (thường là *Cephaleuros virescens*) gây ra.
*   **Mức độ nhiễm bệnh:** Mức 2 (Severity 2).
*   **Diện tích tổn thương:** Từ 10–35% diện tích bề mặt lá bị ảnh hưởng.
*   **Triệu chứng nhận biết:** Trên lá xuất hiện các đốm tròn màu xanh, cam hoặc nâu rỉ sắt. Các đốm này có thể hơi gồ lên bề mặt lá. Khi bệnh nặng, các đốm nhỏ có thể hợp lại thành những mảng lớn, làm giảm diện tích lá quang hợp, ảnh hưởng đến sức khỏe cây.

### 2. Tóm tắt thời tiết sắp tới
*   **Dự báo:** Tổng lượng mưa trong 3 ngày tới **rất lớn**.
*   **Mức độ rủi ro:** Cao (High).
*   **Tác động:** Lượng mưa lớn kết hợp với độ ẩm cao kéo dài là điều kiện lý tưởng khiến bệnh đốm lá/cháy lá lan nhanh hơn bình thường.

### 3. Việc cần làm ngay
Do dự báo có **lượng mưa rất lớn trong 3 ngày tới**, độ ẩm sẽ tăng cao và lá cây sẽ bị ướt trong thời gian dài, tạo môi trường thuận lợi cho tảo ký sinh phát triển mạnh. Vì vậy, bạn cần thực hiện ngay các hành động sau:

1.  **Kiểm tra tán lá hàng ngày:** Quan sát kỹ các lá và cành gần đó để đánh giá mức độ lan rộng của bệnh.
2.  **Xử lý thoát nước:** Ưu tiên kiểm tra và xử lý ngay các điểm thoát nước kém trong vườn để tránh nước đọng, làm tăng độ ẩm quanh tán cây.
3.  **Ghi nhận sớm:** Nếu thấy vết bệnh có dấu hiệu lan rộng nhanh chóng, hãy ghi nhận lại và báo ngay cho cán bộ kỹ thuật địa phương để được hỗ trợ kịp thời.

### 4. Quản lý bệnh
Để kiểm soát bệnh hiện tại, bạn nên áp dụng các biện pháp sau:
*   **Tỉa tán:** Cắt tỉa bớt cành lá rậm rạp để tăng ánh sáng chiếu vào và cải thiện lưu thông không khí trong tán cây, giúp lá khô nhanh hơn sau mưa.
*   **Vệ sinh vườn:** Thu gom và loại bỏ các bộ phận (lá, cành) bị nhiễm bệnh nặng nếu phù hợp, nhằm giảm nguồn lây lan.
*   **Giảm độ ẩm:** Thực hiện các biện pháp giúp giảm độ ẩm xung quanh tán cây.
*   **Về thuốc:** Chỉ cân nhắc sử dụng các sản phẩm gốc đồng khi được khuyến cáo cụ thể và đã được đăng ký phép lưu hành tại địa phương. **Không tự ý mua và phun thuốc nếu chưa có chỉ dẫn rõ ràng.**

### 5. Phòng ngừa
Để hạn chế bệnh tái phát hoặc lây lan sang cây khác:
*   Duy trì sức khỏe cho cây, tránh để tán cây quá rậm rạp.
*   Tăng cường vệ sinh vườn, loại bỏ nguồn lây bệnh từ lá và cành đã bị nhiễm trước đó.

### 6. Theo dõi
*   Đặc biệt chú ý theo dõi tình trạng cây sau các đợt mưa hoặc trong giai đoạn ẩm ướt kéo dài.
*   Ghi chép lại số lượng cây/lá bị ảnh hưởng để so sánh và đánh giá tiến triển của bệnh qua từng giai đoạn.

### 7. Cảnh báo
*   **Không tự suy ra liều lượng hoặc hoạt chất** nếu nguồn cung cấp hoặc nhãn thuốc địa phương không hỗ trợ rõ ràng. Việc dùng thuốc sai cách có thể gây hại cho cây và môi trường.
*   Nếu tình trạng bệnh diễn biến phức tạp hoặc cần xử lý nặng, hãy liên hệ trực tiếp với cán bộ kỹ thuật nông nghiệp địa phương để được hướng dẫn cụ thể.

---

**Nguồn tham khảo:**
• [S3] Clemson Extension: Algal Leaf Spot — https://hgic.clemson.edu/factsheet/algal-leaf-spot/
• [S4] CTAHR University of Hawaiʻi: Cephaleuros species, the plant-parasitic green algae — https://www.ctahr.hawaii.edu/oc/freepubs/pdf/pd-43.pdf
• [S5] Plantix: Algal Leaf Spot — https://plantix.net/en/library/plant-diseases/800004/algal-leaf-spot/
• [S6] IR-4 Environmental Horticulture Program: Algal",True,False,False,False,True,False,"Chào bạn, với tư cách là chuyên gia tư vấn kỹ thuật cây trồng, tôi xin đưa ra phác đồ xử lý chi tiết cho tình huống **Bệnh tảo lục (Cephaleuros virescens)** trên cây sầu riêng với mức độ nhiễm bệnh trung bình (>10–35% diện tích lá).

Đây là mức độ nhiễm bệnh ở giai đoạn ""cảnh báo vàng"". Nếu không xử lý kịp thời, bệnh sẽ lan nhanh, làm giảm khả năng quang hợp, khiến cây suy yếu và dễ bị các bệnh khác tấn công (như thán thư, chảy gôm). Tuy nhiên, vì chưa ở mức nghiêm trọng (>35%), chúng ta vẫn có thể kiểm soát tốt bằng cách kết hợp quản lý vườn và phun thuốc định kỳ.

Dưới đây là khuyến nghị chi tiết:

### 1. Nguyên nhân và Đặc điểm bệnh

*   **Tác nhân gây bệnh:** Do tảo *Cephaleuros virescens*. Đây không phải là nấm hay vi khuẩn, mà là một loại tảo ký sinh.
*   **Điều kiện thuận lợi:**
    *   Độ ẩm không khí cao, mưa nhiều, sương mù.
    *   Vườn cây rậm rạp, thiếu ánh sáng, thông gió kém.
    *   Cây trồng thiếu dinh dưỡng (đặc biệt là Kali và Canxi), sức đề kháng kém.
    *   Đất bị úng nước hoặc thoát nước kém.
*   **Triệu chứng nhận biết:**
    *   Trên lá xuất hiện các đốm nhỏ màu xanh nhạt, sau chuyển sang màu nâu đỏ, xám hoặc đen.
    *   Các đốm bệnh có viền màu xanh lá cây đậm bao quanh.
    *   Khi bệnh nặng, các đốm liên kết với nhau, làm lá vàng, rụng sớm.
    *   Bệnh cũng có thể xuất hiện trên thân, cành và quả (gây sẹo, ảnh hưởng thẩm mỹ và năng suất).

### 2. Biện pháp quản lý vườn (Quản lý canh tác)

Đây là bước **quan trọng nhất** để ngăn ngừa tái phát. Thuốc chỉ là biện pháp hỗ trợ tạm thời.

*   **Tỉa cành tạo tán:**
    *   Tỉa bỏ các cành sâu bệnh, cành yếu, cành nằm sâu trong tán để tăng độ thông thoáng.
    *   Đảm bảo ánh sáng mặt trời chiếu vào được phần lớn tán lá. Tảo lục rất sợ ánh sáng trực tiếp và khô ráo.
*   **Quản lý nước:**
    *   Đảm bảo hệ thống thoát nước tốt, tránh úng rễ.
    *   Hạn chế tưới nước lên lá vào buổi chiều tối. Nên tưới gốc vào buổi sáng để lá khô nhanh trước khi trời tối.
*   **Bón phân cân đối:**
    *   Tăng cường bón **Kali (K)** và **Canxi (Ca)** để tăng độ dày của biểu bì lá, giúp lá cứng cáp, khó bị tảo xâm nhập.
    *   Bón thêm phân hữu cơ vi sinh để cải tạo đất, tăng sức đề kháng cho cây.
    *   Tránh bón quá nhiều Đạm (N) vì sẽ làm cây sinh trưởng mạnh, lá non mềm, dễ bị bệnh.
*   **Vệ sinh vườn:**
    *   Thu gom và tiêu hủy (đốt hoặc chôn vùi) các lá rụng, cành bị bệnh ra khỏi vườn để giảm nguồn lây lan.

### 3. Có cần phun thuốc không? Phun gì?

**Câu trả lời: CÓ, cần phun thuốc.**
Với mức độ nhiễm >10–35%, biện pháp canh tác đơn thuần chưa đủ để kiểm soát nhanh. Cần phun thuốc đặc trị để tiêu diệt tảo đang hoạt động và ngăn chặn sự lây lan.

#### **Lựa chọn thuốc:**
Sử dụng các loại thuốc có hoạt chất **Đồng (Cu)** hoặc **Mancozeb** kết hợp với thuốc kích thích sinh trưởng.

*   **Nhóm thuốc Đồng (Hiệu quả cao nhất với tảo):**
    *   *Copper Hydroxide* (Ví dụ: Kocide, Cuprofix, Anvil...)
    *   *Copper Oxychloride* (Ví dụ: Coc 85WP, Kocide 77WP...)
    *   *Lưu ý:* Không phun thuốc đồng khi trời nắng gắt hoặc nhiệt độ >35°C để tránh cháy lá.

*   **Nhóm thuốc hỗ trợ/Phòng ngừa:**
    *   *Mancozeb* (Ví dụ: Dithane M45, Mancozeb 80WP...)
    *   *Chlorothalonil* (Ví dụ: Bravo 500SC...)

#### **Phác đồ phun đề xuất:**

1.  **Lần 1 (Xử lý ngay):**",True,True,False,True,True,True
algal_severity_2__WS_PSYLLID_WARM_CONDITIONS,algal,2,WS_PSYLLID_WARM_CONDITIONS,"Chào bạn, với vai trò là chuyên gia tư vấn bệnh cây trồng, tôi xin đưa ra bản chẩn đoán và khuyến nghị xử lý cho vườn sầu riêng của bạn dựa trên thông tin đã cung cấp.

### 1. Tóm tắt tình trạng bệnh
Cây sầu riêng của bạn đang mắc bệnh **Đốm lá tảo (Algal leaf spot)**, còn được gọi là bệnh gỉ sắt đỏ hoặc mảng xanh. Bệnh này do tảo ký sinh (thuộc chi *Cephaleuros*, đặc biệt là *Cephaleuros virescens*) gây ra.

*   **Mức độ nhiễm bệnh:** Mức độ 2 (Trung bình).
*   **Diện tích tổn thương:** Từ 10–35% diện tích bề mặt lá bị ảnh hưởng.
*   **Triệu chứng nhận biết:** Trên lá xuất hiện các đốm tròn màu xanh, cam hoặc nâu giống màu rỉ sắt. Các đốm này có thể hơi gồ lên bề mặt lá. Khi bệnh nặng, các đốm nhỏ có thể hợp lại thành những mảng lớn, làm giảm khả năng quang hợp của lá.

### 2. Tóm tắt thời tiết sắp tới
*   **Kịch bản:** Đêm ấm kéo dài trong 3 ngày tới.
*   **Đánh giá rủi ro:** Điều kiện này thuận lợi cho sự phát triển của rầy mềm (psyllid).
*   **Lưu ý:** Mặc dù thời tiết ấm áp chủ yếu ảnh hưởng đến sâu hại, nhưng việc tán cây bị suy yếu do bệnh đốm lá tảo có thể khiến cây dễ bị tấn công hơn bởi các đối tượng gây hại khác. Hiện tại, kịch bản thời tiết này không nằm trong nhóm điều kiện nguy cơ đặc biệt trực tiếp làm bùng phát mạnh bệnh đốm lá tảo (thường cần độ ẩm cao/mưa nhiều), nhưng vẫn cần duy trì các biện pháp quản lý tiêu chuẩn.

### 3. Việc cần làm ngay
*   **Hành động:** Kiểm tra kỹ các lá và cành lân cận với những lá đang bị bệnh.
*   **Lý do:** Mục đích là để đánh giá mức độ lan rộng của bệnh. Vì bệnh đang ở mức độ 2 (10-35% diện tích lá bị tổn thương), việc xác định xem bệnh có đang lây lan sang các cành khác hay không sẽ giúp bạn quyết định mức độ can thiệp cần thiết (chỉ vệ sinh cục bộ hay cần xử lý toàn bộ tán cây).

### 4. Quản lý
Để kiểm soát bệnh đốm lá tảo, bạn cần thực hiện các biện pháp sau:
*   **Tỉa tán cây:** Cắt bỏ các cành lá quá rậm rạp để tăng cường ánh sáng chiếu vào trong tán và cải thiện lưu thông không khí. Điều này giúp làm khô lá nhanh hơn sau khi có sương hoặc mưa, hạn chế môi trường ẩm ướt mà tảo thích phát triển.
*   **Vệ sinh vườn:** Thu gom và loại bỏ các bộ phận lá/cành bị nhiễm bệnh nặng (nếu phù hợp với quy trình canh tác của bạn) để giảm nguồn lây lan.
*   **Giảm độ ẩm quanh tán:** Đảm bảo hệ thống thoát nước tốt, tránh đọng nước quanh gốc cây.
*   **Về việc sử dụng thuốc:** Chỉ cân nhắc sử dụng các sản phẩm gốc đồng nếu chúng được khuyến cáo và đã được đăng ký lưu hành tại địa phương của bạn. **Không tự ý mua và phun thuốc nếu chưa rõ nguồn gốc hoặc chưa có sự hướng dẫn từ cán bộ kỹ thuật.**

### 5. Phòng ngừa
*   **Duy trì sức khỏe cây trồng:** Chăm sóc cây khỏe mạnh, bón phân cân đối để tăng sức đề kháng.
*   **Quản lý tán cây:** Tránh để tán cây quá rậm rạp, thường xuyên tỉa cành tạo tán hợp lý.
*   **Vệ sinh thường xuyên:** Loại bỏ lá rụng, cành khô và các vật liệu hữu cơ bị bệnh trong vườn để giảm nguồn lây nhiễm tiềm ẩn.

### 6. Theo dõi
*   **Thời điểm quan sát:** Đặc biệt chú ý kiểm tra sau các đợt mưa hoặc trong những giai đoạn có độ ẩm cao kéo dài.
*   **Ghi chép:** Ghi nhận lại những cây hoặc cụm lá bị ảnh hưởng để so sánh sự tiến triển của bệnh trong các lần kiểm tra tiếp theo. Nếu thấy diện tích bệnh tăng nhanh hoặc lan rộng bất thường, cần xem xét lại biện pháp quản lý.

### 7. Cảnh báo
*   **Không tự ý quyết định liều lượng hay hoạt chất thuốc:** Việc sử dụng sai thuốc, sai liều lượng có thể gây hại cho cây, môi trường và con người. Chỉ sử dụng thuốc bảo vệ thực vật có đăng ký và tuân thủ hướng dẫn trên nhãn hoặc theo khuyến cáo của cán bộ kỹ thuật địa phương.
*   **Liên hệ chuyên gia:** Nếu tình trạng bệnh nặng lên hoặc",True,False,False,False,True,False,"Chào bạn, với tư cách là chuyên gia tư vấn kỹ thuật cây trồng, tôi xin đưa ra phác đồ xử lý chi tiết cho tình huống **Bệnh tảo lục (Cephaleuros virescens)** trên cây sầu riêng với mức độ nhiễm bệnh trung bình (>10–35% diện tích lá).

Mức độ này được coi là **cảnh báo vàng**. Nếu không can thiệp kịp thời, bệnh sẽ lan nhanh, làm giảm khả năng quang hợp, khiến cây suy yếu, giảm năng suất và dễ bị các bệnh hại khác tấn công (như thán thư, đốm nâu).

---

### 1. Nguyên nhân & Đặc điểm bệnh

*   **Tác nhân:** Do tảo *Cephaleuros virescens* (một loại tảo lục ký sinh), không phải nấm hay vi khuẩn.
*   **Đặc điểm nhận dạng:**
    *   Trên lá xuất hiện các đốm tròn, màu xanh nhạt, xanh xám hoặc nâu đỏ.
    *   Bề mặt đốm có thể có lớp phấn mịn màu xanh hoặc nâu.
    *   Lá bị nhiễm nặng sẽ khô, rụng sớm.
*   **Nguyên nhân phát sinh mạnh:**
    *   Vườn cây quá rậm rạp, thiếu ánh sáng, độ ẩm cao.
    *   Tưới nước phun sương hoặc tưới tràn làm nước bắn lên lá, tạo môi trường ẩm ướt cho tảo phát triển.
    *   Thiếu hụt dinh dưỡng, đặc biệt là **Kali (K)** và **Canxi (Ca)**, làm cây suy yếu, biểu bì lá mỏng, dễ bị tảo bám.
    *   Sử dụng phân Nitơ (N) quá nhiều khiến lá non mọng nước, dễ nhiễm bệnh.

---

### 2. Biện pháp quản lý vườn (Canh tác)

Đây là bước **quan trọng nhất** để kiểm soát bệnh tảo, vì thuốc chỉ có tác dụng hỗ trợ.

*   **Tỉa cành tạo tán:**
    *   Tỉa bỏ các cành sâu bệnh, cành nằm sâu trong tán, cành giao nhau để tăng độ thông thoáng.
    *   Mục tiêu: Ánh sáng mặt trời chiếu được vào sâu trong tán, gió lưu thông tốt, làm khô lá nhanh sau mưa/tưới.
*   **Quản lý nước:**
    *   **Ngừng tưới phun sương lên tán lá.** Chỉ tưới gốc.
    *   Tránh tưới vào buổi chiều tối hoặc đêm khi lá không kịp khô.
    *   Nếu mưa nhiều, cần thoát nước vườn tốt, tránh úng rễ.
*   **Vệ sinh vườn:**
    *   Thu gom và tiêu hủy (đốt hoặc chôn vùi) các lá rụng có đốm bệnh dưới gốc cây để giảm nguồn lây lan.
    *   Cắt tỉa cỏ dại xung quanh gốc nhưng giữ lớp phủ hữu cơ (rơm rạ, vỏ trấu) để giữ ẩm gốc mà không làm ẩm lá.

---

### 3. Có cần phun thuốc không? Phun gì?

**Câu trả lời: CÓ, cần phun thuốc.**
Với mức độ nhiễm >10–35%, biện pháp canh tác đơn thuần chưa đủ để kiểm soát nhanh. Cần kết hợp phun thuốc đặc hiệu để tiêu diệt tảo và ngăn lây lan.

#### A. Nhóm thuốc đặc trị tảo (Phun trực tiếp lên lá)

1.  **Đồng (Cu) – Nhóm thuốc phổ biến và hiệu quả:**
    *   **Thuốc:** Đồng oxyclorua (Oxyclorure de Cuivre) hoặc Đồng hydroxyde (Copper Hydroxide).
    *   **Liều lượng:** Theo hướng dẫn trên bao bì (thường 0.2–0.3%).
    *   **Lưu ý:** Không phun khi trời nắng gắt (>30°C) hoặc sắp mưa. Phun vào buổi sáng sớm hoặc chiều mát.
    *   **Tần suất:** Phun 2–3 lần, cách nhau 7–10 ngày.

2.  **Mancozeb + Đồng (Kết hợp):**
    *   Một số thuốc kết hợp Mancozeb và Đồng giúp vừa diệt tảo, vừa phòng ngừa nấm thán thư đi kèm.
    *   Ví dụ: Các sản phẩm có hoạt chất *Mancozeb + Copper Oxychloride*.

3.  **Thuốc sinh học (Nếu muốn hạn chế hóa chất):**
    *   Sử dụng các chế phẩm sinh học chứa *Trichoderma* hoặc *Bacillus subtilis* có khả năng đối kháng với tảo và nấm.
    *   Hiệu quả chậm hơn nhưng an toàn, có thể phun luân phiên với thuốc đồng.

#### B. Nhóm thuốc kích thích & bổ sung dinh dưỡng (Phun đồng thời hoặc xen kẽ)

",True,True,False,True,True,True
algal_severity_2__WS_DRY_HOT_WATER_STRESS,algal,2,WS_DRY_HOT_WATER_STRESS,"Chào bạn, với tư cách là chuyên gia tư vấn bệnh cây trồng, tôi xin đưa ra đánh giá và hướng xử lý cho tình trạng bệnh trên lá sầu riêng của bạn dựa trên dữ liệu chẩn đoán và dự báo thời tiết hiện tại.

### 1. Tóm tắt tình trạng bệnh
Cây sầu riêng của bạn đang mắc bệnh **Algal leaf spot** (đốm tảo lá), còn được gọi là bệnh gỉ sắt đỏ hoặc vảy xanh.
*   **Nguyên nhân:** Do tảo ký sinh *Cephaleuros spp.* (đặc biệt là *Cephaleuros virescens*) gây ra.
*   **Triệu chứng:** Trên lá xuất hiện các đốm tròn màu xanh, cam hoặc nâu rỉ sắt. Các đốm này có thể hơi gồ lên bề mặt lá.
*   **Mức độ nghiêm trọng:** Mức độ 2 (Severity 2), nghĩa là từ **10–35%** diện tích bề mặt lá bị tổn thương. Nếu nặng hơn, các đốm sẽ hợp lại thành mảng lớn, làm giảm khả năng quang hợp của cây.

### 2. Tóm tắt thời tiết sắp tới
Dự báo thời tiết cho thấy sẽ có **nắng nóng kéo dài trong 3 ngày tới**.
*   **Rủi ro:** Nắng nóng không trực tiếp gây ra bệnh đốm tảo, nhưng có thể khiến cây bị **stress nước** (căng thẳng do thiếu nước). Khi cây suy yếu do thiếu nước, khả năng đề kháng giảm, khiến cây dễ bị tấn công bởi sâu bệnh nói chung, bao gồm cả bệnh này.

### 3. Việc cần làm ngay
**Hành động:** Kiểm tra kỹ các lá và cành lân cận để đánh giá mức độ lan rộng của bệnh.

**Lý do liên hệ với thời tiết:**
Do dự báo **nắng nóng kéo dài trong 3 ngày tới**, cây có nguy cơ cao bị thiếu nước và suy yếu. Việc kiểm tra ngay bây giờ giúp bạn xác định xem bệnh có đang lan nhanh do cây đang trong trạng thái stress hay không. Đồng thời, bạn cần đảm bảo **tưới nước đầy đủ và đều đặn** để tránh tình trạng thiếu nước kéo dài, giúp cây duy trì sức khỏe và khả năng chống chịu bệnh tốt hơn trong giai đoạn nắng nóng này.

### 4. Quản lý
Để kiểm soát bệnh Algal leaf spot, bạn nên thực hiện các biện pháp sau:
*   **Tỉa tán:** Cắt tỉa các cành lá rậm rạp để tăng cường ánh sáng mặt trời chiếu vào trong tán và giúp không khí lưu thông tốt hơn. Điều này giúp giảm độ ẩm cục bộ, môi trường thuận lợi cho tảo phát triển.
*   **Vệ sinh vườn:** Thu gom và loại bỏ các bộ phận lá/cành bị bệnh nặng (nếu phù hợp với quy trình canh tác của bạn) để giảm nguồn lây lan.
*   **Giảm độ ẩm:** Cố gắng giảm độ ẩm xung quanh tán cây bằng cách thoát nước tốt và tỉa cành.
*   **Sử dụng thuốc:** Chỉ cân nhắc sử dụng các sản phẩm gốc đồng nếu được khuyến cáo cụ thể và đã được đăng ký lưu hành tại địa phương. **Không tự ý mua và phun thuốc nếu không chắc chắn.**

### 5. Phòng ngừa
*   **Duy trì sức khỏe cây trồng:** Chăm sóc cây khỏe mạnh, bón phân cân đối, tránh để tán cây quá rậm rạp.
*   **Vệ sinh vườn trồng:** Thường xuyên dọn dẹp lá rụng, cành khô trong vườn để giảm nguồn bệnh tiềm ẩn.

### 6. Theo dõi
*   **Thời điểm quan sát:** Đặc biệt chú ý theo dõi sau các đợt mưa hoặc trong những giai đoạn ẩm ướt kéo dài, vì đây là điều kiện thuận lợi cho bệnh phát triển.
*   **Ghi chép:** Ghi nhận lại các cây hoặc lá bị ảnh hưởng để so sánh sự tiến triển của bệnh trong những lần kiểm tra tiếp theo.

### 7. Cảnh báo
*   **Không tự ý quyết định liều lượng hoặc hoạt chất thuốc:** Nếu nguồn cung cấp hoặc nhãn mác thuốc tại địa phương không có hướng dẫn rõ ràng, tuyệt đối không tự suy ra liều lượng.
*   **Liên hệ chuyên gia:** Nếu tình trạng bệnh nặng hoặc bạn không chắc chắn về cách xử lý, hãy liên hệ với cán bộ kỹ thuật nông nghiệp địa phương để được hỗ trợ trực tiếp.

---

**Nguồn tham khảo:**
• [S3] Clemson Extension: Algal Leaf Spot — https://hgic.clemson.edu/factsheet/algal-leaf-spot/
• [S4] CTAHR University of Hawaiʻi: Cephaleuros species, the plant-parasitic green algae — https://www.ctahr.hawaii.edu/oc/freepubs/pdf/pd-43.pdf
• [S",True,False,False,False,True,False,"Chào anh/chị, với tư cách là chuyên gia tư vấn kỹ thuật cây trồng, tôi xin đưa ra khuyến nghị xử lý chi tiết cho tình huống **Bệnh tảo lục (Cephaleuros virescens)** trên vườn sầu riêng của anh/chị.

Với mức độ nhiễm bệnh **trung bình (>10–35% diện tích lá)**, đây là giai đoạn ""vàng"" để can thiệp. Nếu để lâu hơn, tảo sẽ lan sang cành, thân và quả, gây giảm năng suất nghiêm trọng và khó trị hơn. Dưới đây là phác đồ xử lý:

### 1. Nguyên nhân và Đặc điểm bệnh

*   **Tác nhân:** Do tảo *Cephaleuros virescens* (một loại tảo lục ký sinh trên thực vật), không phải nấm hay vi khuẩn.
*   **Đặc điểm nhận biết:**
    *   Trên lá xuất hiện các đốm tròn, màu xanh nhạt, xanh xám hoặc nâu đỏ, có viền màu nâu sẫm.
    *   Bề mặt đốm bệnh thường có lớp phấn mịn, khi dùng móng tay cào nhẹ sẽ thấy lớp bột màu xanh/lục (đây là bào tử tảo).
    *   Lá bị bệnh thường bị rụng sớm, cây suy yếu, giảm khả năng quang hợp.
*   **Nguyên nhân bùng phát:**
    *   Vườn quá rậm rạp, thiếu ánh sáng, độ ẩm cao.
    *   Tưới nước phun mưa trực tiếp lên lá hoặc tưới vào buổi chiều tối khiến lá ướt lâu.
    *   Thiếu hụt dinh dưỡng, đặc biệt là **Canxi (Ca)** và **Magie (Mg)**, làm lá mỏng, dễ bị tấn công.
    *   Vườn có nhiều cỏ dại hoặc tàn dư thực vật ẩm ướt.

### 2. Biện pháp quản lý vườn (Vệ sinh và Cải tạo môi trường)

Đây là bước **quan trọng nhất**, chiếm 70% hiệu quả điều trị. Nếu chỉ phun thuốc mà không cải tạo vườn, bệnh sẽ tái phát nhanh.

*   **Tỉa cành tạo tán:**
    *   Tỉa bỏ các cành sâu bệnh, cành tăm, cành nằm ngang hoặc chúc xuống đất.
    *   Tạo khung tán thông thoáng để ánh sáng mặt trời chiếu sâu vào tán cây và gió lưu thông tốt, giúp lá khô nhanh sau mưa/tưới.
*   **Vệ sinh vườn:**
    *   Thu gom và tiêu hủy (đốt hoặc chôn vùi) các lá rụng, cành bệnh có đốm tảo. Không để chúng nằm dưới gốc cây vì đây là nguồn lây lan chính.
    *   Làm cỏ sạch gốc, tránh cỏ cao giữ ẩm cho tán lá thấp.
*   **Điều chỉnh cách tưới:**
    *   Hạn chế tưới phun mưa trực tiếp lên lá. Ưu tiên tưới nhỏ giọt hoặc tưới gốc.
    *   Nếu phải tưới phun, chỉ tưới vào buổi sáng sớm để lá kịp khô trước khi trời tối.
*   **Bổ sung dinh dưỡng:**
    *   Tăng cường bón phân lá chứa **Canxi (Ca)** và **Magie (Mg)** để làm dày thành tế bào lá, tăng sức đề kháng.
    *   Bón phân hữu cơ hoai mục và vôi nông nghiệp (nếu đất chua) để cải tạo đất, giúp cây khỏe mạnh.

### 3. Có cần phun thuốc không? Phun gì?

**Câu trả lời: CÓ, cần phun thuốc.**
Với mức độ nhiễm >10%, biện pháp canh tác đơn thuần chưa đủ để kiểm soát nhanh. Cần kết hợp phun thuốc đặc trị để tiêu diệt bào tử tảo đang hoạt động.

#### **Lựa chọn thuốc:**
Do tác nhân là **tảo** (không phải nấm), nên các loại thuốc trừ nấm thông thường (như Mancozeb, Carbendazim, Tebuconazole...) **KHÔNG HIỆU QUẢ** hoặc hiệu quả rất thấp. Cần dùng thuốc đặc trị tảo hoặc thuốc có tính sát khuẩn/tảo mạnh.

**Các hoạt chất khuyến nghị:**

1.  **Đồng (Cu) - Lựa chọn hàng đầu:**
    *   **Copper Hydroxide (Hydroxyde đồng):** Hiệu quả cao, ít độc hại với cây.
    *   **Copper Oxychloride (Đồng oxyclorua):** Phổ biến, giá thành hợp lý.
    *   *Lưu ý:* Không phun đồng khi trời nắng gắt hoặc nhiệt độ >35°C để tránh cháy lá. Phun vào lúc trời râm mát, chiều mát.

2.  **Thuốc sinh học / Thuốc gốc đồng kết hợp:**
    *   Các sản phẩm chứa **Kẽm (Zn)** hoặc **Đồng + Kẽm** giúp vừa trị tảo, vừa",True,True,False,True,True,True
algal_severity_3__WS_NORMAL,algal,3,WS_NORMAL,"Chào bạn, với tư cách là chuyên gia tư vấn bệnh cây trồng, tôi xin đưa ra bản chẩn đoán và khuyến nghị xử lý cho vườn sầu riêng của bạn dựa trên thông tin đã cung cấp.

### 1. Tóm tắt tình trạng bệnh
Cây sầu riêng của bạn đang mắc bệnh **Đốm tảo (Algal leaf spot)**, còn được gọi là bệnh gỉ sắt đỏ hoặc mảng xanh.
*   **Tác nhân gây bệnh:** Do tảo ký sinh *Cephaleuros spp.* (đặc biệt là *Cephaleuros virescens*).
*   **Triệu chứng nhận biết:** Trên lá xuất hiện các đốm tròn màu xanh, cam hoặc nâu rỉ sắt. Các đốm này có thể hơi gồ lên bề mặt lá.
*   **Mức độ nghiêm trọng:** **Nặng (Severity 3)**. Hơn 35% diện tích bề mặt lá bị tổn thương. Khi bệnh nặng, các đốm nhỏ có thể hợp lại thành những mảng lớn, làm giảm đáng kể diện tích lá tham gia quang hợp, ảnh hưởng đến sức khỏe và năng suất cây.

### 2. Tóm tắt thời tiết sắp tới
Hiện tại, điều kiện thời tiết tại khu vực vườn của bạn ở mức **bình thường**, không có các yếu tố đặc biệt (như mưa lớn kéo dài, độ ẩm cực cao đột biến) làm tăng nguy cơ bùng phát bệnh ngay lúc này. Tuy nhiên, bệnh này vốn phát triển mạnh trong điều kiện ẩm ướt, do đó cần duy trì cảnh giác.

### 3. Việc cần làm ngay
**Hành động:** Cần kiểm tra thực địa ngay lập tức và đánh giá mức độ ảnh hưởng đến toàn bộ tán cây.

**Lý do:** Mặc dù thời tiết hiện tại không có rủi ro đặc biệt, nhưng mức độ bệnh đã ở mức **nặng (>35% diện tích lá bị tổn thương)**. Diện tích lá bị bệnh lớn sẽ trực tiếp làm giảm khả năng quang hợp của cây, khiến cây suy yếu dần. Việc kiểm tra sớm giúp xác định chính xác phạm vi lây lan để có biện pháp can thiệp kịp thời, ngăn chặn bệnh lan rộng hơn trong điều kiện ẩm ướt thông thường.

### 4. Quản lý
Để kiểm soát bệnh hiện tại, bạn nên thực hiện các biện pháp sau:
*   **Tỉa cành, tạo tán:** Loại bỏ các cành, lá bị bệnh nặng nếu phù hợp với quy trình chăm sóc vườn của bạn. Việc này giúp giảm nguồn bệnh và tăng độ thông thoáng.
*   **Cải thiện thông thoáng:** Tỉa bớt cành rậm rạp để ánh sáng và gió lưu thông tốt hơn, giúp lá khô nhanh sau khi có sương hoặc mưa, giảm độ ẩm cục bộ – điều kiện thuận lợi cho tảo phát triển.
*   **Tham vấn chuyên gia:** Do mức độ bệnh nặng, bạn nên liên hệ với cán bộ kỹ thuật nông nghiệp địa phương để được xác nhận lại và tư vấn các biện pháp xử lý cụ thể (nếu cần thiết) phù hợp với thực tế vườn.

### 5. Phòng ngừa
Để hạn chế bệnh tái phát hoặc lây lan sang cây khác:
*   **Duy trì sức khỏe cây trồng:** Chăm sóc cây khỏe mạnh, cân đối dinh dưỡng để tăng khả năng đề kháng.
*   **Kiểm soát mật độ tán:** Tránh để tán cây quá rậm rạp, che khuất ánh sáng.
*   **Vệ sinh vườn:** Thu gom và tiêu hủy các lá, cành rụng bị bệnh để giảm nguồn lây nhiễm trong vườn.

### 6. Theo dõi
*   **Thời điểm quan sát:** Tăng cường quan sát sau các đợt mưa hoặc trong những giai đoạn độ ẩm không khí cao kéo dài.
*   **Ghi chép:** Ghi nhận lại các cây hoặc cụm lá bị ảnh hưởng để so sánh tiến triển của bệnh trong thời gian tới, đánh giá hiệu quả của các biện pháp quản lý.

### 7. Cảnh báo
Trường hợp bệnh diễn biến nặng hoặc lan rộng nhanh chóng, **bắt buộc** phải có sự xác nhận và hướng dẫn từ chuyên gia kỹ thuật trước khi áp dụng bất kỳ biện pháp xử lý hóa học hoặc can thiệp mạnh nào để tránh gây hại cho cây hoặc môi trường.

---
**Nguồn tham khảo:**
• [S3] Clemson Extension: Algal Leaf Spot — https://hgic.clemson.edu/factsheet/algal-leaf-spot/
• [S4] CTAHR University of Hawaiʻi: Cephaleuros species, the plant-parasitic green algae — https://www.ctahr.hawaii.edu/oc/freepubs/pdf/pd-43.pdf
• [S5] Plantix: Algal Leaf Spot — https://plantix.net/en/library/plant-diseases/800004/algal-leaf-spot/
• [S6] IR-4",False,False,False,False,False,False,"Chào bạn, với tư cách là chuyên gia tư vấn kỹ thuật cây trồng, tôi xin đưa ra phác đồ xử lý chi tiết cho tình trạng **Bệnh tảo lục (Algal Leaf Spot)** trên cây sầu riêng đang ở mức độ nghiêm trọng (>35% diện tích lá bị tổn thương).

Đây là một tình huống cần xử lý gấp vì khi diện tích lá bị ảnh hưởng quá lớn, khả năng quang hợp của cây suy giảm mạnh, dẫn đến cây suy kiệt, giảm năng suất và dễ bị các bệnh khác tấn công.

Dưới đây là khuyến nghị cụ thể:

### 1. Nguyên nhân và Đặc điểm bệnh

*   **Nguyên nhân:** Bệnh do tảo *Cephaleuros virescens* gây ra. Đây không phải là nấm hay vi khuẩn, mà là một loại tảo ký sinh.
*   **Điều kiện thuận lợi:**
    *   Thời tiết nóng ẩm, mưa nhiều, độ ẩm không khí cao (>80%).
    *   Vườn cây rậm rạp, thiếu ánh sáng, thông gió kém.
    *   Cây trồng quá dày, tán lá che khuất nhau.
    *   Đất thiếu dinh dưỡng, đặc biệt là thiếu Kali và Canxi, làm cây yếu.
*   **Triệu chứng nhận biết:**
    *   Trên lá xuất hiện các đốm tròn, màu xanh nhạt, xanh xám hoặc nâu đỏ.
    *   Ban đầu đốm nhỏ, sau đó lớn dần, bề mặt đốm có thể có lớp phấn màu xanh lá cây (đây là dấu hiệu đặc trưng của tảo).
    *   Lá bị bệnh thường bị khô, rụng sớm. Nếu nặng, bệnh có thể lan sang thân và cành non.

### 2. Biện pháp quản lý vườn (Vệ sinh thực vật)

Trước khi phun thuốc, việc cải tạo môi trường sống của cây là bắt buộc để ngăn bệnh tái phát:

*   **Tỉa cành tạo tán:** Cắt bỏ các cành sâu bệnh, cành khô, cành mọc quá dày đặc bên trong tán cây. Mục tiêu là giúp ánh sáng xuyên qua tán lá và gió lưu thông tốt, làm giảm độ ẩm cục bộ – môi trường sống lý tưởng của tảo.
*   **Vệ sinh vườn:** Thu gom và tiêu hủy (đốt hoặc chôn vùi) tất cả các lá rụng, cành cắt bỏ có mang bệnh. Không để lá bệnh nằm dưới tán cây vì bào tử tảo có thể phát tán lại khi có mưa hoặc gió.
*   **Cày xới đất (nếu có thể):** Làm thoáng gốc cây, tránh để cỏ dại mọc um tùm quanh gốc gây ẩm ướt.

### 3. Có cần phun thuốc hay không? Phun gì?

**Câu trả lời: CÓ, cần phun thuốc ngay lập tức.**

Với mức độ >35% diện tích lá bị tổn thương, biện pháp canh tác đơn thuần không đủ để kiểm soát bệnh. Cần kết hợp phun thuốc đặc hiệu để tiêu diệt tảo và bảo vệ lá còn lại.

#### **Lựa chọn thuốc:**
Do tác nhân là **tảo**, nên các loại thuốc trừ nấm thông thường (như Mancozeb, Carbendazim...) **không hiệu quả** hoặc hiệu quả thấp. Bạn cần sử dụng các hoạt chất có tính chất **tiêu tảo** hoặc **đồng (Cu)** có phổ tác dụng rộng.

**Các nhóm thuốc khuyến nghị:**

1.  **Nhóm thuốc chứa Đồng (Copper-based):**
    *   **Hoạt chất:** Copper Hydroxide, Copper Oxychloride, Mancozeb + Copper (kết hợp).
    *   **Ưu điểm:** Hiệu quả tốt với tảo, đồng thời phòng ngừa được một số bệnh nấm và vi khuẩn đi kèm.
    *   **Lưu ý:** Không phun khi trời nắng gắt hoặc nhiệt độ cao (>35°C) để tránh cháy lá. Phun vào buổi chiều mát.

2.  **Thuốc đặc hiệu tiêu tảo (Algaecides):**
    *   **Hoạt chất:** Propineb, Mancozeb (ở nồng độ cao hơn bình thường có thể hỗ trợ), hoặc các sản phẩm chuyên dụng có ghi rõ ""chống tảo"" như *Kocide*, *Copper Plus*, *Algaecide chuyên dụng*.
    *   **Lưu ý:** Kiểm tra kỹ nhãn thuốc xem có đăng ký sử dụng cho cây ăn trái nhiệt đới không.

3.  **Kết hợp với thuốc kích thích sinh trưởng:**
    *   Vì cây đang suy kiệt do mất lá, nên pha chung với **Axit Amino (Amino Acid)** hoặc **NPK cân đối (có hàm lượng Kali và Canxi cao)** để giúp cây phục hồi nhanh, tăng sức đề kháng.

#### **Lịch trình phun thuốc đề xuất:**

*",True,True,False,True,True,True
algal_severity_3__WS_RAIN_SPORE_DISPERSAL,algal,3,WS_RAIN_SPORE_DISPERSAL,"Chào bạn, với vai trò là chuyên gia tư vấn bệnh cây trồng, tôi xin đưa ra bản đánh giá và hướng xử lý cho vườn sầu riêng của bạn dựa trên kết quả chẩn đoán và dự báo thời tiết hiện tại.

### 1. Tóm tắt tình trạng bệnh
Cây sầu riêng của bạn đang mắc bệnh **Đốm lá tảo (Algal leaf spot)**, còn được gọi là bệnh gỉ sắt đỏ hoặc vảy xanh.
*   **Tác nhân gây bệnh:** Do tảo ký sinh thuộc chi *Cephaleuros* (đặc biệt là *Cephaleuros virescens*).
*   **Triệu chứng nhận biết:** Trên lá xuất hiện các đốm tròn màu xanh, cam hoặc nâu giống màu rỉ sắt. Các đốm này có thể hơi gồ lên bề mặt lá.
*   **Mức độ nghiêm trọng:** **Nặng (Severity 3)**. Hiện tại, hơn 35% diện tích bề mặt lá đã bị tổn thương. Khi bệnh nặng, các đốm nhỏ có thể hợp lại thành mảng lớn, làm giảm đáng kể diện tích quang hợp của cây, ảnh hưởng đến sức khỏe và năng suất.

### 2. Tóm tắt thời tiết sắp tới
*   **Dự báo:** Có **mưa đáng kể** trong 3 ngày tới.
*   **Rủi ro:** Mức độ rủi ro **tăng cao (increased)**.
*   **Ảnh hưởng:** Lượng mưa lớn và độ ẩm cao sẽ tạo điều kiện thuận lợi cho bào tử nấm/tảo phát tán và nảy mầm, làm bệnh đốm lá/cháy lá lây lan nhanh hơn.

### 3. Việc cần làm ngay
Do dự báo có mưa đáng kể trong vài ngày tới, bạn cần thực hiện ngay các hành động sau để hạn chế lây lan và tổn thương thêm:

1.  **Kiểm tra thực địa ngay:** Vì diện tích lá bị tổn thương lớn (>35%), bạn cần ra vườn kiểm tra kỹ tình trạng quang hợp của cây.
2.  **Tuyệt đối không cắt tỉa hoặc di chuyển trong tán cây khi lá còn ướt:** Mưa làm lá ướt, nếu bạn đi lại hoặc cắt tỉa lúc này sẽ vô tình làm bắn nước chứa bào tử bệnh sang các lá khỏe khác, gây lây lan nhanh chóng.
3.  **Đảm bảo thoát nước tốt:** Kiểm tra hệ thống mương rãnh trong vườn để tránh đọng nước, vì độ ẩm kéo dài là điều kiện lý tưởng cho bệnh phát triển.
4.  **Loại bỏ lá/cành bệnh nặng:** Nếu có thể, hãy thu gom và tiêu hủy (đốt hoặc chôn vùi) những lá/cành bị nhiễm bệnh nặng nhất để giảm nguồn lây nhiễm trong vườn.

### 4. Quản lý
*   **Cải thiện thông thoáng:** Tỉa cành hợp lý sau khi mưa tạnh và lá khô để tán cây thông thoáng, giảm độ ẩm cục bộ trong tán.
*   **Hỗ trợ kỹ thuật:** Do mức độ bệnh nặng, bạn nên **liên hệ cán bộ kỹ thuật địa phương** để được xác nhận chính xác và tư vấn chọn biện pháp can thiệp phù hợp nhất với vườn nhà bạn. Không tự ý phun thuốc nếu chưa có chỉ dẫn chuyên môn.

### 5. Phòng ngừa
*   **Duy trì sức khỏe cây trồng:** Chăm sóc cây khỏe mạnh, bón phân cân đối để tăng sức đề kháng.
*   **Quản lý tán cây:** Tránh để tán cây quá rậm rạp, che khuất ánh sáng và gió.
*   **Vệ sinh vườn:** Thường xuyên thu gom lá rụng, cành bệnh để giảm nguồn bệnh tồn tại trong vườn.

### 6. Theo dõi
*   **Sau mỗi đợt mưa:** Hãy kiểm tra lại lá cây, đặc biệt là sau các đợt mưa hoặc giai đoạn ẩm ướt kéo dài.
*   **Ghi nhận tiến triển:** Đánh dấu các cây/lá bị ảnh hưởng để so sánh xem bệnh có lan rộng hay thuyên giảm theo thời gian.

### 7. Cảnh báo
*   Trường hợp bệnh nặng như hiện tại, **bắt buộc cần có sự xác nhận bởi chuyên gia/cán bộ kỹ thuật** trước khi áp dụng bất kỳ biện pháp xử lý hóa học nào để tránh gây hại cho cây hoặc môi trường.

---

**Nguồn tham khảo:**
• [S3] Clemson Extension: Algal Leaf Spot — https://hgic.clemson.edu/factsheet/algal-leaf-spot/
• [S4] CTAHR University of Hawaiʻi: Cephaleuros species, the plant-parasitic green algae — https://www.ctahr.hawaii.edu/oc/freepubs/pdf/pd-43.pdf
• [S5] Plantix: Algal Leaf Spot — https://plantix.net/en/library/plant-diseases/8000",True,False,False,False,True,False,"Chào bạn, với tư cách là chuyên gia tư vấn kỹ thuật cây trồng, tôi xin đưa ra khuyến nghị chi tiết cho tình huống **bệnh tảo lục (Algal leaf spot)** trên cây sầu riêng đang ở mức độ **nặng (>35% diện tích lá bị tổn thương)**.

Đây là mức độ nghiêm trọng vì khi hơn 1/3 diện tích lá bị ảnh hưởng, khả năng quang hợp của cây suy giảm đáng kể, ảnh hưởng trực tiếp đến sinh trưởng, ra hoa và năng suất vụ sau. Cần xử lý ngay lập tức và đồng bộ.

---

### 1. Nguyên nhân và Đặc điểm bệnh

*   **Tác nhân gây bệnh:** Không phải nấm hay vi khuẩn, mà là một loại **tảo ký sinh** (thường là *Cephaleuros virescens* hoặc các loài tảo khác). Tảo này sống bám trên biểu bì lá, hút dinh dưỡng và che lấp khí khổng, làm giảm khả năng quang hợp và hô hấp của lá.
*   **Triệu chứng điển hình:**
    *   Xuất hiện các đốm tròn, nhỏ, màu xanh lá cây đậm, nâu đỏ hoặc xám trắng trên mặt lá (thường là mặt dưới lá trước, sau lan ra mặt trên).
    *   Các đốm có thể có viền màu nâu sẫm.
    *   Lá bị bệnh thường bị khô, vàng và rụng sớm nếu bệnh nặng.
    *   Bệnh phát triển mạnh trong điều kiện **ẩm ướt, mưa nhiều, vườn cây rậm rạp, thiếu ánh sáng và thông gió kém**.
*   **Tại sao bệnh nặng (>35%)?**
    *   Vườn cây quá rậm rạp, tán lá che khuất nhau.
    *   Độ ẩm không khí cao kéo dài (mùa mưa).
    *   Thiếu hụt dinh dưỡng, đặc biệt là **Canxi (Ca)** và **Magie (Mg)**, khiến lá yếu, dễ bị tảo xâm nhiễm.
    *   Sử dụng phân bón lá chứa nhiều Nitơ (N) dư thừa mà không cân đối với các chất khoáng khác.

---

### 2. Biện pháp quản lý vườn (Cải tạo môi trường)

Vì bệnh tảo phát triển mạnh trong môi trường ẩm ướt và thiếu ánh sáng, việc cải tạo vườn là bước **quan trọng nhất** để ngăn bệnh tái phát:

*   **Tỉa cành, tạo tán:**
    *   Cắt bỏ các cành sâu bệnh, cành khô, cành mọc quá dày đặc bên trong tán cây.
    *   Đảm bảo ánh sáng mặt trời và gió có thể lưu thông tốt trong tán cây, giúp lá khô nhanh sau mưa.
*   **Vệ sinh vườn:**
    *   Thu gom và tiêu hủy (đốt hoặc chôn vùi) các lá rụng, cành cắt bỏ có mang bệnh để giảm nguồn lây lan.
    *   Làm cỏ sạch gốc, tránh cỏ dại giữ ẩm và tạo nơi trú ẩn cho tảo.
*   **Quản lý nước:**
    *   Tránh tưới nước vào buổi chiều tối hoặc khi trời đang ẩm ướt.
    *   Tưới nước vào buổi sáng sớm để lá có thời gian khô trước khi trời tối.
    *   Đảm bảo hệ thống thoát nước trong vườn tốt, không để nước đọng.

---

### 3. Có cần phun thuốc không? Phun gì?

**CÓ, cần phun thuốc ngay lập tức** vì mức độ bệnh >35% là nặng, không thể chỉ dựa vào biện pháp canh tác.

#### A. Nhóm thuốc đặc trị tảo (Algaecides)
Sử dụng các loại thuốc có hoạt chất đặc hiệu diệt tảo:

1.  **Đồng (Cu):**
    *   **Hoạt chất:** Đồng oxyclorua (Copper Oxychloride), Đồng hydroxit (Copper Hydroxide), hoặc Đồng mancozeb.
    *   **Ưu điểm:** Hiệu quả cao, giá thành hợp lý, phổ biến.
    *   **Lưu ý:** Không phun khi trời nắng gắt hoặc nhiệt độ cao (>35°C) để tránh cháy lá. Phun vào buổi chiều mát.
2.  **Mancozeb + Đồng:**
    *   Kết hợp giữa thuốc trừ nấm (Mancozeb) và đồng giúp tăng hiệu quả kiểm soát, vừa diệt tảo vừa phòng ngừa các bệnh nấm khác có thể xâm nhập qua vết thương do tảo gây ra.
3.  **Các loại thuốc sinh học/dạng tảo đặc trị (nếu có):**
    *   Một số sản phẩm chứa hoạt chất như **Propineb**, **Mancozeb**, hoặc các chế phẩm sinh học có chứa vi khuẩn đối kháng (ví dụ: *Bacillus subtilis*) có thể hỗ trợ kiểm soát tảo.

#### B. Quy trình phun thuốc đề",True,True,False,True,True,True
algal_severity_3__WS_HIGH_HUMIDITY_FUNGAL,algal,3,WS_HIGH_HUMIDITY_FUNGAL,"Chào bạn, tôi là chuyên gia tư vấn bệnh cây trồng. Dựa trên kết quả chẩn đoán và dữ liệu thời tiết hiện tại, dưới đây là báo cáo chi tiết về tình trạng bệnh trên vườn sầu riêng của bạn:

### 1. Tóm tắt tình trạng bệnh
Cây sầu riêng của bạn đang mắc bệnh **Đốm lá tảo (Algal leaf spot)**, do tảo ký sinh *Cephaleuros spp.* (thường gặp là *Cephaleuros virescens*) gây ra.
*   **Mức độ nghiêm trọng:** Cao (Severity 3).
*   **Biểu hiện:** Trên lá xuất hiện các đốm tròn màu xanh, cam hoặc nâu rỉ sắt, bề mặt đốm có thể hơi gồ lên.
*   **Tình hình thực tế:** Diện tích lá bị tổn thương đã vượt quá 35%. Khi bệnh nặng, các đốm này liên kết thành mảng lớn, làm giảm đáng kể diện tích quang hợp của cây, ảnh hưởng đến sức khỏe và năng suất.

### 2. Tóm tắt thời tiết sắp tới
*   **Dự báo:** Độ ẩm duy trì ở mức cao trong 3 ngày tới.
*   **Mức độ rủi ro:** Tăng cao (increased).
*   **Tác động:** Điều kiện độ ẩm cao kéo dài là môi trường cực kỳ thuận lợi cho nấm bệnh đốm lá/cháy lá phát sinh và lan rộng nhanh chóng.

### 3. Việc cần làm ngay
Do dự báo độ ẩm cao kéo dài trong 3 ngày tới tạo điều kiện thuận lợi cho bệnh lan rộng, bạn cần thực hiện ngay các hành động sau:

*   **Kiểm tra thực địa khẩn cấp:** Ưu tiên kiểm tra kỹ tán lá, đặc biệt là mặt dưới lá, vì diện tích tổn thương lớn (>35%) đang ảnh hưởng trực tiếp đến khả năng quang hợp của cây.
*   **Cải thiện thông thoáng tán:** Tỉa bỏ những cành lá rậm rạp, ốm yếu để tăng độ thông thoáng, giúp giảm độ ẩm cục bộ trong tán cây.
*   **Điều chỉnh tưới tiêu:** Tuyệt đối tránh tưới nước làm ướt lá vào buổi chiều hoặc tối. Việc giữ lá khô sẽ hạn chế sự phát triển của tảo và nấm bệnh trong điều kiện độ ẩm cao hiện tại.

### 4. Quản lý
*   **Xử lý vật liệu bệnh:** Loại bỏ hoặc thu gom các lá/cành bị ảnh hưởng nặng (nếu phù hợp với quy trình chăm sóc vườn của bạn) để giảm nguồn lây lan.
*   **Hỗ trợ kỹ thuật:** Vì mức độ bệnh đã ở giai đoạn nặng, bạn nên liên hệ trực tiếp với cán bộ kỹ thuật địa phương để được xác nhận lại và tư vấn chọn biện pháp can thiệp cụ thể, phù hợp với thực tế vườn.

### 5. Phòng ngừa
*   **Duy trì sức khỏe cây trồng:** Chăm sóc cây khỏe mạnh, hạn chế để tán cây quá rậm rạp.
*   **Vệ sinh vườn:** Tăng cường vệ sinh vườn, thu gom và xử lý kịp thời các lá/cành bệnh để giảm nguồn lây nhiễm cho các cây khác.

### 6. Theo dõi
*   **Thời điểm quan sát:** Theo dõi sát sao sau các đợt mưa hoặc trong giai đoạn độ ẩm kéo dài.
*   **Ghi chép:** Ghi nhận lại các cây/lá bị ảnh hưởng để so sánh và đánh giá tiến triển của bệnh trong những ngày tới.

### 7. Cảnh báo
Trường hợp bệnh ở mức độ nặng như hiện tại, bắt buộc cần có sự xác nhận và hướng dẫn từ chuyên gia trước khi áp dụng bất kỳ biện pháp xử lý hóa học hoặc can thiệp mạnh nào.

---

**Nguồn tham khảo:**
• [S3] Clemson Extension: Algal Leaf Spot — https://hgic.clemson.edu/factsheet/algal-leaf-spot/
• [S4] CTAHR University of Hawaiʻi: Cephaleuros species, the plant-parasitic green algae — https://www.ctahr.hawaii.edu/oc/freepubs/pdf/pd-43.pdf
• [S5] Plantix: Algal Leaf Spot — https://plantix.net/en/library/plant-diseases/800004/algal-leaf-spot/
• [S6] IR-4 Environmental Horticulture Program: Algal Leaf Spot Efficacy Summary — https://ir4.cals.ncsu.edu/ehc/RegSupport/ResearchSummary/AlgalLeafSpotEfficacySummary2019.pdf
• [S7] Thep Watana: Durian disease - Algal spot — https://thepwatana.com/en/blog/durian-disease-algal-spot/
• [S13] SPC HCMC: Prevention of leaf blight disease — https://www.sp",False,False,False,False,False,False,"Chào bạn, với tư cách là chuyên gia tư vấn kỹ thuật cây trồng, tôi xin đưa ra khuyến nghị xử lý khẩn cấp cho tình huống bệnh tảo lục (Algal Leaf Spot) trên cây sầu riêng của bạn.

Với mức độ tổn thương **>35% diện tích lá**, đây được xem là mức **nặng**. Bệnh không chỉ làm giảm khả năng quang hợp của cây (gây suy yếu, giảm năng suất) mà còn tạo điều kiện cho các loại nấm bệnh cơ hội (như nấm hồng, nấm đốm lá) xâm nhập qua các vết thương do tảo gây ra.

Dưới đây là phác đồ xử lý chi tiết:

### 1. Nguyên nhân và Đặc điểm bệnh

*   **Tác nhân:** Do loài tảo lục *Cephaleuros virescens* (một loại tảo ký sinh trên thực vật), không phải nấm hay vi khuẩn.
*   **Đặc điểm nhận dạng:**
    *   Xuất hiện các đốm tròn, màu xanh xám, xanh nhạt hoặc nâu đỏ trên bề mặt lá (thường ở mặt dưới lá nhiều hơn, nhưng khi nặng sẽ lan ra cả mặt trên).
    *   Các đốm có viền rõ ràng, trung tâm có thể có màu xám trắng hoặc nâu.
    *   Khi bệnh nặng, các đốm liên kết với nhau, làm lá bị khô, rụng sớm, cành khô héo.
*   **Điều kiện thuận lợi:**
    *   Độ ẩm không khí cao (>85%), mưa nhiều, sương mù dày.
    *   Vườn cây trồng dày đặc, thông gió kém, ánh sáng mặt trời không xuyên sâu vào tán lá.
    *   Cây thiếu dinh dưỡng (đặc biệt là thiếu lân P và kali K) hoặc bón thừa đạm (N) làm cây sinh trưởng quá mạnh, lá mềm dễ bị ký sinh.

### 2. Biện pháp quản lý vườn (Vật lý & Sinh học)

Đây là bước **bắt buộc** phải thực hiện ngay để giảm nguồn bệnh và tạo môi trường bất lợi cho tảo phát triển:

*   **Tỉa cành tạo tán:**
    *   Cắt bỏ các cành khô, cành bệnh, cành mọc quá dày đặc bên trong tán cây.
    *   Mục tiêu: Tăng cường ánh sáng mặt trời chiếu vào tán lá và tăng cường lưu thông không khí, giúp lá khô nhanh sau mưa.
    *   **Lưu ý:** Vứt bỏ cành lá bệnh ra khỏi vườn, tiêu hủy bằng cách đốt hoặc chôn vùi sâu, không để lại trong vườn.
*   **Quản lý nước tưới:**
    *   Tránh tưới nước vào buổi chiều tối hoặc đêm. Tưới vào buổi sáng sớm để lá kịp khô trước khi trời tối.
    *   Hạn chế tưới phun mưa lên tán lá nếu có thể, ưu tiên tưới gốc.
*   **Cân đối dinh dưỡng:**
    *   Ngừng bón phân đạm (N) ngay lập tức.
    *   Tăng cường bón phân có hàm lượng **Lân (P)** và **Kali (K)** cao để tăng sức đề kháng cho cây, làm lá dày và cứng hơn, khó bị tảo xâm nhập.
    *   Có thể phun phân bón lá chứa Canxi (Ca) và Bo (B) để tăng độ bền của thành tế bào lá.

### 3. Có cần phun thuốc không? Phun gì?

**Câu trả lời: CÓ, bắt buộc phải phun thuốc.**
Với mức độ >35%, biện pháp vật lý đơn thuần không đủ để kiểm soát. Cần phun thuốc đặc trị tảo.

#### A. Nhóm thuốc đặc trị tảo (Algaecides)
Đây là nhóm thuốc chính, có tác dụng diệt tảo trực tiếp:

1.  **Đồng (Cu) – Nhóm thuốc vô cơ:**
    *   **Thuốc:** Boóc đô (Bordeaux mixture), Cuprous oxide, Copper hydroxide.
    *   **Ưu điểm:** Rẻ tiền, phổ tác dụng rộng, ít kháng thuốc.
    *   **Nhược điểm:** Có thể gây cháy lá nếu phun nồng độ cao hoặc phun khi trời nắng nóng. Cần phun kỹ, đều cả hai mặt lá.
    *   **Liều lượng:** Theo hướng dẫn trên nhãn thuốc (thường 0.2-0.3%).

2.  **Mancozeb + Đồng (Cu) – Hỗn hợp:**
    *   **Thuốc:** Mancozeb + Copper oxychloride.
    *   **Ưu điểm:** Kết hợp diệt tảo (đồng) và phòng ngừa nấm bệnh cơ hội (Mancozeb). Rất hiệu quả trong giai đoạn bệnh nặng.

3.  **Thuốc sinh học (nếu muốn hạn chế hóa chất):**
    *   **Thuốc:** Chế phẩm sinh",True,True,False,False,True,True
algal_severity_3__WS_PROLONGED_WET_SEVERE,algal,3,WS_PROLONGED_WET_SEVERE,"Chào bạn, tôi là chuyên gia tư vấn bệnh cây trồng. Dựa trên kết quả chẩn đoán và dữ liệu thời tiết hiện tại, dưới đây là bản tư vấn chi tiết cho vườn sầu riêng của bạn:

### 1. Tóm tắt tình trạng bệnh
Cây sầu riêng của bạn đang mắc bệnh **Đốm lá tảo (Algal leaf spot)**, do tảo ký sinh *Cephaleuros spp.* (thường là *C. virescens*) gây ra.
*   **Mức độ nghiêm trọng:** Mức 3 (Nặng).
*   **Diện tích tổn thương:** Hơn 35% bề mặt lá bị ảnh hưởng.
*   **Triệu chứng:** Xuất hiện các đốm tròn màu xanh, cam hoặc nâu rỉ sắt trên lá. Các đốm này có thể hơi gồ lên bề mặt. Khi bệnh nặng, các đốm liên kết thành mảng lớn, làm giảm diện tích lá quang hợp, ảnh hưởng trực tiếp đến sức khỏe và năng suất cây.

### 2. Tóm tắt thời tiết sắp tới
*   **Dự báo:** Tổng lượng mưa trong 3 ngày tới **rất lớn**.
*   **Rủi ro:** Mức độ rủi ro **cao (High)**.
*   **Tác động:** Lượng mưa lớn kết hợp với độ ẩm cao kéo dài là điều kiện lý tưởng khiến bệnh đốm lá/cháy lá lan nhanh hơn bình thường.

### 3. Việc cần làm ngay
Do dự báo **lượng mưa rất lớn trong 3 ngày tới** và bệnh đang ở mức độ nặng (>35% diện tích lá), bạn cần thực hiện các hành động sau ngay lập tức:

*   **Kiểm tra thực địa và thoát nước:** Ưu tiên kiểm tra các khu vực có đất trũng hoặc thoát nước kém. Mưa lớn sẽ làm lá ướt kéo dài, tạo môi trường cho tảo phát triển mạnh. Cần đảm bảo nước mưa thoát nhanh khỏi gốc và tán cây.
*   **Kiểm tra tán lá hàng ngày:** Trong giai đoạn mưa lớn này, hãy kiểm tra lá mỗi ngày để phát hiện sớm các dấu hiệu bệnh lan rộng.
*   **Xử lý cơ học (nếu khả thi):** Nếu có lá/cành bị bệnh nặng, hãy cân nhắc loại bỏ chúng để giảm nguồn lây lan, nhưng cần đảm bảo an toàn khi làm việc trong điều kiện thời tiết ẩm ướt.
*   **Liên hệ chuyên gia:** Vì diện tích tổn thương lớn và thời tiết bất lợi, bạn nên ghi nhận lại tình trạng bệnh và báo ngay cho cán bộ kỹ thuật địa phương để được xác nhận và hướng dẫn biện pháp can thiệp phù hợp.

### 4. Quản lý
*   **Cải thiện thông thoáng:** Tỉa cành hợp lý để tán cây thông thoáng, giúp lá khô nhanh hơn sau mưa và giảm độ ẩm cục bộ trong tán.
*   **Giảm ẩm kéo dài:** Hạn chế tưới nước lên tán lá nếu không thực sự cần thiết, ưu tiên tưới gốc.
*   **Xử lý nguồn bệnh:** Thu gom và tiêu hủy các lá/cành bị bệnh nặng ra khỏi vườn để giảm nguồn lây nhiễm.

### 5. Phòng ngừa
*   **Duy trì sức khỏe cây trồng:** Bón phân cân đối, chăm sóc tốt để cây khỏe mạnh, tăng khả năng kháng bệnh.
*   **Quản lý tán cây:** Tránh để tán quá rậm rạp, che khuất ánh sáng và cản trở lưu thông không khí.
*   **Vệ sinh vườn:** Thường xuyên dọn dẹp lá rụng, cành khô trong vườn để giảm nơi trú ẩn của mầm bệnh.

### 6. Theo dõi
*   **Sau mỗi đợt mưa:** Đặc biệt chú ý kiểm tra kỹ sau các cơn mưa lớn hoặc giai đoạn ẩm ướt kéo dài.
*   **Ghi nhận tiến triển:** Đánh dấu các cây/lá bị ảnh hưởng để so sánh xem bệnh có lan rộng hay thuyên giảm theo thời gian.

### 7. Cảnh báo
*   Trường hợp bệnh nặng (như hiện tại với >35% diện tích lá bị tổn thương) cần được **xác nhận bởi chuyên gia/cán bộ kỹ thuật** trước khi áp dụng bất kỳ biện pháp xử lý hóa học nào. Không tự ý sử dụng thuốc nếu chưa có hướng dẫn cụ thể.

---

**Nguồn tham khảo:**
• [S3] Clemson Extension: Algal Leaf Spot — https://hgic.clemson.edu/factsheet/algal-leaf-spot/
• [S4] CTAHR University of Hawaiʻi: Cephaleuros species, the plant-parasitic green algae — https://www.ctahr.hawaii.edu/oc/freepubs/pdf/pd-43.pdf
• [S5] Plantix: Algal Leaf Spot — https://plantix.net/en/library/plant-diseases/800004/al",True,False,False,False,False,False,"Chào bạn, với tư cách là chuyên gia tư vấn cây trồng, tôi xin đưa ra khuyến nghị xử lý khẩn cấp cho tình trạng **Bệnh tảo lục (Algal Leaf Spot)** trên cây sầu riêng của bạn.

Với mức độ nhiễm bệnh **>35% diện tích lá (nặng)**, đây là tình huống nghiêm trọng. Bệnh không chỉ làm giảm khả năng quang hợp, khiến cây suy yếu, rụng lá non, giảm năng suất mà còn tạo điều kiện thuận lợi cho các loại nấm bệnh khác (như nấm hồng, nấm than) tấn công khi lá bị tổn thương.

Dưới đây là phác đồ xử lý chi tiết:

### 1. Nguyên nhân và Đặc điểm bệnh

*   **Tác nhân:** Do tảo lục (thường là loài *Cephaleuros virescens*) ký sinh trên biểu bì lá. Đây không phải là nấm hay vi khuẩn, mà là một loại tảo.
*   **Đặc điểm nhận dạng:**
    *   Xuất hiện các đốm tròn, nhỏ, màu xanh nhạt, xám xanh hoặc nâu đỏ trên mặt lá.
    *   Khi bệnh nặng, các đốm liên kết lại thành mảng lớn, có thể phủ kín cả phiến lá.
    *   Bề mặt đốm bệnh thường có cảm giác ráp, nhám, đôi khi có lớp phấn màu xanh xám bám trên bề mặt.
    *   Lá bị bệnh mất khả năng quang hợp, dễ bị khô, cháy mép và rụng sớm.
*   **Điều kiện thuận lợi:**
    *   Vườn cây rậm rạp, thiếu ánh sáng, độ ẩm không khí cao.
    *   Tưới nước quá nhiều, đặc biệt là tưới phun mưa làm bắn nước lên lá.
    *   Thiếu hụt dinh dưỡng, đặc biệt là thiếu Kali (K) và Magie (Mg), hoặc thừa Nitơ (N) làm cây sinh trưởng quá mạnh, lá mềm yếu dễ bị ký sinh.

### 2. Biện pháp quản lý vườn (Khẩn cấp và Cơ bản)

Vì mức độ bệnh nặng (>35%), cần kết hợp giữa xử lý hóa học và cải tạo môi trường ngay lập tức:

*   **Tỉa cành tạo tán (Ưu tiên cao):**
    *   Cắt bỏ các cành sâu bệnh nặng, cành tăm, cành vượt nằm sâu trong tán cây để tăng độ thông thoáng.
    *   Mục tiêu: Cho ánh sáng mặt trời chiếu sâu vào tán cây và gió lưu thông tốt, làm giảm độ ẩm cục bộ – điều kiện bất lợi cho tảo phát triển.
    *   Vứt bỏ hoặc đốt hủy các cành lá bị bệnh ra khỏi vườn, không để lại dưới gốc cây.
*   **Điều chỉnh chế độ tưới nước:**
    *   **Ngừng tưới phun mưa** ngay lập tức. Chuyển sang tưới nhỏ giọt hoặc tưới gốc để tránh làm ướt lá.
    *   Tưới vào buổi sáng sớm để lá kịp khô trước khi trời tối, tránh giữ ẩm cho lá qua đêm.
*   **Cân bằng dinh dưỡng:**
    *   Hạn chế bón phân chứa nhiều Nitơ (Urea, DAP...) trong giai đoạn này vì sẽ làm lá mềm, dễ bị tảo tấn công.
    *   Bón bổ sung phân bón lá chứa **Kali (K)** và **Magie (Mg)** để tăng cường sức đề kháng, làm lá dày và cứng hơn.
    *   Có thể phun bổ sung vi lượng (Bo, Zn, Cu) để hỗ trợ quá trình trao đổi chất của cây.

### 3. Có cần phun thuốc không? Phun gì?

**CÓ, cần phun thuốc ngay lập tức.** Với mức độ >35%, biện pháp canh tác đơn thuần không đủ để kiểm soát dịch bệnh nhanh chóng.

#### a. Nhóm thuốc đặc trị tảo (Algaecides/Fungicides có hoạt tính chống tảo):

1.  **Đồng (Copper-based products):**
    *   **Thuốc:** Boocđô (Bordeaux mixture), Copper Hydroxide (Kocide, Tanox), hoặc Copper Oxychloride.
    *   **Lưu ý:** Đồng là nhóm thuốc hiệu quả cao nhất đối với tảo. Tuy nhiên, cần tuân thủ đúng liều lượng để tránh gây cháy lá. Không phun khi trời nắng gắt hoặc nhiệt độ cao (>35°C).
    *   **Liều lượng:** Theo hướng dẫn trên bao bì (thường 0.2-0.3% đối với Boocđô).

2.  **Mancozeb + Copper:**
    *   Kết hợp giữa Mancozeb (nấm đa dụng) và Đồng để tăng hiệu quả và giảm nguy cơ kháng thuốc.

3.  **Các hoạt chất khác:**
    *   **Propineb:** Có tác dụng",True,True,False,True,True,True
algal_severity_3__WS_PSYLLID_WARM_CONDITIONS,algal,3,WS_PSYLLID_WARM_CONDITIONS,"Chào bạn, tôi là chuyên gia tư vấn về bệnh cây trồng. Dựa trên thông tin chẩn đoán và kịch bản thời tiết bạn cung cấp, dưới đây là tư vấn chi tiết cho vườn sầu riêng của bạn:

### 1. Tóm tắt tình trạng bệnh
Cây sầu riêng của bạn đang mắc bệnh **Đốm lá tảo (Algal leaf spot)**, còn gọi là bệnh gỉ sắt đỏ hoặc vảy xanh.
*   **Tác nhân:** Do tảo ký sinh thuộc chi *Cephaleuros* (đặc biệt là *Cephaleuros virescens*) gây ra.
*   **Triệu chứng:** Trên lá xuất hiện các đốm tròn màu xanh, cam hoặc nâu rỉ sắt. Các đốm này có thể hơi gồ lên bề mặt lá.
*   **Mức độ nghiêm trọng:** **Nặng (Severity 3)**. Hơn 35% diện tích bề mặt lá đã bị tổn thương. Khi nặng, các đốm nhỏ có thể hợp lại thành mảng lớn, làm giảm đáng kể diện tích lá tham gia quang hợp, ảnh hưởng trực tiếp đến sức khỏe và năng suất cây trồng.

### 2. Tóm tắt thời tiết sắp tới
*   **Kịch bản:** Đêm ấm kéo dài trong 3 ngày tới.
*   **Đánh giá rủi ro:** Điều kiện này **thuận lợi cho rầy chổng cánh (psyllid)** phát triển (mức rủi ro tăng).
*   **Lưu ý:** Mặc dù kịch bản thời tiết này không nằm trong nhóm điều kiện nguy cơ đặc biệt trực tiếp gây bùng phát bệnh đốm lá tảo (thường cần độ ẩm cao, mưa nhiều), nhưng việc cây bị suy yếu do bệnh nặng kết hợp với áp lực từ sâu bệnh khác (psyllid) do thời tiết ấm gây ra sẽ khiến cây càng dễ bị tổn thương tổng thể.

### 3. Việc cần làm ngay
Do bệnh đã ở mức độ nặng (>35% diện tích lá bị hại), bạn cần ưu tiên các hành động sau:

*   **Kiểm tra thực địa ngay:** Xác định chính xác phạm vi lây lan và mức độ ảnh hưởng đến quang hợp.
*   **Xử lý cơ học:** Loại bỏ hoặc cắt tỉa các lá, cành bị ảnh hưởng nặng để giảm nguồn bệnh và giúp tán cây thông thoáng hơn. Vứt bỏ hoặc tiêu hủy phần lá bệnh ra xa vườn trồng.
*   **Cải thiện thông thoáng:** Tỉa cành hợp lý để giảm độ ẩm cục bộ trong tán cây, hạn chế môi trường ẩm ướt mà tảo ưa thích.
*   **Liên hệ chuyên gia:** Vì mức độ bệnh nặng, bạn cần liên hệ ngay với cán bộ kỹ thuật địa phương để được xác nhận lại chẩn đoán và tư vấn các biện pháp can thiệp cụ thể (bao gồm cả việc kiểm soát đồng thời rầy chổng cánh nếu cần thiết do thời tiết đêm ấm).

### 4. Quản lý
*   **Vệ sinh vườn:** Tăng cường thu gom và xử lý các tàn dư thực vật bị bệnh (lá rụng, cành cắt tỉa) để giảm nguồn lây lan.
*   **Chăm sóc dinh dưỡng:** Duy trì sức khỏe cho cây, bón phân cân đối để giúp cây phục hồi sau tổn thương và tăng khả năng kháng bệnh.
*   **Kiểm soát sâu bệnh đi kèm:** Do thời tiết đêm ấm thuận lợi cho rầy chổng cánh (psyllid), cần theo dõi sát sao sự xuất hiện của loại sâu này vì chúng có thể gây hại thêm cho cây đang suy yếu.

### 5. Phòng ngừa
*   **Quản lý tán cây:** Tránh để tán cây quá rậm rạp, đảm bảo ánh sáng và gió lưu thông tốt trong vườn.
*   **Giảm độ ẩm:** Hạn chế tưới nước vào buổi tối, tưới vào buổi sáng để lá khô nhanh.
*   **Vệ sinh thường xuyên:** Duy trì vườn sạch sẽ, loại bỏ cỏ dại và tàn dư thực vật.

### 6. Theo dõi
*   **Sau mưa hoặc giai đoạn ẩm:** Đặc biệt chú ý quan sát lá cây sau các đợt mưa hoặc khi độ ẩm không khí cao kéo dài, vì đây là điều kiện thuận lợi cho tảo phát triển.
*   **Ghi nhận tiến triển:** Đánh dấu các cây bị bệnh để theo dõi sự thay đổi về số lượng và kích thước đốm bệnh, cũng như sự xuất hiện của các triệu chứng mới.

### 7. Cảnh báo
*   **Xác nhận chuyên gia:** Trường hợp bệnh nặng như hiện tại, bắt buộc phải có sự xác nhận và hướng dẫn từ chuyên gia/cán bộ kỹ thuật trước khi áp dụng bất kỳ biện pháp xử lý hóa học hoặc sinh học nào.
*   **Không tự ý dùng thuốc:** Không tự ý mua và sử dụng thuốc trừ tảo hoặc thuốc bảo vệ thực vật khác nếu chưa có",True,False,False,False,False,False,"Chào bạn, với tư cách là chuyên gia tư vấn bệnh cây trồng, tôi xin đưa ra khuyến nghị chi tiết cho tình huống **Bệnh tảo lục (Algal Leaf Spot)** trên cây sầu riêng với mức độ nhiễm bệnh nặng (>35% diện tích lá).

Đây là một tình huống cấp bách vì khi diện tích lá bị tổn thương quá lớn, khả năng quang hợp của cây suy giảm nghiêm trọng, ảnh hưởng trực tiếp đến năng suất vụ sau và sức đề kháng tổng thể của cây.

Dưới đây là phác đồ xử lý và quản lý:

### 1. Nguyên nhân và Đặc điểm bệnh

*   **Tác nhân gây bệnh:** Do tảo lục *Cephaleuros virescens* (một loại tảo sống ký sinh trên bề mặt lá, không phải nấm hay vi khuẩn).
*   **Đặc điểm nhận dạng:**
    *   Xuất hiện các đốm tròn, màu xanh nhạt, xanh xám hoặc nâu đỏ trên mặt lá.
    *   Các đốm này có thể nổi lên khỏi bề mặt lá, tạo cảm giác sần sùi, giống như gỉ sắt hoặc mốc xanh.
    *   Khi bệnh nặng, các đốm lan rộng, hợp lại thành mảng lớn, làm lá chuyển màu vàng, rụng sớm.
*   **Điều kiện thuận lợi:**
    *   Vườn cây trồng dày đặc, tán lá rậm rạp, thiếu ánh sáng và thông gió kém.
    *   Độ ẩm không khí cao, mưa nhiều, tưới nước phun mưa (làm ướt lá).
    *   Đất thiếu dinh dưỡng, đặc biệt là thiếu lân (P) và kali (K), hoặc mất cân đối dinh dưỡng.

### 2. Biện pháp quản lý vườn (Ưu tiên hàng đầu)

Vì bệnh tảo lục là bệnh ""ký sinh"" bên ngoài lá và phát triển mạnh trong môi trường ẩm ướt, bí bách, việc cải thiện môi trường sống của cây là bước quan trọng nhất để ngăn chặn tái nhiễm.

*   **Tỉa cành, tạo tán:**
    *   Cắt bỏ các cành sâu bệnh, cành khô, cành mọc chúc xuống đất.
    *   Tỉa thưa tán lá để tăng cường ánh sáng mặt trời chiếu vào trong tán cây và tăng cường lưu thông không khí. Đây là biện pháp hiệu quả nhất để làm khô lá nhanh sau mưa/tưới, hạn chế môi trường sống của tảo.
*   **Quản lý nước tưới:**
    *   Tránh tưới nước phun mưa trực tiếp lên lá. Nên tưới nhỏ giọt hoặc tưới gốc.
    *   Nếu phải tưới phun, chỉ tưới vào buổi sáng sớm để lá kịp khô trước khi trời tối.
*   **Cải tạo đất và bón phân cân đối:**
    *   Tăng cường bón phân hữu cơ vi sinh để cải tạo đất, tăng sức đề kháng cho cây.
    *   Bón bổ sung phân lân (P) và kali (K) theo đúng liều lượng khuyến cáo. Tảo lục thường tấn công mạnh những cây suy yếu do thiếu dinh dưỡng.
    *   Tránh bón thừa đạm (N) vì sẽ làm cây sinh trưởng quá mạnh, lá non mềm yếu, dễ bị tảo tấn công.

### 3. Có cần phun thuốc không? Phun gì?

**Câu trả lời: CÓ, cần phun thuốc ngay lập tức.**

Với mức độ nhiễm bệnh >35%, biện pháp cơ học (tỉa cành) và dinh dưỡng không đủ để kiểm soát nhanh nguồn bệnh. Cần kết hợp phun thuốc đặc trị để tiêu diệt tảo trên lá và ngăn chặn lây lan.

**Các nhóm thuốc khuyến nghị:**

#### A. Nhóm thuốc đặc trị tảo (Algaecides)
*   **Đồng (Cu) dựa trên:**
    *   **Bordeaux mixture (Vôi đồng):** Phun định kỳ 7-10 ngày/lần. Đây là biện pháp phòng và trị truyền thống, an toàn, ít kháng thuốc.
    *   **Copper Oxychloride (Đồng oxyclorua):** Hiệu quả cao, có tác dụng tiếp xúc và tồn lưu. Liều lượng: 30-50g/16 lít nước (tùy theo nồng độ sản phẩm).
    *   **Mancozeb + Copper:** Kết hợp đồng với thuốc trừ nấm phổ rộng để tăng hiệu quả.
*   **Lưu ý:** Không phun đồng liên tục quá 3-4 lần mà không xen kẽ với các nhóm khác để tránh hiện tượng ngộ độc đồng trên cây.

#### B. Nhóm thuốc sinh học và vi sinh vật đối kháng
*   **Trichoderma spp.:** Phun qua lá hoặc bón gốc. Trichoderma giúp đối kháng với nhiều loại vi sinh vật gây bệnh, cải thiện sức khỏe rễ cây.
*   **Bacillus subtilis:** Có tác dụng ức chế sự",True,True,False,False,True,True
algal_severity_3__WS_DRY_HOT_WATER_STRESS,algal,3,WS_DRY_HOT_WATER_STRESS,"Chào bạn, với vai trò là chuyên gia tư vấn bệnh cây trồng, tôi xin đưa ra bản chẩn đoán và hướng xử lý cho vườn sầu riêng của bạn dựa trên thông tin đã cung cấp.

### 1. Tóm tắt tình trạng bệnh
Cây sầu riêng của bạn đang bị nhiễm bệnh **Đốm tảo (Algal leaf spot)**, còn được gọi là bệnh gỉ sắt đỏ hoặc vẩy xanh.
*   **Mức độ nghiêm trọng:** Cao (Severity 3).
*   **Biểu hiện:** Hơn 35% diện tích bề mặt lá bị tổn thương. Trên lá xuất hiện các đốm tròn màu xanh, cam hoặc nâu rỉ sắt, có thể hơi gồ lên. Khi bệnh nặng, các đốm này hợp lại thành mảng lớn, làm giảm đáng kể diện tích lá quang hợp, ảnh hưởng đến sức khỏe và năng suất cây.
*   **Nguyên nhân:** Do tảo ký sinh *Cephaleuros spp.* (đặc biệt là *Cephaleuros virescens*) gây ra. Bệnh phát triển mạnh khi độ ẩm cao, tán cây rậm rạp, thiếu thông thoáng và cây đang suy yếu.

### 2. Tóm tắt thời tiết sắp tới
*   **Dự báo:** Nắng nóng kéo dài trong 3 ngày tới.
*   **Rủi ro:** Mặc dù nắng nóng không trực tiếp gây ra bệnh đốm tảo (vì bệnh này ưa ẩm), nhưng nắng nóng kéo dài khiến cây bị **stress nước (thiếu nước)**. Cây bị suy yếu do thiếu nước sẽ trở nên mẫn cảm hơn, dễ bị sâu bệnh tấn công và khó phục hồi hơn.

### 3. Việc cần làm ngay
Do dự báo **nắng nóng kéo dài trong 3 ngày tới** kết hợp với tình trạng **bệnh nặng (>35% lá bị tổn thương)**, bạn cần thực hiện ngay các việc sau:

1.  **Tưới nước đầy đủ và đều đặn:** Đây là việc quan trọng nhất hiện tại. Nắng nóng làm cây mất nước nhanh, gây stress. Việc đảm bảo cây đủ nước giúp cây duy trì sức đề kháng, hạn chế tình trạng suy yếu do bệnh và do thời tiết. Tránh để cây thiếu nước kéo dài.
2.  **Kiểm tra thực địa:** Vì diện tích lá bị bệnh lớn, bạn cần ra vườn kiểm tra kỹ để đánh giá mức độ ảnh hưởng đến khả năng quang hợp của cây.
3.  **Không tự ý phun thuốc mạnh lúc này:** Do cây đang bị stress nhiệt và thiếu nước, việc phun thuốc hóa học mạnh có thể gây hại thêm cho cây. Hãy ưu tiên chăm sóc cơ bản (tưới nước, cắt tỉa nhẹ nếu cần) và liên hệ chuyên gia.

### 4. Quản lý
*   **Cắt tỉa:** Loại bỏ hoặc cắt tỉa các cành/lá bị bệnh nặng nếu phù hợp với quy trình chăm sóc vườn của bạn. Việc này giúp giảm nguồn lây lan và tăng độ thông thoáng.
*   **Tăng thông thoáng:** Tỉa bớt cành lá rậm rạp để ánh sáng và gió lưu thông tốt hơn, giúp lá khô nhanh hơn sau khi tưới hoặc mưa, giảm độ ẩm cục bộ – điều kiện thuận lợi cho tảo phát triển.
*   **Liên hệ cán bộ kỹ thuật:** Do bệnh ở mức độ nặng, bạn nên liên hệ với cán bộ kỹ thuật địa phương hoặc chuyên gia để xác nhận chính xác và lựa chọn biện pháp can thiệp (nếu có) phù hợp nhất với tình trạng cụ thể của vườn, tránh tự ý dùng thuốc chưa rõ nguồn gốc hoặc liều lượng.

### 5. Phòng ngừa
*   **Duy trì sức khỏe cây:** Chăm sóc cây khỏe mạnh, bón phân cân đối, đảm bảo dinh dưỡng để cây có sức đề kháng tốt.
*   **Quản lý tán cây:** Tránh để tán cây quá rậm rạp. Tán thông thoáng giúp giảm độ ẩm và hạn chế môi trường sống của tảo.
*   **Vệ sinh vườn:** Thu gom và tiêu hủy các lá, cành bị bệnh để giảm nguồn lây lan trong vườn.

### 6. Theo dõi
*   **Quan sát sau mưa/ẩm:** Bệnh đốm tảo phát triển mạnh trong điều kiện ẩm ướt. Hãy đặc biệt chú ý kiểm tra cây sau các đợt mưa hoặc giai đoạn độ ẩm cao.
*   **Ghi nhận tiến triển:** Đánh dấu và ghi lại những cây/lá bị ảnh hưởng để so sánh xem bệnh có lan rộng hay thuyên giảm sau các biện pháp chăm sóc.

### 7. Cảnh báo
*   Trường hợp bệnh nặng như hiện tại, **bắt buộc cần có sự xác nhận và hướng dẫn từ chuyên gia** trước khi áp dụng bất kỳ biện pháp xử lý hóa học nào để tránh gây hại thêm cho cây đang yếu.

---

**Nguồn tham khảo:**
• [S3]",True,False,False,False,True,False,"Chào bạn, với tư cách là chuyên gia tư vấn cây trồng, tôi nhận thấy tình trạng **Bệnh tảo lục (Algal Leaf Spot)** trên vườn sầu riêng của bạn đang ở mức **rất nghiêm trọng** (>35% diện tích lá bị tổn thương).

Đây là mức độ gây hại cao, ảnh hưởng trực tiếp đến khả năng quang hợp, làm giảm sức đề kháng của cây và có thể dẫn đến rụng lá, suy yếu bộ rễ nếu không xử lý kịp thời. Dưới đây là phác đồ xử lý chi tiết:

### 1. Nguyên nhân và Đặc điểm bệnh

*   **Tác nhân gây bệnh:** Do loài tảo *Cephaleuros virescens* (tảo lục) ký sinh trên lá, cành và quả. Đây không phải là nấm hay vi khuẩn, mà là một loại tảo.
*   **Đặc điểm nhận dạng:**
    *   Trên lá xuất hiện các đốm tròn, màu xanh nhạt, xám xanh hoặc nâu đỏ.
    *   Bề mặt đốm bệnh có cảm giác như phủ một lớp phấn mịn hoặc nhung mịn (do bào tử tảo).
    *   Lá bị bệnh thường bị biến dạng, khô và rụng sớm.
*   **Nguyên nhân bùng phát mạnh:**
    *   Vườn cây quá rậm rạp, thiếu ánh sáng, độ ẩm không khí cao.
    *   Tưới nước quá nhiều hoặc hệ thống thoát nước kém.
    *   Thiếu hụt dinh dưỡng, đặc biệt là Kali (K) và Canxi (Ca), làm cây suy yếu.
    *   Sử dụng phân Nitơ (N) quá nhiều khiến lá non mềm, dễ bị tảo tấn công.

### 2. Biện pháp quản lý vườn (Vệ sinh và Cải tạo môi trường)

Vì mức độ bệnh >35%, việc chỉ phun thuốc sẽ không hiệu quả lâu dài nếu không thay đổi môi trường sống của tảo.

*   **Cắt tỉa thông thoáng:**
    *   Cắt bỏ ngay các cành lá bị bệnh nặng, lá già, lá sâu bệnh.
    *   Tỉa thưa tán cây để ánh sáng mặt trời chiếu sâu vào trong tán, giúp lá khô nhanh sau mưa/tưới. Tảo rất ghét ánh nắng trực tiếp và môi trường khô ráo.
*   **Vệ sinh vườn:**
    *   Thu gom và tiêu hủy (đốt hoặc chôn vùi xa vườn) tất cả lá rụng, cành cắt bỏ. Không để lá bệnh nằm dưới gốc vì bào tử tảo sẽ phát tán lại khi có mưa hoặc gió.
*   **Kiểm soát nước:**
    *   Hạn chế tưới nước lên tán lá. Chỉ tưới gốc.
    *   Đảm bảo hệ thống thoát nước tốt, tránh úng rễ.
*   **Cân đối dinh dưỡng:**
    *   Ngừng bón phân Nitơ (N) cao trong thời gian này.
    *   Bón bổ sung phân hữu cơ vi sinh, phân Kali (K) và Canxi (Ca) để tăng độ dày của biểu bì lá, giúp lá cứng cáp, khó bị tảo bám dính.

### 3. Có cần phun thuốc không? Phun gì?

**CÓ, bắt buộc phải phun thuốc** vì mức độ bệnh >35% là quá lớn để cây tự phục hồi. Tuy nhiên, cần lưu ý: **Thuốc trừ tảo (Algaecide) khác với thuốc trừ nấm.**

#### A. Nhóm thuốc đặc trị tảo (Ưu tiên sử dụng)
Các hoạt chất sau đây có tác dụng diệt tảo hiệu quả:

1.  **Đồng (Copper-based):**
    *   *Hoạt chất:* Copper Hydroxide, Copper Oxychloride, Mancozeb + Copper.
    *   *Lưu ý:* Đây là nhóm phổ biến và hiệu quả. Tuy nhiên, cần tuân thủ liều lượng, tránh phun khi trời nắng gắt hoặc cây đang stress nặng để tránh cháy lá.
2.  **Mancozeb + Difenoconazole (hoặc các hoạt chất trừ nấm kết hợp):**
    *   Một số loại thuốc kết hợp vừa trừ nấm vừa có tác dụng ức chế tảo.
3.  **Thuốc chuyên dụng trừ tảo:**
    *   Một số sản phẩm chứa hoạt chất *Propineb* hoặc các chế phẩm sinh học đặc trị tảo (nếu có sẵn tại địa phương).

#### B. Phác đồ phun thuốc đề xuất (2-3 lần, cách nhau 7-10 ngày)

*   **Lần 1:** Phun thuốc chứa **Đồng (Copper Hydroxide 50WP hoặc 80WP)** kết hợp với **Mancozeb**.
    *   *Mục đích:* Diệt tảo đang hoạt động mạnh và ngăn ngừa nấm bệnh thứ cấp",True,True,False,False,True,True
allocaridara_attack_severity_1__WS_NORMAL,allocaridara_attack,1,WS_NORMAL,"Chào bạn, với tư cách là chuyên gia tư vấn bệnh cây trồng, tôi xin phân tích tình trạng vườn sầu riêng của bạn dựa trên dữ liệu chẩn đoán và điều kiện thời tiết hiện tại như sau:

### 1. Tóm tắt tình trạng bệnh
Vườn sầu riêng của bạn đang bị tấn công bởi **rầy nâu sầu riêng** (tên khoa học: *Allocarsidara malayensis*, còn gọi là durian psyllid).
*   **Mức độ nhiễm bệnh:** Nhẹ (Severity 1).
*   **Diện tích tổn thương:** Dưới 10% bề mặt lá.
*   **Triệu chứng nhận biết:** Bạn có thể thấy các đốm vàng hoặc bạc màu trên lá non, lá non bị xoăn, cong hoặc biến dạng. Đặc trưng nhất là có thể nhìn thấy các chất trắng dạng sáp (waxy) do ấu trùng để lại trên mặt dưới lá hoặc đọt non. Nếu không kiểm soát, rầy này chích hút nhựa làm lá rụng sớm và cây sinh trưởng kém.

### 2. Tóm tắt thời tiết sắp tới
Hiện tại, thời tiết khu vực vườn của bạn ở trạng thái **bình thường**, không có các yếu tố đặc biệt (như mưa lớn kéo dài, hạn hán cực đoan hay gió bão) làm tăng nguy cơ bùng phát dịch bệnh. Điều kiện này thuận lợi cho việc áp dụng các biện pháp quản lý tiêu chuẩn mà không cần các biện pháp ứng phó khẩn cấp đặc biệt.

### 3. Việc cần làm ngay
**Hành động:** Hãy tiến hành kiểm tra kỹ lưỡng **đọt non** và **mặt dưới của lá** ngay trong những ngày tới.

**Lý do:**
*   Vì thời tiết hiện tại ổn định (không có rủi ro thời tiết đặc biệt), đây là thời điểm thuận lợi để quan sát và phát hiện sớm mà không bị cản trở bởi mưa gió.
*   Rầy nâu sầu riêng thường ẩn náu và đẻ trứng ở mặt dưới lá và trên đọt non. Việc kiểm tra kỹ lưỡng giúp bạn phát hiện sớm trứng, ấu trùng hoặc chất trắng sáp trước khi chúng gây hại diện rộng hơn.
*   Mục tiêu là xác nhận chính xác mức độ nhiễm bệnh thực tế tại vườn để quyết định có cần can thiệp cục bộ hay chỉ cần theo dõi.

### 4. Quản lý
Do mức độ nhiễm bệnh hiện tại còn nhẹ (dưới 10%), bạn nên áp dụng các biện pháp quản lý sau:
*   **Tăng cường giám sát:** Đặc biệt chú ý trong giai đoạn cây ra đọt non, vì đây là thời điểm rầy nâu hoạt động mạnh nhất.
*   **Xử lý cục bộ:** Nếu phát hiện các chồi bị hại nặng, có thể tỉa bỏ hoặc xử lý cục bộ các vị trí đó nếu điều kiện vườn cho phép.
*   **Hạn chế phun thuốc:** Tránh sử dụng hóa chất không cần thiết khi mức hại còn thấp để bảo vệ thiên địch và tránh gây kháng thuốc.

### 5. Phòng ngừa
Để ngăn chặn tình trạng này tái diễn hoặc lan rộng:
*   **Theo dõi thường xuyên:** Duy trì việc kiểm tra vườn đều đặn, nhất là trong giai đoạn ra đọt non.
*   **Ghi chép:** Đánh dấu hoặc ghi nhận những cây bị hại để tiện tái kiểm tra và đánh giá hiệu quả quản lý.
*   **Quản lý vườn:** Duy trì vườn cây thông thoáng, cắt tỉa cành lá già/yếu để hạn chế nơi trú ẩn và điều kiện thuận lợi cho mật số rầy nâu bùng phát.

### 6. Theo dõi
Trong thời gian tới, bạn cần lưu ý theo dõi các dấu hiệu sau:
*   Kiểm tra định kỳ mặt dưới lá và chồi non.
*   Quan sát xem có xuất hiện thêm lá xoăn, đốm vàng, rụng lá non bất thường hoặc chất trắng sáp không.
*   Nếu thấy các dấu hiệu này tăng lên, cần xem xét lại biện pháp quản lý.

### 7. Cảnh báo
Mặc dù hiện tại mức độ nhiễm bệnh còn nhẹ, nhưng bạn cần **theo dõi sát sao** vì rầy nâu sầu riêng có khả năng tăng nhanh quần thể trên đọt non. Nếu bỏ qua, chúng có thể gây hại nghiêm trọng hơn trong thời gian ngắn. Nếu tình trạng trở nên nghiêm trọng hoặc bạn không chắc chắn về cách xử lý, hãy liên hệ với cán bộ kỹ thuật địa phương để được hỗ trợ trực tiếp.

---

**Nguồn tham khảo:**
• [S8] CABI Digital Library: Allocarsidara malayensis / durian psyllid — https://www.cabidigitallibrary.org/doi/pdf/10.5555/20073012690
• [S9] IJAT article on management of Alloc",True,False,False,False,True,False,"Chào bạn, với tư cách là chuyên gia tư vấn bệnh cây trồng, tôi xin đưa ra khuyến nghị chi tiết cho tình huống **sâu rầy nhảy (thường gọi là rầy nhảy hoặc bọ nhảy) tấn công lá sầu riêng** ở mức độ **nhẹ (<10% diện tích lá bị tổn thương)**.

Dưới đây là phác đồ xử lý và quản lý:

### 1. Nguyên nhân và đặc điểm gây hại
*   **Đối tượng gây hại:** Thường là các loài **Rầy nhảy (Leafhoppers)** hoặc **Bọ nhảy (Leaf beetles)**. Chúng có kích thước nhỏ, màu sắc thường xanh, nâu hoặc vàng, có khả năng nhảy rất nhanh khi bị động chạm.
*   **Đặc điểm gây hại:**
    *   Chích hút nhựa lá non, lá bánh tẻ.
    *   Lá bị chích hút sẽ xuất hiện các đốm vàng li ti, sau đó lá bị khô dần, cong queo, rụng sớm.
    *   Ở mức độ nhẹ (<10%), cây vẫn có khả năng quang hợp và phát triển bình thường nếu được can thiệp kịp thời.
    *   Rầy nhảy cũng là vector truyền bệnh virus (như bệnh vàng lá gân vàng) nếu mật độ tăng cao.

### 2. Biện pháp quản lý vườn (Phòng trừ tổng hợp - IPM)
Vì mức độ gây hại còn nhẹ, ưu tiên áp dụng biện pháp canh tác và sinh học trước:

*   **Tỉa cành, tạo tán:**
    *   Cắt bỏ các cành lá bị sâu bệnh nặng, lá già, lá khô để giảm nơi trú ẩn của sâu hại.
    *   Đảm bảo vườn thông thoáng, ánh sáng chiếu sâu vào tán cây, hạn chế độ ẩm cao – môi trường thuận lợi cho rầy nhảy phát triển.
*   **Vệ sinh vườn:**
    *   Thu gom và tiêu hủy (đốt hoặc chôn vùi) các lá rụng, cành cắt bỏ ra khỏi vườn.
    *   Làm sạch cỏ dại xung quanh gốc cây vì cỏ dại là nơi trú ẩn và nguồn thức ăn dự trữ cho rầy nhảy.
*   **Bón phân cân đối:**
    *   Tránh bón quá nhiều đạm (N) vì lá non mọng nước, mềm yếu sẽ thu hút rầy nhảy tấn công mạnh hơn.
    *   Tăng cường bón kali (K) và canxi (Ca) để tăng độ dày và cứng của lá, giúp lá kháng chịu tốt hơn với sự chích hút.

### 3. Có cần phun thuốc hay không? Phun gì?
**=> Khuyến nghị: KHÔNG CẦN PHUN THUỐC HÓA HỌC NGAY LẬP TỨC.**

*   **Lý do:** Mức độ gây hại <10% nằm trong ngưỡng kinh tế cho phép (Economic Threshold). Phun thuốc lúc này không hiệu quả về kinh tế, gây lãng phí, và có nguy cơ tạo ra áp lực chọn lọc khiến sâu hại kháng thuốc nhanh chóng.
*   **Nếu bắt buộc phải can thiệp (do lo ngại lây lan hoặc có dấu hiệu tăng mật độ):**
    *   **Ưu tiên thuốc sinh học/công nghệ sinh học:**
        *   **Chrysoperla carnea (Bọ rùa mắt đỏ):** Thiên địch tự nhiên của rầy nhảy.
        *   **Thuốc sinh học từ nấm entomopathogenic:** Như *Beauveria bassiana* hoặc *Metarhizium anisopliae*.
        *   **Thuốc thảo dược:** Chiết xuất từ cây Neem (Xoan Ấn Độ), tỏi, ớt, hoặc các chế phẩm sinh học có nguồn gốc thực vật.
    *   **Nếu mật độ tăng lên >10-15% và gây hại rõ rệt:**
        *   Có thể sử dụng thuốc hóa học có hoạt chất ít độc hại, thời gian cách ly ngắn, ví dụ:
            *   **Thiamethoxam** (nhóm neonicotinoid) – hiệu quả cao với rầy nhảy.
            *   **Imidacloprid** – tác dụng tiếp xúc và vị độc.
            *   **Acetamiprid** – an toàn hơn với ong và thiên địch.
        *   **Lưu ý:** Luân phiên hoạt chất để tránh kháng thuốc. Phun vào buổi chiều mát hoặc sáng sớm khi rầy nhảy hoạt động mạnh.

### 4. Phòng ngừa và theo dõi
*   **Theo dõi định kỳ:**
    *   Kiểm tra vườn ít nhất 1 lần/tuần, đặc biệt vào giai đoạn cây ra lá non.
    *   Sử dụng bẫy màu vàng (yellow sticky traps) để theo dõi mật độ rầy nhảy. Nếu số lượng rầy dính vào bẫy tăng đột biến, cần cảnh báo sớm",True,True,False,False,True,True
allocaridara_attack_severity_1__WS_RAIN_SPORE_DISPERSAL,allocaridara_attack,1,WS_RAIN_SPORE_DISPERSAL,"Chào bạn, dựa trên kết quả chẩn đoán và dữ liệu thời tiết hiện tại, tôi xin tư vấn cụ thể cho vườn sầu riêng của bạn như sau:

### 1. Tóm tắt tình trạng bệnh
Vườn của bạn đang bị tấn công bởi **rầy nâu sầu riêng (Durian psyllid - *Allocarsidara malayensis*)** ở mức độ **Nhẹ (Severity 1)**.
*   **Mức độ hại:** Diện tích lá bị tổn thương dưới 10%.
*   **Triệu chứng nhận biết:** Lá non xuất hiện đốm vàng hoặc bạc màu, lá bị xoăn, cong hoặc biến dạng. Bạn có thể quan sát thấy các chất trắng dạng sáp (waxy) do ấu trùng để lại trên mặt dưới lá hoặc đọt non. Nếu không kiểm soát, cây có thể rụng lá sớm và sinh trưởng kém.

### 2. Tóm tắt thời tiết sắp tới
*   **Dự báo:** Sẽ có **mưa đáng kể trong 3 ngày tới**.
*   **Đánh giá rủi ro:** Mức rủi ro tăng (increased). Tuy nhiên, kịch bản thời tiết này không thuộc nhóm điều kiện nguy cơ đặc biệt đã được xác định rõ ràng đối với bệnh này trong cơ sở dữ liệu hiện tại, nên chúng ta tiếp tục áp dụng các biện pháp quản lý và theo dõi tiêu chuẩn.

### 3. Việc cần làm ngay
**Hành động:** Kiểm tra kỹ đọt non và mặt dưới lá để phát hiện sớm trứng, ấu trùng, thành trùng hoặc chất trắng dạng sáp.

**Lý do liên hệ với thời tiết:**
Do dự báo có **mưa đáng kể trong 3 ngày tới**, độ ẩm trong vườn sẽ tăng cao. Điều kiện ấm ẩm này rất thuận lợi cho quần thể rầy nâu phát triển và sinh sản nhanh chóng, đặc biệt là trên các đọt non non yếu. Việc kiểm tra ngay bây giờ giúp bạn nắm bắt tình hình thực tế trước khi mưa đến, từ đó quyết định xem có cần can thiệp cục bộ hay chỉ cần theo dõi, tránh việc phun thuốc không cần thiết khi trời mưa (vì thuốc sẽ bị rửa trôi và kém hiệu quả).

### 4. Quản lý
*   **Tăng cường giám sát:** Đặc biệt chú ý trong giai đoạn cây ra đọt non, vì đây là lúc rầy nâu tấn công mạnh nhất.
*   **Xử lý cục bộ:** Nếu chỉ có một số ít chồi bị hại, hãy xử lý riêng các chồi đó (ví dụ: ngắt bỏ nếu cần thiết) thay vì phun toàn bộ vườn.
*   **Hạn chế hóa học:** Vì mức độ hại hiện tại còn nhẹ (dưới 10%), hãy tránh can thiệp bằng hóa chất không cần thiết để bảo vệ thiên địch và môi trường.

### 5. Phòng ngừa
*   **Theo dõi thường xuyên:** Duy trì việc kiểm tra vườn đều đặn, nhất là khi cây ra đọt non.
*   **Ghi chép:** Ghi nhận vị trí các cây bị hại để tái kiểm tra sau này, giúp đánh giá xu hướng lây lan.
*   **Quản lý tán lá:** Duy trì vườn thông thoáng, tỉa cành hợp lý để hạn chế độ ẩm cục bộ và ngăn chặn sự bùng phát mật số sâu hại.

### 6. Theo dõi
*   **Vị trí kiểm tra:** Tập trung vào mặt dưới lá và các chồi non.
*   **Dấu hiệu cần chú ý:** Lá xoăn, xuất hiện đốm vàng, hiện tượng rụng lá non bất thường, hoặc sự xuất hiện của chất trắng dạng sáp.

### 7. Cảnh báo
Mặc dù hiện tại mức độ hại còn nhẹ, nhưng bạn cần **theo dõi sát sao** vì rầy nâu (psyllid) có khả năng tăng mật số rất nhanh trên đọt non, đặc biệt trong điều kiện thời tiết ấm ẩm như dự báo. Nếu thấy tình trạng lan rộng hoặc mức độ hại tăng lên mức trung bình/nặng, hãy liên hệ ngay với cán bộ kỹ thuật địa phương để được hỗ trợ xử lý chuyên sâu.

---

**Nguồn tham khảo:**
• [S8] CABI Digital Library: Allocarsidara malayensis / durian psyllid — https://www.cabidigitallibrary.org/doi/pdf/10.5555/20073012690
• [S9] IJAT article on management of Allocarsidara malayensis — https://www.ijat-aatsea.com/pdf/v20_n4_2024_July/30_IJAT_20%284%29_2024_Wiangsamut%2C%20B.--1640.pdf
• [S10] Thep Watana: Durian pest",True,False,False,False,True,False,"Chào bạn, với tư cách là chuyên gia tư vấn kỹ thuật cây trồng, tôi xin đưa ra khuyến nghị xử lý cho tình huống **sâu rầy nhảy (Allocaridara sp.)** tấn công lá sầu riêng ở mức độ **nhẹ (<10% diện tích lá bị tổn thương)**.

Ở mức độ này, chúng ta **không nên vội vàng phun thuốc hóa học** ngay lập tức. Việc can thiệp sớm khi mật độ sâu thấp có thể gây lãng phí chi phí, kháng thuốc và tiêu diệt thiên địch có lợi trong vườn.

Dưới đây là kế hoạch quản lý chi tiết:

### 1. Nguyên nhân và Đặc điểm của Sâu Rầy Nhảy (Allocaridara sp.)

*   **Đặc điểm nhận dạng:**
    *   Sâu non có màu xanh nhạt hoặc xanh lá cây, cơ thể dẹt, nhỏ (khoảng 3–5mm).
    *   Khi bị động chạm hoặc có dấu hiệu nguy hiểm, chúng co mình lại và nhảy rất nhanh để trốn thoát (đây là đặc điểm nhận dạng rõ nhất).
    *   Trưởng thành là loài bọ cánh cứng nhỏ, màu nâu đen hoặc xanh đen.
*   **Hại như thế nào?**
    *   Sâu non gặm nhấm phần thịt lá, để lại lớp màng biểu bì mỏng, tạo thành những đốm trắng hoặc lỗ thủng nhỏ trên lá.
    *   Nếu mật độ cao, lá sẽ bị khô, rụng sớm, ảnh hưởng đến quang hợp và năng suất.
    *   Ở mức độ nhẹ (<10%), cây vẫn có khả năng tự phục hồi và bù đắp lá mới.
*   **Nguyên nhân bùng phát:**
    *   Thời tiết khô hạn, nắng nóng gay gắt.
    *   Vườn cây thiếu cân đối dinh dưỡng (thừa đạm, thiếu kali/canxi làm lá non mềm, dễ bị tấn công).
    *   Thiếu thiên địch do phun thuốc hóa học tràn lan trước đó.

### 2. Biện pháp Quản lý Vườn (Ưu tiên hàng đầu)

Vì mức độ hại còn nhẹ, hãy tập trung vào các biện pháp cơ học và sinh học:

*   **Tưới nước đầy đủ:** Sâu rầy nhảy hoạt động mạnh khi khô hạn. Tưới nước đều đặn giúp giữ ẩm cho vườn, giảm stress cho cây và khiến môi trường ít thuận lợi cho sâu phát triển.
*   **Vệ sinh vườn:**
    *   Dọn sạch cỏ dại xung quanh gốc cây, vì cỏ là nơi trú ẩn và sinh sản của sâu.
    *   Thu gom và tiêu hủy các lá bị hại nặng (nếu có) để giảm nguồn lây lan.
*   **Tăng cường thiên địch:**
    *   Không phun thuốc hóa học phổ rộng để bảo vệ các loài thiên địch tự nhiên như: bọ rùa, bọ ngựa, ong ký sinh, nhện đỏ có lợi...
    *   Có thể trồng xen kẽ các loại cây hương liệu (như bạc hà, húng quế) hoặc cây thu hút thiên địch ở rìa vườn.

### 3. Có cần phun thuốc hay không?

👉 **KHÔNG CẦN PHUN THUỐC HÓA HỌC NGAY LÚC NÀY.**

*   **Lý do:** Mức độ hại <10% nằm trong ngưỡng kinh tế cho phép (Economic Threshold). Cây có khả năng chịu đựng và phục hồi. Phun thuốc lúc này là lãng phí và gây hại cho hệ sinh thái vườn.
*   **Khi nào thì phun?** Chỉ cân nhắc phun khi:
    *   Diện tích lá bị hại >15–20%.
    *   Sâu bắt đầu tấn công chồi non, hoa hoặc trái non.
    *   Mật độ sâu tăng nhanh bất thường trong vòng 3–5 ngày.

**Nếu bắt buộc phải can thiệp (ví dụ: sâu lan nhanh bất thường), hãy ưu tiên thuốc sinh học trước:**

*   **Thuốc sinh học (Ưu tiên):**
    *   *Beauveria bassiana* hoặc *Metarhizium anisopliae*: Nấm đối kháng gây bệnh cho sâu.
    *   *Bacillus thuringiensis (Bt)*: Hiệu quả với một số loài sâu ăn lá.
    *   Dầu khoáng (Neem oil): Gây ngạt và xua đuổi sâu.
*   **Thuốc hóa học (Chỉ dùng khi cần thiết và luân phiên nhóm tác động):**
    *   Nhóm Pyrethroid: *Lambda-cyhalothrin, Deltamethrin* (chú ý: dễ gây kháng và hại thiên địch).
    *   Nhóm khác: *Emamectin benzoate, Indoxacarb*.
    *   ⚠️ **Lưu ý:** Luôn tuân",True,True,False,True,True,True
allocaridara_attack_severity_1__WS_HIGH_HUMIDITY_FUNGAL,allocaridara_attack,1,WS_HIGH_HUMIDITY_FUNGAL,"Chào bà con, tôi là chuyên gia tư vấn bệnh cây trồng. Dựa trên kết quả chẩn đoán và dữ liệu thời tiết hiện tại, tôi xin đưa ra tư vấn cụ thể về tình trạng vườn sầu riêng của bà con như sau:

### 1. Tóm tắt tình trạng bệnh
Vườn sầu riêng hiện đang bị tấn công bởi **rầy mềm sầu riêng (Durian psyllid)**, tên khoa học là *Allocarsidara malayensis* (nhóm Allocaridara/Allocarsidara).
*   **Mức độ hại:** Nhẹ (Severity 1), với diện tích lá bị tổn thương dưới 10%.
*   **Triệu chứng nhận biết:** Bà con cần chú ý quan sát đọt non và mặt dưới lá. Các dấu hiệu bao gồm: lá non xuất hiện đốm vàng hoặc bạc màu, lá bị xoăn, cong hoặc biến dạng. Có thể nhìn thấy các chất trắng dạng sáp (waxy) do ấu trùng để lại. Nếu không kiểm soát, cây có thể rụng lá sớm và sinh trưởng kém.

### 2. Tóm tắt thời tiết sắp tới
*   **Dự báo:** Độ ẩm cao kéo dài trong 3 ngày tới.
*   **Mức độ rủi ro:** Tăng (increased).
*   **Lưu ý:** Mặc dù kịch bản độ ẩm cao này không thuộc nhóm điều kiện nguy cơ đặc biệt đã được xác định riêng cho bệnh này trong cơ sở dữ liệu hiện tại, nhưng điều kiện ấm ẩm thường thuận lợi cho quần thể sâu hại phát triển. Do đó, bà con cần tiếp tục áp dụng các khuyến nghị quản lý và theo dõi tiêu chuẩn.

### 3. Việc cần làm ngay
*   **Hành động:** Kiểm tra kỹ đọt non và mặt dưới lá của cây.
*   **Lý do:** Do dự báo độ ẩm cao kéo dài trong 3 ngày tới tạo điều kiện thuận lợi cho rầy mềm phát triển, việc kiểm tra sớm giúp phát hiện kịp thời trứng, ấu trùng, thành trùng hoặc các chất trắng/waxy trước khi chúng gây hại nặng hơn.

### 4. Quản lý
*   Tăng cường giám sát trong giai đoạn cây ra đọt non.
*   Thực hiện quản lý cục bộ các chồi bị hại nếu thấy phù hợp (ví dụ: tỉa bỏ các chồi bị nhiễm nặng nếu mật độ thấp).
*   **Lưu ý quan trọng:** Vì mức độ hại hiện tại còn thấp (dưới 10%), bà con nên **tránh can thiệp hóa học không cần thiết** để bảo vệ thiên địch và giảm chi phí.

### 5. Phòng ngừa
*   Theo dõi thường xuyên vườn cây, đặc biệt trong giai đoạn ra đọt non.
*   Ghi nhận lại các cây bị hại để tiện tái kiểm tra sau này.
*   Duy trì vườn cây thông thoáng, tỉa cành hợp lý để hạn chế độ ẩm cục bộ và ngăn chặn sự bùng phát mật số sâu hại.

### 6. Theo dõi
*   Thường xuyên kiểm tra mặt dưới lá và chồi non.
*   Quan sát các dấu hiệu: lá xoăn, đốm vàng, rụng lá non hoặc sự xuất hiện của chất trắng/waxy.

### 7. Cảnh báo
*   Mặc dù mức độ hiện tại còn nhẹ, bà con cần theo dõi sát sao vì rầy mềm (psyllid) có khả năng tăng số lượng rất nhanh trên đọt non, đặc biệt trong điều kiện độ ẩm cao. Nếu tình trạng trở nặng, bà con nên liên hệ với cán bộ kỹ thuật địa phương để được hỗ trợ xử lý chuyên sâu.

### Nguồn tham khảo
*   [S8] CABI Digital Library: Allocarsidara malayensis / durian psyllid — https://www.cabidigitallibrary.org/doi/pdf/10.5555/20073012690
*   [S9] IJAT article on management of Allocarsidara malayensis — https://www.ijat-aatsea.com/pdf/v20_n4_2024_July/30_IJAT_20%284%29_2024_Wiangsamut%2C%20B.--1640.pdf
*   [S10] Thep Watana: Durian pest - leafhoppers and durian psyllid — https://thepwatana.com/en/blog/durian-pest-leafhoppers-and-durian-psyllid/
*   [S11] First report / monitoring note on Allocarsidara malayensis — https://www.rdzwxb.com/EN/10.3969/j.issn.1000-2561.2025.03.",False,False,False,False,False,False,"Chào bạn, với tư cách là chuyên gia tư vấn kỹ thuật cây trồng, tôi xin đưa ra khuyến nghị chi tiết cho tình huống **sâu rầy nhảy (Allocaridra sp.) tấn công lá sầu riêng** ở mức độ **nhẹ (<10% diện tích lá bị tổn thương)**.

Ở mức độ này, cây trồng chưa bị ảnh hưởng nghiêm trọng đến năng suất, nhưng cần có biện pháp can thiệp kịp thời để ngăn chặn dịch hại bùng phát, đặc biệt trong điều kiện thời tiết thuận lợi cho sâu phát triển.

---

### 1. Nguyên nhân và đặc điểm bệnh

*   **Tác nhân gây hại:** Sâu rầy nhảy (thuộc họ Pyralidae, chi *Allocaridra*). Con trưởng thành là loài bướm nhỏ, màu nâu xám, hoạt động về đêm. Sâu non có màu xanh nhạt hoặc xanh vàng, khi bị động sẽ co mình lại và nhảy vọt đi để tự vệ (đặc điểm nhận dạng dễ nhất).
*   **Đặc điểm gây hại:**
    *   Sâu non ăn lá non, lá bánh tẻ, tạo các lỗ hổng không đều trên phiến lá.
    *   Ở mức độ nhẹ (<10%), sâu thường tập trung ở những tán lá ngoài cùng hoặc những chồi non mới nhú.
    *   Sâu rầy nhảy thường phát triển mạnh vào mùa mưa, độ ẩm cao, nhiệt độ từ 25–30°C, và khi vườn cây có tán lá dày đặc, thiếu ánh sáng xuyên sâu.
*   **Nguyên nhân bùng phát:**
    *   Vườn cây thiếu cân bằng sinh thái, ít thiên địch (như ong ký sinh, chim, nhện).
    *   Tưới nước không hợp lý, tạo độ ẩm cao trong tán cây.
    *   Sử dụng thuốc hóa học phổ rộng trước đó đã tiêu diệt thiên địch, khiến sâu rầy nhảy bùng phát do mất kiểm soát tự nhiên.

---

### 2. Biện pháp quản lý vườn (Quản lý dịch hại tổng hợp - IPM)

Vì mức độ gây hại còn nhẹ, ưu tiên hàng đầu là các biện pháp **vật lý, cơ giới và sinh học**, hạn chế tối đa việc dùng thuốc hóa học.

*   **Vệ sinh vườn cây:**
    *   Thu gom và tiêu hủy các lá bị sâu ăn nhiều, lá rụng dưới gốc để giảm nguồn sâu non và nhộng.
    *   Cắt tỉa cành lá già, lá sâu bệnh, tạo thông thoáng cho tán cây, giảm độ ẩm và hạn chế nơi trú ẩn của sâu.
*   **Tận dụng thiên địch:**
    *   Bảo vệ và khuyến khích các loài thiên địch tự nhiên như ong ký sinh (*Trichogramma*), nhện ăn thịt, bọ rùa, chim chóc.
    *   Trồng cây phủ gốc hoặc cây hương liệu (như cúc vạn thọ, cần tây) quanh vườn để thu hút thiên địch.
*   **Biện pháp cơ giới:**
    *   Nếu diện tích vườn nhỏ, có thể bắt sâu bằng tay vào buổi sáng sớm hoặc chiều mát (khi sâu ít hoạt động).
    *   Dùng vợt bắt sâu trưởng thành (bướm) vào ban đêm bằng đèn bẫy ánh sáng (nếu có điều kiện).

---

### 3. Có cần phun thuốc hay không? Phun gì?

**Khuyến nghị: KHÔNG CẦN PHUN THUỐC HÓA HỌC NGAY LẬP TỨC.**

*   **Lý do:**
    *   Mức độ gây hại <10% nằm trong ngưỡng kinh tế cho phép (Economic Threshold Level - ETL). Cây sầu riêng có khả năng phục hồi tốt ở mức độ này.
    *   Phun thuốc hóa học ở giai đoạn này có thể tiêu diệt thiên địch, gây kháng thuốc cho sâu, và ảnh hưởng đến chất lượng trái nếu cây đang trong giai đoạn ra hoa/ra trái.
*   **Khi nào thì cần phun thuốc?**
    *   Chỉ phun khi mật độ sâu tăng lên >10–15% diện tích lá bị tổn thương, hoặc khi quan sát thấy sâu non xuất hiện dày đặc trên chồi non mới.
*   **Nếu bắt buộc phải phun (khi vượt ngưỡng):**
    *   **Ưu tiên thuốc sinh học/trong tự nhiên:**
        *   *Beauveria bassiana* hoặc *Metarhizium anisopliae* (nấm đối kháng): An toàn, không gây hại cho thiên địch, hiệu quả với sâu non.
        *   *Bacillus thuringiensis (Bt)*: Thuốc sinh học đặc hiệu với sâu ăn lá, an toàn với người và môi trường.
        *   Dầu khoáng BDH (Dầu khoáng sinh học): Gây ngạt thở cho",True,False,False,True,True,True
allocaridara_attack_severity_1__WS_PROLONGED_WET_SEVERE,allocaridara_attack,1,WS_PROLONGED_WET_SEVERE,"Chào bạn, với tư cách là chuyên gia tư vấn bệnh cây trồng, tôi xin đưa ra khuyến nghị dựa trên kết quả chẩn đoán và dữ liệu thời tiết hiện tại cho vườn sầu riêng của bạn.

### 1. Tóm tắt tình trạng bệnh
Cây sầu riêng của bạn đang bị tấn công bởi **rầy nâu sầu riêng (Durian psyllid - *Allocarsidara malayensis*)**.
*   **Mức độ nhiễm bệnh:** Nhẹ (Severity 1).
*   **Biểu hiện:** Diện tích lá bị tổn thương chiếm dưới 10%. Bạn có thể quan sát thấy các đốm vàng hoặc bạc màu trên lá non, lá non bị xoăn, cong hoặc biến dạng. Trên mặt dưới lá hoặc chồi non có thể thấy các chất trắng dạng sáp (waxy) do ấu trùng để lại.
*   **Nguyên nhân:** Rầy nâu là loài côn trùng chích hút, gây hại chủ yếu trên đọt non và mặt dưới lá, khiến lá vàng, rụng sớm và ảnh hưởng đến sinh trưởng của cây.

### 2. Tóm tắt thời tiết sắp tới
Dự báo thời tiết trong 3 ngày tới có **tổng lượng mưa rất lớn**.
*Lưu ý:* Mặc dù lượng mưa lớn, nhưng kịch bản này không thuộc nhóm điều kiện nguy cơ đặc biệt đã được xác định rõ ràng cho bệnh này trong cơ sở dữ liệu hiện tại. Do đó, chúng ta vẫn áp dụng các biện pháp quản lý và theo dõi tiêu chuẩn.

### 3. Việc cần làm ngay
**Hành động:** Kiểm tra kỹ lưỡng đọt non và mặt dưới lá của cây.
**Lý do:**
*   Do lượng mưa lớn dự báo trong 3 ngày tới, môi trường ẩm ướt có thể tạo điều kiện thuận lợi cho quần thể rầy nâu phát triển nhanh nếu không được kiểm soát kịp thời.
*   Việc kiểm tra sớm giúp phát hiện trứng, ấu trùng, thành trùng hoặc các chất trắng dạng sáp trước khi chúng gây hại nặng hơn.
*   Xác định chính xác vị trí bị hại để có biện pháp xử lý cục bộ nếu cần, tránh phun thuốc tràn lan khi mức độ nhiễm bệnh còn nhẹ.

### 4. Quản lý
*   **Tăng cường giám sát:** Đặc biệt chú ý trong giai đoạn cây ra đọt non, vì đây là thời điểm rầy nâu hoạt động mạnh nhất.
*   **Xử lý cục bộ:** Nếu phát hiện các chồi bị hại nặng, có thể cắt bỏ và tiêu hủy các phần này để ngăn chặn lây lan, nếu điều kiện vườn cho phép.
*   **Hạn chế hóa chất:** Vì mức độ nhiễm bệnh hiện tại còn nhẹ (dưới 10%), nên tránh can thiệp bằng hóa chất không cần thiết để bảo vệ hệ sinh thái vườn và tránh gây kháng thuốc.

### 5. Phòng ngừa
*   **Theo dõi thường xuyên:** Duy trì việc kiểm tra vườn định kỳ, đặc biệt trong giai đoạn ra đọt non.
*   **Ghi chép:** Đánh dấu hoặc ghi nhận những cây bị hại để tái kiểm tra sau này, giúp theo dõi diễn biến của sâu hại.
*   **Quản lý vườn:** Duy trì vườn thông thoáng, tỉa cành hợp lý để hạn chế độ ẩm cục bộ quá cao và giảm mật số sâu hại bùng phát.

### 6. Theo dõi
*   **Vị trí kiểm tra:** Tập trung vào mặt dưới lá và các chồi non.
*   **Dấu hiệu cần lưu ý:**
    *   Lá non bị xoăn, cong, biến dạng.
    *   Xuất hiện đốm vàng hoặc bạc màu trên lá.
    *   Lá non rụng sớm.
    *   Sự xuất hiện của các chất trắng dạng sáp (waxy) do ấu trùng để lại.

### 7. Cảnh báo
Mặc dù mức độ nhiễm bệnh hiện tại còn nhẹ, nhưng rầy nâu sầu riêng có khả năng tăng mật số rất nhanh trên đọt non. Do đó, cần theo dõi sát sao để phát hiện sớm sự bùng phát, tránh để bệnh chuyển sang mức độ nặng gây rụng lá và suy giảm sinh trưởng cho cây.

Nếu tình trạng bệnh tiến triển nặng hoặc bạn không tự xử lý được, hãy liên hệ với cán bộ kỹ thuật nông nghiệp địa phương để được hỗ trợ cụ thể.

### Nguồn tham khảo
*   [S8] CABI Digital Library: Allocarsidara malayensis / durian psyllid — https://www.cabidigitallibrary.org/doi/pdf/10.5555/20073012690
*   [S9] IJAT article on management of Allocarsidara malayensis — https://www.ijat-aatsea.com/pdf/v20_n4_2024_July/3",True,False,False,False,True,False,"Chào bạn, với tư cách là chuyên gia tư vấn kỹ thuật cho cây sầu riêng, tôi xin đưa ra khuyến nghị chi tiết cho tình huống **sâu rầy nhảy (nhóm họ Lygaeidae, thường gặp là *Allocaridra* spp. hoặc các loài rầy nhảy khác) tấn công lá ở mức độ nhẹ (<10% diện tích lá bị tổn thương)**.

Ở mức độ này, cây trồng vẫn có khả năng tự phục hồi tốt, do đó **ưu tiên hàng đầu là biện pháp canh tác và sinh học**, hạn chế tối đa việc sử dụng thuốc hóa học để bảo vệ hệ sinh thái vườn và tránh kháng thuốc.

---

### 1. Nguyên nhân / Đặc điểm bệnh

*   **Tác nhân gây hại:** Sâu rầy nhảy (Leafhoppers/Jumpers), đặc biệt là nhóm *Allocaridra* spp. hoặc các loài rầy nhảy khác. Chúng là côn trùng nhỏ, có khả năng nhảy nhanh khi bị đe dọa, thường ẩn mình ở mặt dưới lá non, cuống lá hoặc kẽ lá.
*   **Cơ chế gây hại:** Chúng dùng vòi chích hút nhựa từ mô lá, gây ra các vết chấm li ti màu vàng hoặc trắng bạc trên lá. Ở mức độ nhẹ (<10%), chỉ một số ít lá non hoặc lá già bị ảnh hưởng, chưa gây rụng lá hàng loạt hay suy giảm nghiêm trọng quang hợp.
*   **Điều kiện thuận lợi:** Thời tiết khô hạn, nắng nóng, vườn cây thiếu bóng râm, hoặc mật độ cây trồng quá dày khiến thông gió kém. Rầy nhảy thường phát triển mạnh vào mùa khô hoặc đầu mùa mưa khi nhiệt độ cao.

---

### 2. Biện pháp quản lý vườn (Canh tác & Sinh học)

Vì mức độ hại còn nhẹ, các biện pháp này là **ưu tiên số 1**:

*   **Tạo môi trường bất lợi cho sâu hại:**
    *   **Tưới nước đều đặn:** Giữ ẩm đất và phun nước lên tán cây vào buổi sáng sớm hoặc chiều mát để làm giảm nhiệt độ lá, khiến rầy nhảy khó chịu và giảm khả năng sinh sản.
    *   **Cắt tỉa thông thoáng:** Loại bỏ các cành lá sâu trong tán, cành khô, cành bệnh để tăng cường ánh sáng và gió lưu thông, giảm độ ẩm cục bộ – điều kiện thuận lợi cho rầy phát triển.
*   **Thu hút thiên địch:**
    *   Trồng các loại cây bẫy hoặc cây thu hút thiên địch như: cúc vạn thọ, hướng dương, đậu nành, hoặc các loại cây họ đậu xung quanh vườn.
    *   Bảo vệ các loài thiên địch tự nhiên như: bọ rùa, bọ ngựa, nhện đỏ, ong ký sinh (Trichogramma), và chim chóc. Không phun thuốc hóa học rộng rãi để tránh tiêu diệt thiên địch.
*   **Vệ sinh vườn:**
    *   Thu gom và tiêu hủy các lá rụng có dấu hiệu bị hại nặng (nếu có) để giảm nguồn lây lan.
    *   Làm sạch cỏ dại xung quanh gốc cây, vì cỏ dại có thể là vật chủ trung gian hoặc nơi trú ẩn của rầy nhảy.

---

### 3. Có cần phun thuốc hay không? Phun gì?

**Kết luận: KHÔNG CẦN PHUN THUỐC HÓA HỌC NGAY LÚC NÀY.**

*   **Lý do:**
    *   Mức độ hại <10% nằm trong ngưỡng kinh tế cho phép (Economic Threshold Level - ETL). Cây có khả năng bù đắp và phục hồi nhanh.
    *   Phun thuốc ở giai đoạn này dễ gây kháng thuốc, tiêu diệt thiên địch, và gây lãng phí chi phí.
    *   Thuốc hóa học có thể gây ô nhiễm môi trường và ảnh hưởng đến sức khỏe người lao động.

**Nếu sau 7–10 ngày áp dụng biện pháp canh tác mà mật độ rầy tăng lên >20–30% diện tích lá, hoặc xuất hiện hiện tượng rụng lá non, lúc đó mới cân nhắc phun thuốc. Khi đó, ưu tiên các loại thuốc sinh học hoặc ít độc hại:**

*   **Thuốc sinh học (Ưu tiên):**
    *   *Beauveria bassiana* hoặc *Metarhizium anisopliae* (nấm đối kháng côn trùng).
    *   *Lecanicillium lecanii* (nấm ký sinh côn trùng).
    *   Dầu khoáng BT (Neem oil, Canola oil): Gây ngạt và xua đuổi rầy, an toàn với thiên địch.
*   **Thuốc hóa học (Chỉ dùng khi cần thiết và luân phiên nhóm):**
    *   Nhóm thuốc ít độc, tác động tiếp xúc: *Acetamiprid*, *Thiameth",True,True,False,False,True,True
allocaridara_attack_severity_1__WS_PSYLLID_WARM_CONDITIONS,allocaridara_attack,1,WS_PSYLLID_WARM_CONDITIONS,"Chào bạn, tôi là chuyên gia tư vấn bệnh cây trồng. Dựa trên thông tin chẩn đoán và dữ liệu thời tiết hiện tại, dưới đây là lời khuyên chi tiết cho vườn sầu riêng của bạn:

### 1. Tóm tắt tình trạng bệnh
Cây sầu riêng của bạn đang bị nhiễm **Rầy nâu sầu riêng (Durian psyllid - *Allocarsidara malayensis*)** ở mức độ nhẹ (Severity 1).
*   **Mức độ tổn thương:** Dưới 10% diện tích bề mặt lá bị ảnh hưởng.
*   **Triệu chứng nhận biết:** Bạn có thể thấy các đốm vàng hoặc bạc màu trên lá non, lá non bị xoăn, cong hoặc biến dạng. Quan sát kỹ mặt dưới lá, có thể thấy các chất trắng dạng sáp (waxy) do ấu trùng để lại. Nếu không xử lý, rầy sẽ chích hút làm lá rụng sớm và cây sinh trưởng kém.

### 2. Tóm tắt thời tiết sắp tới
Dự báo thời tiết trong **3 ngày tới** sẽ có **đêm ấm kéo dài**. Đây là điều kiện khí hậu rất thuận lợi cho quần thể rầy nâu sầu riêng phát triển và sinh sản nhanh, đặc biệt nguy hiểm nếu vườn cây đang trong giai đoạn ra đọt non. Mức độ rủi ro được đánh giá là **tăng cao (increased)**.

### 3. Việc cần làm ngay
**Hành động:** Tăng cường kiểm tra kỹ lưỡng **đọt non** và **mặt dưới lá** ngay trong những ngày tới.

**Lý do:** Do dự báo **đêm ấm kéo dài trong 3 ngày tới** tạo môi trường lý tưởng cho rầy nâu bùng phát mật số nhanh chóng. Việc kiểm tra sớm giúp phát hiện kịp thời trứng, ấu trùng hoặc chất trắng sáp trên đọt non trước khi chúng gây hại diện rộng.

### 4. Quản lý
*   **Giám sát chặt chẽ:** Tăng tần suất kiểm tra trong giai đoạn cây ra đọt non.
*   **Xử lý cục bộ:** Nếu chỉ một vài chồi bị hại, có thể cắt bỏ hoặc xử lý cục bộ các chồi đó nếu phù hợp với quy trình vườn.
*   **Hạn chế phun thuốc:** Vì mức độ nhiễm bệnh hiện tại còn nhẹ (dưới 10%), bạn nên **tránh can thiệp hóa học không cần thiết** để bảo vệ thiên địch và tránh gây kháng thuốc. Chỉ nên dùng biện pháp cơ học hoặc sinh học nếu mật số tăng.

### 5. Phòng ngừa
*   **Thông thoáng vườn:** Duy trì tán cây thông thoáng, tỉa cành hợp lý để hạn chế độ ẩm cục bộ và ngăn chặn sự bùng phát mật số sâu hại.
*   **Ghi nhận và tái kiểm tra:** Đánh dấu các cây hoặc khu vực bị hại để theo dõi sát sao trong các lần kiểm tra tiếp theo.
*   **Theo dõi thường xuyên:** Đặc biệt chú ý trong giai đoạn ra đọt non, đây là thời điểm cây dễ bị tấn công nhất.

### 6. Theo dõi
Bạn cần lưu ý các dấu hiệu sau để đánh giá diễn biến bệnh:
*   Kiểm tra kỹ **mặt dưới lá** và **chồi non**.
*   Quan sát xem có xuất hiện thêm **lá xoăn, đốm vàng, rụng lá non** hay không.
*   Tìm kiếm các dấu hiệu **chất trắng dạng sáp (waxy)** do ấu trùng để lại.

### 7. Cảnh báo
Mặc dù hiện tại mức độ nhiễm bệnh còn nhẹ, nhưng bạn cần **theo dõi sát sao** vì rầy nâu có khả năng tăng mật số rất nhanh trên đọt non, đặc biệt trong điều kiện thời tiết ấm áp như dự báo. Nếu thấy mật số sâu tăng mạnh hoặc diện tích nhiễm lan rộng, hãy liên hệ ngay với cán bộ kỹ thuật địa phương để được hỗ trợ xử lý phù hợp.

---
**Nguồn tham khảo:**
• [S8] CABI Digital Library: Allocarsidara malayensis / durian psyllid — https://www.cabidigitallibrary.org/doi/pdf/10.5555/20073012690
• [S9] IJAT article on management of Allocarsidara malayensis — https://www.ijat-aatsea.com/pdf/v20_n4_2024_July/30_IJAT_20%284%29_2024_Wiangsamut%2C%20B.--1640.pdf
• [S10] Thep Watana: Durian pest - leafhoppers and durian psyllid — https://thepwatana.com/en/blog/durian-pest-leafhoppers-and-durian-psyllid/",True,False,False,False,True,False,"Chào bác nông dân, với tư cách là chuyên gia tư vấn kỹ thuật cây trồng, tôi xin đưa ra khuyến nghị cụ thể cho tình huống **sâu rầy nhảy (Allocaridra sp.)** tấn công lá sầu riêng ở mức độ **nhẹ (<10% diện tích lá bị tổn thương)**.

Dưới đây là phác đồ xử lý chi tiết:

---

### 1. Nguyên nhân và Đặc điểm của Sâu Rầy Nhảy (Allocaridra)

*   **Tên khoa học:** Thuộc họ *Tropiduchidae* (nhóm rầy nhảy), thường gặp là *Allocaridra solani* hoặc các loài tương tự.
*   **Đặc điểm hình thái:**
    *   Con trưởng thành nhỏ, dài khoảng 2–3 mm, màu nâu vàng hoặc nâu xám, có chân sau dài và khỏe, thích nhảy khi bị động chạm.
    *   Sâu non (ấu trùng) thường bám ở mặt dưới lá, màu xanh nhạt hoặc vàng nhạt.
*   **Thói quen gây hại:**
    *   Chích hút nhựa cây từ mặt dưới lá non, lá bánh tẻ.
    *   Gây hiện tượng lá bị điểm vàng, khô viền, cong queo, rụng sớm nếu mật độ cao.
    *   Phát triển mạnh trong điều kiện thời tiết nắng nóng, khô hạn hoặc vườn cây thiếu cân đối dinh dưỡng (thừa đạm, thiếu kali/canxi).
    *   Chúng thường ẩn nấp dưới lá, khó phát hiện nếu không kiểm tra kỹ mặt dưới lá.

---

### 2. Biện pháp Quản lý Vườn (Vệ sinh và Cân bằng Sinh thái)

Vì mức độ nhiễm bệnh còn **nhẹ (<10%)**, ưu tiên hàng đầu là **quản lý sinh học và vệ sinh vườn**, hạn chế tối đa việc phun thuốc hóa học để bảo vệ thiên địch.

*   **Vệ sinh vườn:**
    *   Dọn dẹp cỏ rác xung quanh gốc cây, đặc biệt là các loại cỏ bụi thấp nơi rầy nhảy thích trú ẩn.
    *   Thu gom và tiêu hủy các lá bị rụng, lá bị nhiễm nặng (nếu có) để giảm nguồn lây lan.
*   **Cân đối dinh dưỡng:**
    *   Tránh bón thừa phân đạm (N) vì lá non mọng nước sẽ thu hút rầy nhảy tấn công mạnh hơn.
    *   Tăng cường bón kali (K) và canxi (Ca) để tăng độ dày và cứng của lá, giúp lá khó bị chích hút hơn.
    *   Bón thêm phân hữu cơ vi sinh để cải tạo đất, tăng sức đề kháng cho cây.
*   **Tưới nước hợp lý:**
    *   Tưới nước đều đặn, tránh để cây bị stress do hạn hán vì cây yếu sẽ dễ bị sâu bệnh tấn công.
    *   Không tưới nước vào buổi chiều tối để tránh tạo độ ẩm cao thuận lợi cho nấm bệnh phát sinh sau này.

---

### 3. Có cần phun thuốc hay không? Phun gì?

**=> Kết luận: KHÔNG CẦN PHUN THUỐC HÓA HỌC NGAY LÚC NÀY.**

*   **Lý do:**
    *   Mức độ tổn thương <10% nằm trong ngưỡng **chấp nhận được** (Economic Threshold Level - ETL).
    *   Phun thuốc khi mật độ thấp sẽ tiêu diệt cả thiên địch (bọ rùa, bọ ngựa, ong ký sinh...), khiến quần thể rầy nhảy bùng phát mạnh hơn sau này do mất cân bằng sinh thái.
    *   Rầy nhảy có khả năng kháng thuốc nhanh nếu phun thuốc liên tục.

**=> Biện pháp thay thế (Nếu muốn can thiệp):**

*   **Sử dụng chế phẩm sinh học (Ưu tiên):**
    *   Phun **Nấm đối kháng *Beauveria bassiana*** hoặc *Metarhizium anisopliae* để kiểm soát rầy nhảy một cách tự nhiên.
    *   Phun **dầu khoáng thực vật (Neem oil hoặc dầu khoáng BK60)** pha loãng theo liều lượng khuyến cáo. Dầu khoáng sẽ bít lỗ thở của rầy, gây ngạt và chết mà không gây hại cho thiên địch.
    *   Phun **chiết xuất tỏi, ớt, hoặc lá neem** để xua đuổi rầy nhảy.

*   **Chỉ phun thuốc hóa học khi:**
    *   Mật độ rầy nhảy tăng lên >15–20% diện tích lá bị tổn thương.
    *   Xuất hiện hiện tượng lá vàng, rụng hàng loạt, ảnh hưởng rõ rệt đến sinh trưởng của cây.

*   **Nếu bắt buộc phải phun thuốc hóa học (trong trường hợp khẩn cấp):**
    *",True,False,False,True,True,True
allocaridara_attack_severity_1__WS_DRY_HOT_WATER_STRESS,allocaridara_attack,1,WS_DRY_HOT_WATER_STRESS,"Chào bạn, với tư cách là chuyên gia tư vấn bệnh cây trồng, tôi xin đưa ra khuyến nghị dựa trên kết quả chẩn đoán và dự báo thời tiết hiện tại cho vườn sầu riêng của bạn.

### 1. Tóm tắt tình trạng bệnh
Cây sầu riêng của bạn đang bị nhiễm **Rầy phấn sầu riêng (Durian psyllid)**, tên khoa học *Allocarsidara malayensis*.
*   **Mức độ:** Nhẹ (Severity 1). Diện tích lá bị tổn thương dưới 10%.
*   **Triệu chứng nhận biết:** Bạn có thể thấy các đốm vàng hoặc bạc màu trên lá non, lá non bị xoăn, cong hoặc biến dạng. Đặc trưng là có thể nhìn thấy các chất trắng dạng sáp (waxy) do ấu trùng để lại trên mặt dưới lá hoặc đọt non. Nếu không kiểm soát, sâu này sẽ làm lá rụng sớm và cây sinh trưởng kém.

### 2. Tóm tắt thời tiết sắp tới
*   **Dự báo:** Nắng nóng kéo dài trong 3 ngày tới.
*   **Rủi ro:** Mức độ cảnh báo về stress nước (caution_water_stress).
*   **Lưu ý:** Mặc dù nắng nóng không trực tiếp gây ra bệnh rầy phấn, nhưng nó khiến cây bị thiếu nước, suy yếu hệ miễn dịch, từ đó dễ bị sâu bệnh tấn công hơn.

### 3. Việc cần làm ngay
**Hành động:** Kiểm tra kỹ đọt non và mặt dưới lá để phát hiện sớm trứng, ấu trùng, thành trùng hoặc các chất trắng dạng sáp.

**Lý do liên hệ với thời tiết:**
Do dự báo **nắng nóng kéo dài trong 3 ngày tới**, cây sầu riêng đang chịu áp lực lớn về việc mất nước (stress nước). Khi cây bị stress do nắng nóng, khả năng chống chịu với sâu bệnh giảm sút. Rầy phấn thường tấn công mạnh vào giai đoạn ra đọt non. Việc kiểm tra kỹ lưỡng ngay lúc này giúp bạn xác định chính xác vị trí sâu ẩn náu (thường là mặt dưới lá và đọt non) để xử lý kịp thời trước khi cây bị suy yếu thêm do nắng nóng, ngăn chặn tình trạng lá rụng sớm làm giảm khả năng quang hợp và phục hồi của cây.

### 4. Quản lý
*   **Tăng cường giám sát:** Đặc biệt chú ý trong giai đoạn cây ra đọt non.
*   **Xử lý cục bộ:** Vì mức độ nhiễm bệnh còn nhẹ (dưới 10%), bạn chỉ cần quản lý và xử lý tại các chồi bị hại cụ thể nếu thấy cần thiết.
*   **Hạn chế hóa chất:** Tránh phun thuốc hóa học không cần thiết khi mức độ hại còn thấp, nhằm bảo vệ môi trường và sức khỏe cây trồng.
*   **Đảm bảo nước tưới:** Do nắng nóng, hãy đảm bảo tưới nước đầy đủ và đều đặn để giảm stress cho cây, giúp cây khỏe mạnh hơn để tự chống chịu.

### 5. Phòng ngừa
*   **Theo dõi thường xuyên:** Kiểm tra vườn định kỳ, đặc biệt là trong giai đoạn ra đọt non.
*   **Ghi nhận:** Đánh dấu hoặc ghi lại những cây bị hại để tiện theo dõi và tái kiểm tra sau này.
*   **Quản lý vườn:** Duy trì vườn thông thoáng, tỉa cành hợp lý để hạn chế điều kiện ẩm ướt cục bộ và ngăn chặn mật số sâu hại bùng phát.

### 6. Theo dõi
*   **Vị trí kiểm tra:** Tập trung vào mặt dưới lá và chồi non.
*   **Dấu hiệu cần lưu ý:**
    *   Lá xoăn, cong, biến dạng.
    *   Xuất hiện đốm vàng hoặc bạc màu.
    *   Lá non rụng sớm.
    *   Xuất hiện chất trắng dạng sáp (waxy) trên lá.

### 7. Cảnh báo
Mặc dù hiện tại mức độ nhiễm bệnh còn nhẹ, nhưng rầy phấn (psyllid) có khả năng sinh sản và tăng nhanh quần thể rất mạnh trên đọt non. Nếu không theo dõi sát sao, bệnh có thể chuyển sang mức độ nặng hơn. Nếu tình trạng lây lan nhanh hoặc bạn không tự xử lý được, hãy liên hệ ngay với cán bộ kỹ thuật địa phương để được hỗ trợ.

---

**Nguồn tham khảo:**
• [S8] CABI Digital Library: Allocarsidara malayensis / durian psyllid — https://www.cabidigitallibrary.org/doi/pdf/10.5555/20073012690
• [S9] IJAT article on management of Allocarsidara malayensis — https://www.ijat-aatsea.com/pdf/v20_n4_2024",True,False,False,False,True,False,"Chào bạn, với tư cách là chuyên gia tư vấn bệnh cây trồng, tôi xin đưa ra khuyến nghị chi tiết cho tình huống **sâu nhảy (Allocaridara sp.)** tấn công lá sầu riêng ở mức độ **nhẹ (<10% diện tích lá bị tổn thương)**.

Đây là giai đoạn rất tốt để can thiệp sớm, giúp ngăn chặn dịch bùng phát mà không cần dùng nhiều hóa chất.

---

### 1. Nguyên nhân và Đặc điểm của Sâu nhảy (Allocaridara sp.)

*   **Đặc điểm nhận dạng:**
    *   Sâu trưởng thành có kích thước nhỏ (khoảng 3-5 mm), màu nâu xám hoặc đen, có khả năng nhảy rất nhanh khi bị động chạm (giống như bọ chét).
    *   Sâu non thường sống bám trên mặt dưới lá, có màu xanh nhạt hoặc vàng, hình bầu dục, không có chân rõ ràng.
*   **Cách gây hại:**
    *   Cả sâu non và trưởng thành đều chích hút nhựa từ mặt dưới lá non, lá bánh tẻ.
    *   Lá bị hại xuất hiện các chấm nhỏ màu trắng/vàng, sau đó chuyển nâu, khô và rụng sớm.
    *   Nếu nặng, cây bị suy yếu, giảm khả năng quang hợp, ảnh hưởng đến ra hoa và đậu quả.
*   **Nguyên nhân bùng phát:**
    *   Thời tiết khô hạn, nắng nóng, ít mưa tạo điều kiện thuận lợi cho sâu sinh sản nhanh.
    *   Vườn cây quá rậm rạp, thiếu ánh sáng thông thoáng, hoặc bón quá nhiều phân đạm khiến lá non mọng nước, dễ bị sâu tấn công.
    *   Thiếu thiên địch tự nhiên trong vườn.

---

### 2. Biện pháp quản lý vườn (Quản lý tổng hợp IPM)

Vì mức độ hại còn nhẹ (<10%), ưu tiên hàng đầu là **biện pháp canh tác và cơ học**, hạn chế tối đa việc phun thuốc hóa học.

*   **Tỉa cành tạo tán:**
    *   Tỉa bỏ các cành sâu bệnh, cành khô, cành vượt nằm sâu trong tán để tăng độ thông thoáng, giảm độ ẩm cục bộ và hạn chế nơi trú ẩn của sâu.
    *   Đảm bảo ánh sáng mặt trời chiếu sâu vào tán cây.
*   **Vệ sinh vườn:**
    *   Thu gom và tiêu hủy (đốt hoặc chôn vùi) các lá rụng, lá bị sâu hại nặng để giảm nguồn sâu non và trứng.
    *   Làm sạch cỏ xung quanh gốc, nhưng nên giữ một lớp phủ hữu cơ (rơm rạ, cỏ khô) để duy trì độ ẩm và bảo vệ thiên địch.
*   **Cân đối dinh dưỡng:**
    *   Tránh bón quá nhiều phân đạm (N) vào giai đoạn cây đang bị sâu tấn công, vì lá non sẽ mềm, mọng nước và dễ bị chích hút.
    *   Tăng cường bón kali (K) và canxi (Ca) để thành tế bào lá dày hơn, khó bị sâu phá hại.
    *   Bón thêm phân hữu cơ vi sinh để cải thiện sức đề kháng của cây.

---

### 3. Có cần phun thuốc hay không? Phun gì?

**Câu trả lời: KHÔNG CẦN PHUN THUỐC HÓA HỌC NGAY LÚC NÀY.**

*   **Lý do:**
    *   Mức độ hại <10% nằm trong ngưỡng kinh tế cho phép. Phun thuốc khi chưa cần thiết sẽ:
        *   Tiêu diệt thiên địch (bọ rùa, ong ký sinh, nhện ăn thịt...) vốn đang kiểm soát quần thể sâu.
        *   Gây kháng thuốc cho sâu.
        *   Gây ô nhiễm môi trường và tốn kém chi phí.
        *   Ảnh hưởng đến chất lượng trái nếu cây đang trong giai đoạn nuôi trái.

*   **Nếu bạn vẫn muốn can thiệp (hoặc thấy dấu hiệu tăng nhanh):**
    *   **Ưu tiên sử dụng thuốc sinh học/công nghệ sinh học:**
        *   **Beauveria bassiana:** Nấm đối kháng gây bệnh cho sâu, an toàn với người, vật nuôi và thiên địch. Phun vào buổi chiều mát.
        *   **Metarhizium anisopliae:** Tương tự như Beauveria.
        *   **Chiết xuất Neem (Azadirachtin):** Gây rối loạn sinh trưởng, ngăn sâu lột xác và đẻ trứng.
    *   **Liều lượng:** Theo hướng dẫn trên bao bì, phun ướt đều mặt dưới lá (nơi sâu trú ẩn).

> ⚠️ **Lưu ý:** Chỉ cân nhắc phun thuốc hóa học (như Abamectin, Emamectin benzoate, Chloran",True,True,False,True,True,True
allocaridara_attack_severity_2__WS_NORMAL,allocaridara_attack,2,WS_NORMAL,"Chào bạn, tôi là chuyên gia tư vấn bệnh cây trồng. Dựa trên thông tin chẩn đoán và dữ liệu thời tiết hiện tại, dưới đây là tư vấn chi tiết cho vườn sầu riêng của bạn:

### 1. Tóm tắt tình trạng bệnh
Vườn sầu riêng của bạn đang bị nhiễm **Rầy nâu sầu riêng (Durian psyllid - *Allocarsidara malayensis*)** ở mức độ **Trung bình (Severity 2)**.
*   **Mức độ tổn thương:** Từ 10–35% diện tích bề mặt lá bị ảnh hưởng.
*   **Triệu chứng nhận biết:** Lá non xuất hiện đốm vàng hoặc bạc màu, lá bị xoăn, cong và biến dạng. Bạn có thể quan sát thấy các chất trắng dạng sáp (waxy) do ấu trùng để lại trên mặt dưới lá hoặc đọt non. Nếu không xử lý, cây có thể rụng lá sớm và sinh trưởng kém.

### 2. Tóm tắt thời tiết sắp tới
Hiện tại, điều kiện thời tiết ở khu vực vườn của bạn đang ở trạng thái **Bình thường**, không có các yếu tố đặc biệt (như mưa lớn, hạn hán cực đoan hay độ ẩm bất thường) làm tăng nguy cơ bùng phát dịch bệnh đột ngột. Đây là điều kiện thuận lợi để bạn áp dụng các biện pháp quản lý tiêu chuẩn mà không cần lo lắng về rủi ro thời tiết cực đoan.

### 3. Việc cần làm ngay
**Hành động:** Kiểm tra kỹ lưỡng xem các triệu chứng như lá xoăn, vàng hoặc rụng lá có đang lan sang các đọt non khác trên cùng cây hoặc sang các cây lân cận hay không.

**Lý do:** Vì thời tiết hiện tại ổn định (không có rủi ro đặc biệt), nguy cơ lây lan chủ yếu đến từ mật số sâu hại hiện có. Việc xác định nhanh chóng phạm vi lây lan giúp bạn đánh giá đúng mức độ thiệt hại thực tế và ngăn chặn dịch chuyển từ mức trung bình sang mức nặng, vốn sẽ ảnh hưởng nghiêm trọng đến sinh trưởng của đọt non.

### 4. Quản lý
*   **Tăng cường khảo sát:** Hãy tăng tần suất đi kiểm tra vườn, đặc biệt là vào các buổi sáng sớm hoặc chiều mát khi sâu hoạt động hoặc dễ quan sát hơn.
*   **Tập trung vùng nguy hiểm:** Chú ý kiểm tra kỹ **lá non, chồi non và mặt dưới của lá**, vì đây là nơi rầy nâu thường trú ẩn và gây hại.
*   **Áp dụng biện pháp tổng hợp:** Thực hiện các biện pháp quản lý dịch hại tổng hợp (IPM) theo đúng khuyến cáo kỹ thuật của địa phương nơi bạn sinh sống.

### 5. Phòng ngừa
*   **Giám sát giai đoạn ra đọt:** Theo dõi thường xuyên và kỹ lưỡng nhất trong giai đoạn cây ra đọt non, vì đây là thời điểm cây dễ bị tấn công nhất.
*   **Ghi nhận và tái kiểm tra:** Ghi lại vị trí các cây bị hại để có lịch trình tái kiểm tra cụ thể, đảm bảo không bỏ sót cây bị nhiễm.
*   **Quản lý tán lá:** Duy trì vườn cây thông thoáng, tỉa cành hợp lý để hạn chế độ ẩm cục bộ và giảm nơi trú ẩn, từ đó kiểm soát mật số sâu hại không để bùng phát.

### 6. Theo dõi
Trong những ngày tới, hãy tiếp tục theo dõi các dấu hiệu sau:
*   Kiểm tra mặt dưới lá và chồi non.
*   Quan sát xem có xuất hiện thêm dấu hiệu lá xoăn, đốm vàng, rụng lá non hoặc chất trắng/dạng sáp mới hay không.

### 7. Cảnh báo
Mức độ nhiễm bệnh hiện tại là **trung bình**. Nếu không được quản lý sớm và hiệu quả, tình trạng này sẽ ảnh hưởng trực tiếp đến sinh trưởng của đọt non, làm cây yếu đi và giảm năng suất tiềm năng.

---
**Nguồn tham khảo:**
• [S8] CABI Digital Library: Allocarsidara malayensis / durian psyllid — https://www.cabidigitallibrary.org/doi/pdf/10.5555/20073012690
• [S9] IJAT article on management of Allocarsidara malayensis — https://www.ijat-aatsea.com/pdf/v20_n4_2024_July/30_IJAT_20%284%29_2024_Wiangsamut%2C%20B.--1640.pdf
• [S10] Thep Watana: Durian pest - leafhoppers and durian psyllid — https://thepwatana.com/en/blog/durian-pest-leafhoppers-and-durian-psyllid",False,False,False,False,False,False,"Chào bạn, với tư cách là chuyên gia tư vấn kỹ thuật cây trồng, tôi xin đưa ra phác đồ xử lý chi tiết cho tình huống **sâu nhảy (Allocaridara sp.)** đang gây hại trên vườn sầu riêng của bạn.

Mức độ tổn thương lá từ **10–35%** được xếp vào nhóm **trung bình**. Đây là mức độ cảnh báo: nếu không xử lý kịp thời, sâu sẽ nhân nhanh và có thể gây rụng lá hàng loạt, ảnh hưởng trực tiếp đến khả năng quang hợp và năng suất vụ sau. Tuy nhiên, chưa cần phải dùng các loại thuốc độc hại mạnh nhất ngay lập tức nếu kết hợp đúng biện pháp.

Dưới đây là khuyến nghị chi tiết:

---

### 1. Nguyên nhân và Đặc điểm của Sâu Nhảy (Allocaridara sp.)

*   **Đặc điểm nhận dạng:**
    *   **Sâu non:** Có màu xanh nhạt hoặc vàng nhạt, cơ thể dẹt, khi bị chạm vào thường co lại hoặc nhảy đi rất nhanh (giống như bọ rùa nhưng nhỏ hơn và không có vỏ cứng bóng).
    *   **Sâu trưởng thành:** Có cánh, màu nâu đen hoặc xanh đen, cũng có khả năng nhảy.
    *   **Vết hại:** Sâu non và trưởng thành đều ăn lá. Chúng thường gặm nát phần thịt lá, chỉ để lại gân lá, hoặc đục lỗ trên phiến lá. Khi mật độ cao, chúng có thể ăn trụi lá non, làm cây suy kiệt.
*   **Nguyên nhân bùng phát:**
    *   Thời tiết nóng, khô hạn hoặc độ ẩm thấp thường thuận lợi cho sâu nhảy phát triển.
    *   Vườn cây thiếu cân đối dinh dưỡng (thừa đạm, thiếu kali/canxi) làm lá non mềm, dễ bị tấn công.
    *   Thiếu thiên địch tự nhiên do lạm dụng thuốc hóa học trước đó.
    *   Tưới nước không đều, tạo điều kiện cho sâu ẩn nấp và sinh sản.

---

### 2. Biện pháp Quản lý Vườn (Vệ sinh và Cơ học)

Trước khi nghĩ đến thuốc, hãy thực hiện ngay các bước sau để giảm mật độ sâu:

1.  **Vệ sinh vườn:**
    *   Dọn dẹp sạch sẽ cỏ rác xung quanh gốc cây và dưới tán cây. Sâu nhảy thường ẩn nấp trong lớp cỏ ẩm ướt hoặc lá rụng.
    *   Thu gom và tiêu hủy các lá bị sâu hại nặng (đốt hoặc chôn vùi sâu) để giảm nguồn sâu di chuyển sang cây khác.
2.  **Tưới nước hợp lý:**
    *   Tưới nước đều đặn, đặc biệt là vào buổi sáng sớm hoặc chiều mát. Việc tưới nước mạnh có thể làm rửa trôi một phần sâu non khỏi tán lá.
    *   Tránh để đất quá khô vì cây suy yếu sẽ dễ bị sâu tấn công hơn.
3.  **Cắt tỉa thông thoáng:**
    *   Tỉa bỏ các cành sâu bệnh, cành tăm, cành nằm ngang để tán cây thông thoáng, giảm nơi ẩn nấp của sâu và tăng hiệu quả phun thuốc (nếu cần).

---

### 3. Có cần phun thuốc không? Và phun gì?

**=> CẦN PHUN THUỐC.**
Với mức độ tổn thương **10–35%**, đây là ngưỡng cần can thiệp bằng hóa chất hoặc sinh học để ngăn chặn dịch hại lan rộng. Nếu để quá 35%, việc kiểm soát sẽ khó khăn và tốn kém hơn.

#### A. Ưu tiên nhóm thuốc Sinh học / Ít độc hại (An toàn cho môi trường và người phun)
*   **Thuốc sinh học chứa nấm *Beauveria bassiana* hoặc *Metarhizium anisopliae*:**
    *   Cơ chế: Nấm ký sinh vào cơ thể sâu, làm sâu chết sau 3–5 ngày.
    *   Ưu điểm: Không gây kháng thuốc, an toàn cho thiên địch, không để lại dư lượng độc hại.
    *   Lưu ý: Phun vào lúc trời râm mát, không nắng gắt, độ ẩm cao để nấm phát triển tốt.
*   **Thuốc trừ sâu sinh học từ thực vật:**
    *   Ví dụ: Chiết xuất từ cây cúc trừ sâu (Pyrethrum), Neem (Azadirachtin).
    *   Hiệu quả: Gây rối loạn thần kinh, ngăn chặn sâu ăn và sinh sản.

#### B. Nhóm thuốc Hóa học (Chỉ dùng khi mật độ sâu quá cao hoặc thuốc sinh học không kiểm soát được)
*Lưu ý: Luân phiên hoạt chất để tránh kháng thuốc. Chỉ phun khi sâu non xuất hiện nhiều.*

1.  **Nhóm thuốc tiếp xúc + vị độc (",True,False,False,False,True,False
allocaridara_attack_severity_2__WS_RAIN_SPORE_DISPERSAL,allocaridara_attack,2,WS_RAIN_SPORE_DISPERSAL,"Chào bác, tôi là chuyên gia tư vấn bệnh cây trồng. Dựa trên thông tin chẩn đoán và kịch bản thời tiết hiện tại, tôi xin đưa ra lời khuyên cụ thể cho vườn sầu riêng của bác như sau:

### 1. Tóm tắt tình trạng bệnh
Cây sầu riêng của bác đang bị tấn công bởi **Rầy mềm sầu riêng (Durian psyllid)**, tên khoa học là *Allocarsidara malayensis*.
*   **Mức độ hại:** Mức độ trung bình (Severity 2), tức là khoảng **10–35%** diện tích bề mặt lá đã bị tổn thương.
*   **Triệu chứng nhận biết:**
    *   Lá non xuất hiện các đốm vàng hoặc bạc màu.
    *   Lá non bị xoăn, cong và biến dạng.
    *   Có thể quan sát thấy chất trắng dạng sáp (waxy) do ấu trùng rầy để lại trên mặt dưới lá.
    *   Nếu nặng có thể gây rụng lá sớm và làm cây sinh trưởng kém.

### 2. Tóm tắt thời tiết sắp tới
*   **Dự báo:** Có **mưa đáng kể trong 3 ngày tới**.
*   **Đánh giá rủi ro:** Mức rủi ro tăng cao (increased). Tuy nhiên, kịch bản mưa này không thuộc nhóm điều kiện nguy cơ đặc biệt đã được xác định riêng cho bệnh này trong cơ sở dữ liệu hiện tại. Do đó, chúng ta vẫn tiếp tục áp dụng các khuyến nghị quản lý và theo dõi tiêu chuẩn.

### 3. Việc cần làm ngay
**Hành động:** Kiểm tra kỹ xem hiện tượng lá xoăn, vàng hoặc rụng có lan sang các đọt non khác trên cây hoặc sang các cây lân cận hay không.

**Lý do:**
*   **Liên hệ với thời tiết:** Dù mưa không phải là yếu tố kích hoạt đặc thù duy nhất của rầy mềm, nhưng điều kiện **ấm ẩm** đi kèm với mưa là môi trường thuận lợi cho quần thể sâu hại phát triển và lây lan nhanh.
*   **Mục đích:** Việc kiểm tra ngay bây giờ giúp xác định phạm vi lây lan thực tế trước khi mưa lớn có thể che khuất tầm nhìn hoặc làm trôi các dấu hiệu nhận biết, đồng thời đánh giá mức độ thiệt hại để có kế hoạch xử lý kịp thời, tránh để bệnh nặng hơn ảnh hưởng đến sinh trưởng của đọt non.

### 4. Quản lý
*   **Tăng cường khảo sát:** Cần tăng tần suất đi kiểm tra vườn, đặc biệt chú ý vào những ngày trời quang sau mưa.
*   **Tập trung vùng trọng điểm:** Kiểm tra kỹ **lá non, chồi non và đặc biệt là mặt dưới lá**, vì đây là nơi rầy mềm thường trú ẩn và gây hại.
*   **Áp dụng biện pháp tổng hợp:** Thực hiện các biện pháp quản lý dịch hại tổng hợp (IPM) theo đúng khuyến cáo của cán bộ kỹ thuật địa phương. *Lưu ý: Không tự ý mua thuốc bừa bãi, hãy tham vấn kỹ thuật viên để chọn loại thuốc và phương pháp phù hợp với giai đoạn cây trồng và điều kiện thời tiết hiện tại.*

### 5. Phòng ngừa
*   **Theo dõi giai đoạn nhạy cảm:** Cần đặc biệt chú ý theo dõi thường xuyên trong giai đoạn cây ra đọt non, vì đây là thời điểm cây dễ bị tấn công nhất.
*   **Ghi nhận và tái kiểm tra:** Ghi lại vị trí các cây bị hại để tiện theo dõi diễn biến và tái kiểm tra sau mỗi đợt mưa.
*   **Quản lý vườn trồng:** Duy trì vườn thông thoáng, cắt tỉa cành lá quá dày đặc để hạn chế độ ẩm cục bộ và ngăn chặn sự bùng phát mật số sâu hại.

### 6. Theo dõi
Trong những ngày tới, bác cần chú ý quan sát các dấu hiệu sau:
*   Kiểm tra kỹ mặt dưới lá và chồi non.
*   Theo dõi sự xuất hiện của: lá xoăn, đốm vàng, hiện tượng rụng lá non, hoặc các chất trắng/dạng sáp do rầy để lại.

### 7. Cảnh báo
Mức độ hại hiện tại (trung bình) có thể ảnh hưởng nghiêm trọng đến sinh trưởng của đọt non nếu không được quản lý sớm. Nếu tình trạng lan rộng hoặc không kiểm soát được, bác nên liên hệ ngay với cán bộ kỹ thuật địa phương để được hỗ trợ xử lý chuyên sâu.

---

### Nguồn tham khảo
*   [S8] CABI Digital Library: Allocarsidara malayensis / durian psyllid — https://www.cabidigitallibrary.org/doi/pdf/10.5555/20073012690
*   [S9] IJAT article on management of Allocarsidara malay",True,False,False,False,False,False,"Chào bạn, với tư cách là chuyên gia tư vấn kỹ thuật cây trồng, tôi xin đưa ra phác đồ xử lý chi tiết cho tình huống **sâu nhảy (Allocaridara sp.)** tấn công lá sầu riêng với mức độ thiệt hại trung bình (>10–35% diện tích lá).

Mức độ này được coi là **cảnh báo đỏ**. Nếu không can thiệp kịp thời, sâu sẽ phá hủy diện tích lá lớn, làm giảm khả năng quang hợp, suy yếu cây, đặc biệt nguy hiểm nếu cây đang trong giai đoạn nuôi trái hoặc chuẩn bị ra hoa.

Dưới đây là khuyến nghị xử lý:

### 1. Nguyên nhân và Đặc điểm bệnh

*   **Tên khoa học:** *Allocaridara* sp. (thuộc họ Pyralidae).
*   **Đặc điểm nhận dạng:**
    *   **Sâu non:** Có kích thước nhỏ (khoảng 1-2 cm), màu xanh lá cây hoặc xanh nhạt, có sọc dọc hai bên thân. Chúng thường ẩn nấp dưới mặt lá hoặc trong các cuộn lá.
    *   **Triệu chứng trên lá:** Sâu non ăn thịt lá, chỉ để lại gân chính và gân phụ, tạo thành những lỗ thủng không đều. Khi mật độ cao, lá bị ăn trụi, chỉ còn lại bộ khung gân lá.
    *   **Tập tính:** Sâu nhảy rất nhanh khi bị động chạm hoặc có gió thổi qua, nên rất khó bắt bằng tay. Chúng hoạt động mạnh vào ban đêm và sáng sớm, ban ngày thường ẩn náu.
*   **Nguyên nhân bùng phát:**
    *   Vườn cây bị che bóng quá mức, ẩm ướt, thiếu ánh sáng.
    *   Tưới nước không đều, gây stress cho cây, làm lá mềm và dễ bị tấn công.
    *   Thiếu thiên địch tự nhiên do lạm dụng thuốc hóa học trước đó.
    *   Thời tiết nóng ẩm, mưa nhiều tạo điều kiện thuận lợi cho sâu sinh sản.

### 2. Biện pháp quản lý vườn (Vệ sinh và Cơ học)

Trước khi phun thuốc, cần thực hiện ngay các biện pháp cơ học để giảm mật độ sâu:

*   **Dọn dẹp vệ sinh vườn:** Thu gom và tiêu hủy (đốt hoặc chôn vùi) các lá bị sâu ăn, lá rụng dưới gốc cây. Đây là nơi sâu non và nhộng ẩn nấp.
*   **Cắt tỉa cành:** Tỉa bỏ các cành sâu bệnh, cành tăm, cành nằm ngang bên trong tán để tăng độ thông thoáng, giảm độ ẩm và hạn chế nơi ẩn náu của sâu.
*   **Bẫy đèn hoặc bẫy pheromone:** Sử dụng bẫy đèn LED hoặc bẫy dính màu vàng để thu hút và bắt sâu trưởng thành (bướm đêm) vào ban đêm, giảm nguồn sinh sản.
*   **Kiểm tra thủ công:** Vào sáng sớm hoặc chiều mát, kiểm tra kỹ dưới mặt lá. Nếu thấy cụm sâu, có thể dùng vợt hoặc tay bắt bỏ vào nước xà phòng.

### 3. Có cần phun thuốc hay không? Phun gì?

**Câu trả lời: CÓ, cần phun thuốc ngay lập tức.**

Với mức độ tổn thương >10–35%, biện pháp cơ học đơn thuần không đủ để kiểm soát. Cần kết hợp phun thuốc hóa học hoặc sinh học để dập tắt ổ dịch.

#### A. Lựa chọn thuốc (Ưu tiên theo thứ tự)

**Nhóm 1: Thuốc sinh học (An toàn, ít kháng thuốc, ưu tiên nếu trái còn non hoặc gần thu hoạch)**
*   **Emamectin benzoate:** Hiệu quả cao với sâu ăn lá, đặc biệt là sâu nhảy.
*   **Chrysopergine (từ nấm *Beauveria bassiana*):** Nấm ký sinh gây bệnh cho sâu, an toàn với người và thiên địch.
*   **Abamectin:** Thuốc gốc sinh học, hiệu quả nhanh, ít độc với ong và thiên địch.

**Nhóm 2: Thuốc hóa học (Sử dụng khi mật độ sâu quá cao, cần dập dịch nhanh)**
*   **Indoxacarb:** Thuốc tiếp xúc và vị, hiệu quả cao với sâu ăn lá, thời gian tồn lưu dài.
*   **Flubendiamide:** Thuốc nhóm diamide, tác động lên cơ bắp của sâu, gây tê liệt và chết.
*   **Chlorantraniliprole:** Hiệu quả cao, liều lượng thấp, an toàn tương đối.

> **Lưu ý quan trọng:**
> - **Không phun thuốc khi trời nắng gắt** (tránh cháy lá và giảm hiệu lực thuốc).
> - **Phun vào buổi chiều mát** (sau 4 giờ chiều) hoặc sáng",True,True,False,False,True,True
allocaridara_attack_severity_2__WS_HIGH_HUMIDITY_FUNGAL,allocaridara_attack,2,WS_HIGH_HUMIDITY_FUNGAL,"Chào bạn, với tư cách là chuyên gia tư vấn bệnh cây trồng, tôi xin đưa ra đánh giá và khuyến nghị dựa trên tình trạng cây sầu riêng của bạn như sau:

### 1. Tóm tắt tình trạng bệnh
Cây sầu riêng của bạn đang bị tấn công bởi **rầy mềm sầu riêng (Durian psyllid)**, tên khoa học là *Allocarsidara malayensis*.
*   **Mức độ hại:** Trung bình (Severity 2).
*   **Biểu hiện:** Khoảng 10–35% diện tích bề mặt lá bị tổn thương. Cụ thể là lá non xuất hiện đốm vàng hoặc bạc màu, lá bị xoăn, cong, biến dạng. Bạn có thể thấy các chất trắng dạng sáp (waxy) do ấu trùng để lại. Nếu không xử lý, lá non có thể rụng sớm và làm cây sinh trưởng kém.

### 2. Tóm tắt thời tiết sắp tới
*   **Dự báo:** Độ ẩm cao kéo dài trong 3 ngày tới.
*   **Đánh giá rủi ro:** Mức rủi ro tăng (increased).
*   **Lưu ý:** Mặc dù kịch bản độ ẩm cao này không nằm trong nhóm điều kiện nguy cơ đặc biệt đã được xác định riêng cho loại bệnh này trong cơ sở dữ liệu hiện tại, nhưng điều kiện ấm ẩm nói chung vẫn thuận lợi cho quần thể sâu hại phát triển. Do đó, cần tiếp tục áp dụng các biện pháp quản lý tiêu chuẩn.

### 3. Việc cần làm ngay
**Hành động:** Kiểm tra kỹ xem hiện tượng lá xoăn, vàng hoặc rụng có đang lan sang các đọt non khác trên cây hoặc sang các cây lân cận hay không.

**Lý do:**
*   Do **độ ẩm cao kéo dài trong 3 ngày tới**, môi trường vườn cây trở nên ấm và ẩm ướt. Đây là điều kiện thuận lợi để rầy mềm (*Allocarsidara malayensis*) sinh sản và phát triển quần thể nhanh hơn.
*   Việc kiểm tra ngay bây giờ giúp xác định xem sâu hại có đang bùng phát mạnh dưới tác động của độ ẩm cao hay không, từ đó ngăn chặn tình trạng lây lan sang các bộ phận non khác của cây trước khi gây hại nặng hơn.

### 4. Quản lý
*   **Tăng cường khảo sát:** Tăng tần suất đi kiểm tra vườn, đặc biệt tập trung vào các khu vực có cây bị hại.
*   **Vị trí kiểm tra trọng điểm:** Chú ý quan sát kỹ **lá non, chồi non và mặt dưới lá**, vì đây là nơi rầy mềm thường trú ngụ và gây hại.
*   **Biện pháp kỹ thuật:** Áp dụng các biện pháp quản lý dịch hại tổng hợp (IPM) theo đúng khuyến cáo của cán bộ kỹ thuật địa phương. Không tự ý sử dụng thuốc nếu chưa có hướng dẫn cụ thể.

### 5. Phòng ngừa
*   **Giám sát giai đoạn nhạy cảm:** Theo dõi thường xuyên vườn cây, đặc biệt trong giai đoạn cây ra đọt non, vì đây là lúc cây dễ bị tấn công nhất.
*   **Ghi chép và tái kiểm tra:** Ghi nhận lại vị trí các cây bị hại để theo dõi diễn biến và tái kiểm tra sau một khoảng thời gian ngắn.
*   **Quản lý vườn:** Duy trì vườn cây thông thoáng, cắt tỉa cành lá hợp lý để hạn chế độ ẩm cục bộ và ngăn chặn mật số sâu hại bùng phát.

### 6. Theo dõi
Trong những ngày tới, bạn cần lưu ý quan sát các dấu hiệu sau:
*   Kiểm tra kỹ **mặt dưới lá** và **chồi non**.
*   Theo dõi sự xuất hiện của: lá xoăn, đốm vàng, hiện tượng rụng lá non, hoặc các chất trắng/dạng sáp (waxy) do sâu để lại.

### 7. Cảnh báo
Mức độ hại hiện tại ở mức trung bình. Nếu không quản lý sớm, tình trạng này có thể ảnh hưởng trực tiếp đến sinh trưởng của đọt non, làm chậm quá trình phát triển của cây.

---
**Nguồn tham khảo:**
• [S8] CABI Digital Library: Allocarsidara malayensis / durian psyllid — https://www.cabidigitallibrary.org/doi/pdf/10.5555/20073012690
• [S9] IJAT article on management of Allocarsidara malayensis — https://www.ijat-aatsea.com/pdf/v20_n4_2024_July/30_IJAT_20%284%29_2024_Wiangsamut%2C%20B.--1640.pdf
• [S10] The",True,False,False,False,False,False,"Chào bạn, với tư cách là chuyên gia tư vấn kỹ thuật cây trồng, tôi xin đưa ra khuyến nghị chi tiết cho tình huống **Sâu rầy nhảy (Allocaridara sp.)** đang tấn công lá sầu riêng với mức độ thiệt hại trung bình (>10–35%).

Đây là giai đoạn **cần can thiệp ngay lập tức**. Mức độ 10-35% lá bị tổn thương nghĩa là cây đang mất khả năng quang hợp đáng kể, nếu không kiểm soát, sâu sẽ nhân giống nhanh chóng và có thể gây rụng lá hàng loạt, ảnh hưởng trực tiếp đến năng suất vụ sau.

Dưới đây là phác đồ xử lý:

### 1. Nguyên nhân và Đặc điểm bệnh

*   **Tên khoa học:** *Allocaridara* sp. (thuộc họ Pyralidae).
*   **Đặc điểm nhận dạng:**
    *   **Sâu non:** Có màu xanh lá cây hoặc nâu nhạt, thân thon dài, thường ẩn náu dưới mặt lá hoặc trong các cuộn lá. Khi bị động, chúng có phản ứng nhảy rất nhanh (giống châu chấu nhỏ) để trốn thoát.
    *   **Triệu chứng trên cây:** Sâu non ăn phần thịt lá, chỉ để lại gân lá hoặc làm lá bị đục lỗ, rách nát. Lá bị hại thường có màu vàng úa, khô và rụng sớm.
*   **Nguyên nhân bùng phát:**
    *   Thời tiết nóng, khô hanh hoặc độ ẩm thấp thường thuận lợi cho sâu phát triển.
    *   Vườn cây thiếu cân đối dinh dưỡng (thừa đạm, thiếu kali/canxi) làm lá non mềm, dễ bị tấn công.
    *   Thiếu thiên địch tự nhiên do phun thuốc hóa học bừa bãi trước đó.
    *   Cây trồng dày đặc, tán lá rậm rạp tạo môi trường ẩm ướt và nơi ẩn náu tốt cho sâu.

### 2. Biện pháp quản lý vườn (Vệ sinh và Cơ học)

Trước khi phun thuốc, bạn cần thực hiện các bước sau để giảm mật độ sâu xuống mức thấp nhất:

1.  **Vệ sinh vườn:** Thu gom và tiêu hủy (đốt hoặc chôn vùi) các lá bị rụng, lá bệnh nằm dưới gốc. Đây là nơi sâu trưởng thành đẻ trứng và sâu non trú ẩn.
2.  **Tỉa cành tạo tán:** Cắt bỏ các cành sâu bệnh, cành vượt, cành nằm sâu trong tán để tăng độ thông thoáng, giảm độ ẩm cục bộ và giúp thuốc phun thấm đều hơn.
3.  **Bẫy ánh sáng:** Nếu vườn có điều kiện, hãy lắp đặt bẫy đèn LED hoặc bẫy ánh sáng UV vào buổi tối. Sâu rầy nhảy trưởng thành (bướm) có tính hướng quang mạnh, bẫy này giúp giảm số lượng bướm đẻ trứng.
4.  **Kiểm tra thiên địch:** Quan sát xem có kiến, ong ký sinh hay nhện đỏ không. Nếu còn nhiều thiên địch, hãy ưu tiên dùng thuốc sinh học.

### 3. Có cần phun thuốc không? Phun gì?

**Câu trả lời: CÓ, cần phun thuốc ngay.**
Với mức độ thiệt hại >10%, biện pháp cơ học và sinh học đơn thuần không đủ nhanh để kiểm soát. Bạn cần phun thuốc hóa học hoặc sinh học có tính tiếp xúc và vị độc mạnh.

#### A. Lựa chọn thuốc (Ưu tiên theo thứ tự an toàn và hiệu quả)

**Nhóm 1: Thuốc sinh học / Ít độc hại (Ưu tiên nếu sâu chưa quá dày đặc)**
*   **Abamectin (3% EC):** Hiệu quả cao với sâu rầy nhảy, ít ảnh hưởng đến thiên địch.
*   **Emamectin Benzoate (5% SG):** Tác động mạnh lên hệ thần kinh sâu, gây tê liệt và chết.
*   **Chrysopacide / Beauveria bassiana:** Nấm đối kháng, hiệu quả chậm hơn nhưng an toàn lâu dài.

**Nhóm 2: Thuốc hóa học (Dùng khi mật độ sâu cao, cần diệt nhanh)**
*   **Indoxacarb (15% WG):** Thuốc nhóm oxadiazine, tác động chậm nhưng hiệu quả lâu dài, ít kháng thuốc.
*   **Flubendiamide (20% WG):** Thuốc nhóm diamide, rất hiệu quả với sâu ăn lá, ít độc với ong và thiên địch.
*   **Chlorantraniliprole (20% WG):** Hiệu quả cao, liều lượng thấp, an toàn cho người phun.

> **Lưu ý quan trọng:**
> *   **Không dùng** các loại thuốc cũ như Carbaryl, Dimethoate vì sâu rầy nhảy đã kháng thuốc rất cao và các loại",True,True,False,False,True,True
allocaridara_attack_severity_2__WS_PROLONGED_WET_SEVERE,allocaridara_attack,2,WS_PROLONGED_WET_SEVERE,"Chào bạn, tôi là chuyên gia tư vấn bệnh cây trồng. Dựa trên thông tin chẩn đoán và kịch bản thời tiết bạn cung cấp, dưới đây là tư vấn chi tiết cho vườn sầu riêng của bạn:

### 1. Tóm tắt tình trạng bệnh
Vườn sầu riêng của bạn đang bị nhiễm **Rầy phấn sầu riêng (Durian psyllid)**, tên khoa học *Allocarsidara malayensis*.
*   **Mức độ nhiễm bệnh:** Trung bình (Severity 2).
*   **Biểu hiện:** Hơn 10–35% diện tích bề mặt lá bị tổn thương. Lá non xuất hiện đốm vàng hoặc bạc màu, bị xoăn, cong và biến dạng. Bạn có thể quan sát thấy các chất trắng dạng sáp (waxy) do ấu trùng để lại trên mặt dưới lá.
*   **Nguyên nhân:** Đây là loại côn trùng chích hút, gây hại chủ yếu trên đọt non và mặt dưới lá. Nếu không xử lý, cây sẽ rụng lá sớm và sinh trưởng kém.

### 2. Tóm tắt thời tiết sắp tới
*   **Dự báo:** Tổng lượng mưa trong 3 ngày tới **rất lớn**.
*   **Lưu ý:** Mặc dù lượng mưa lớn, nhưng kịch bản này không thuộc nhóm điều kiện nguy cơ đặc biệt đã được xác định riêng cho bệnh này trong cơ sở dữ liệu hiện tại. Do đó, chúng ta vẫn tiếp tục áp dụng các khuyến nghị quản lý và theo dõi tiêu chuẩn như bình thường.

### 3. Việc cần làm ngay
**Hành động:** Kiểm tra kỹ xem hiện tượng lá xoăn, vàng hoặc rụng có đang lan sang các đọt non khác trên cây hay không.

**Lý do:**
*   Do mức độ nhiễm bệnh hiện tại là trung bình (>10-35% diện tích lá), nếu không kiểm soát kịp thời, rầy phấn sẽ tiếp tục chích hút và làm suy yếu đọt non, ảnh hưởng trực tiếp đến sinh trưởng của cây.
*   Việc xác định xem dịch hại có lan rộng hay không giúp bạn đánh giá đúng mức độ thiệt hại thực tế trước khi áp dụng các biện pháp quản lý tổng hợp.

### 4. Quản lý
*   **Tăng tần suất khảo sát:** Hãy ra vườn kiểm tra thường xuyên hơn để nắm bắt diễn biến của dịch hại.
*   **Tập trung kiểm tra:** Chú ý quan sát kỹ **lá non, chồi non và đặc biệt là mặt dưới lá**, vì đây là nơi rầy phấn ẩn náu và gây hại nhiều nhất.
*   **Áp dụng biện pháp tổng hợp:** Thực hiện các biện pháp quản lý dịch hại tổng hợp (IPM) theo đúng khuyến cáo của cán bộ kỹ thuật địa phương.
*   *Lưu ý:* Nếu tình trạng nhiễm bệnh trở nên nghiêm trọng hoặc khó kiểm soát, hãy liên hệ ngay với cán bộ kỹ thuật nông nghiệp địa phương để được hướng dẫn cụ thể.

### 5. Phòng ngừa
*   **Giám sát giai đoạn ra đọt:** Theo dõi chặt chẽ vườn cây trong giai đoạn cây ra đọt non, vì đây là thời điểm cây dễ bị tấn công nhất.
*   **Ghi nhận và tái kiểm tra:** Đánh dấu các cây bị hại để theo dõi và kiểm tra lại sau đó, đảm bảo biện pháp xử lý có hiệu quả.
*   **Quản lý tán cây:** Duy trì vườn cây thông thoáng, cắt tỉa hợp lý để hạn chế độ ẩm cục bộ và ngăn chặn sự bùng phát mật số sâu hại.

### 6. Theo dõi
Trong những ngày tới, hãy tiếp tục quan sát các dấu hiệu sau:
*   Kiểm tra mặt dưới lá và chồi non.
*   Theo dõi sự xuất hiện của lá xoăn, đốm vàng, hiện tượng rụng lá non hoặc các chất trắng/dạng sáp do sâu gây ra.

### 7. Cảnh báo
Mức độ nhiễm bệnh trung bình hiện tại có thể ảnh hưởng tiêu cực đến sinh trưởng của đọt non nếu không được quản lý sớm. Việc bỏ qua có thể dẫn đến rụng lá sớm và làm cây còi cọc.

---

**Nguồn tham khảo:**
• [S8] CABI Digital Library: Allocarsidara malayensis / durian psyllid — https://www.cabidigitallibrary.org/doi/pdf/10.5555/20073012690
• [S9] IJAT article on management of Allocarsidara malayensis — https://www.ijat-aatsea.com/pdf/v20_n4_2024_July/30_IJAT_20%284%29_2024_Wiangsamut%2C%20B.--1640.pdf
• [S10] The",False,False,False,False,False,False,"Chào anh/chị nông dân, với tư cách là chuyên gia tư vấn kỹ thuật cây trồng, tôi xin đưa ra khuyến nghị chi tiết cho tình huống **sâu rầy nhảy (Allocaridara sp.)** đang tấn công lá sầu riêng với mức độ thiệt hại trung bình (>10–35%).

Đây là mức độ cần **can thiệp ngay lập tức** để ngăn chặn dịch bùng phát mạnh, vì nếu để quá 35-40%, khả năng quang hợp của cây giảm sút nghiêm trọng, ảnh hưởng trực tiếp đến sự phát triển của chồi non và năng suất vụ sau.

Dưới đây là phác đồ xử lý cụ thể:

### 1. Nguyên nhân và Đặc điểm bệnh

*   **Tên khoa học:** *Allocaridara* spp. (thường gặp là *Allocaridara nigriceps* hoặc các loài cùng họ).
*   **Đặc điểm nhận dạng:**
    *   Con trưởng thành có kích thước nhỏ (khoảng 2-3 mm), màu nâu đen hoặc xám, có chân sau dài giúp chúng nhảy rất nhanh khi bị động chạm.
    *   Chúng thường ẩn nấp ở **mặt dưới lá**, đặc biệt là những lá non, chồi non hoặc nơi có độ ẩm cao, tán cây rậm rạp.
*   **Cơ chế gây hại:**
    *   Chích hút nhựa từ mặt dưới lá.
    *   Gây ra các vết chấm li ti màu trắng/vàng trên mặt lá. Khi mật độ cao, lá bị vàng, khô, rụng sớm.
    *   Làm giảm khả năng quang hợp, cây suy yếu, chồi non bị còi cọc, dễ nhiễm các bệnh nấm khác (như bệnh thán thư) qua vết chích.
*   **Nguyên nhân bùng phát:**
    *   Thời tiết nóng ẩm, mưa nhiều hoặc khô hạn kéo dài làm cây stress.
    *   Tán cây quá rậm, thiếu ánh sáng và thông gió.
    *   Thiếu thiên địch (do phun thuốc hóa học bừa bãi trước đó).
    *   Phân bón mất cân đối (thừa đạm làm lá non mọng nước, thu hút sâu).

### 2. Biện pháp quản lý vườn (Vật lý & Sinh học)

Trước khi phun thuốc, cần thực hiện các biện pháp cơ bản để giảm mật độ sâu và tạo môi trường bất lợi cho chúng:

*   **Tỉa cành tạo tán:**
    *   Cắt bỏ các cành sâu bệnh, cành tăm, cành nằm ngang gây rậm rạp.
    *   Đảm bảo ánh sáng xuyên vào trong tán cây, giúp mặt dưới lá khô ráo, giảm độ ẩm – môi trường sống lý tưởng của rầy nhảy.
*   **Vệ sinh vườn:**
    *   Thu gom và tiêu hủy (đốt hoặc chôn vùi) các lá rụng có dấu hiệu bị hại nặng.
    *   Làm cỏ xung quanh gốc để giảm nơi trú ẩn của sâu.
*   **Kiểm soát phân bón:**
    *   Tạm ngưng bón phân đạm (N) đơn thuần.
    *   Tăng cường bón kali (K) và canxi (Ca) để tăng độ dày và cứng của lá, giúp lá khó bị chích hút hơn.
    *   Bón thêm phân hữu cơ vi sinh để cải tạo đất, tăng sức đề kháng cho cây.

### 3. Có cần phun thuốc không? Phun gì?

**Câu trả lời: CÓ, cần phun thuốc.**
Với mức độ tổn thương >10–35%, biện pháp sinh học đơn thuần chưa đủ nhanh để kiểm soát. Cần kết hợp phun thuốc hóa học có chọn lọc, ưu tiên các loại thuốc ít độc với thiên địch và an toàn cho người sử dụng.

#### **Lựa chọn thuốc hóa học (Xoay vòng nhóm hoạt chất để tránh kháng thuốc):**

| Nhóm thuốc | Hoạt chất đề xuất | Tên thương mại tham khảo | Lưu ý |
| :--- | :--- | :--- | :--- |
| **Nhóm 1: Thuốc tiếp xúc & vị độc** | **Acetamiprid** 20SP | Mospilan, Admire, ... | Hiệu quả nhanh, ít độc với ong. Phun vào buổi chiều mát. |
| **Nhóm 2: Thuốc hệ thống** | **Thiamethoxam** 25WG | Actara, Confidor, ... | Ngấm sâu vào mô cây, tác dụng lâu dài. Có thể bón gốc hoặc phun lá. |
| **Nhóm 3: Thuốc sinh học/Ít độc** | **Emamectin benzoate** 5WG | Proclaim, ... | An toàn, ít ảnh hưởng đến thiên địch. |
| **Nhóm 4: Hỗ trợ** |",True,True,False,True,True,True
allocaridara_attack_severity_2__WS_PSYLLID_WARM_CONDITIONS,allocaridara_attack,2,WS_PSYLLID_WARM_CONDITIONS,"Chào bạn, với tư cách là chuyên gia tư vấn bệnh cây trồng, tôi xin đưa ra bản chẩn đoán và hướng xử lý dựa trên tình trạng hiện tại của vườn sầu riêng và dự báo thời tiết như sau:

### 1. Tóm tắt tình trạng bệnh
Cây sầu riêng của bạn đang bị tấn công bởi **rầy nâu sầu riêng (Durian psyllid - *Allocarsidara malayensis*)**.
*   **Mức độ nhiễm bệnh:** Trung bình (Severity 2).
*   **Diện tích tổn thương:** Từ 10–35% diện tích bề mặt lá bị ảnh hưởng.
*   **Triệu chứng nhận biết:** Lá non xuất hiện đốm vàng hoặc bạc màu, lá bị xoăn, cong và biến dạng. Bạn có thể quan sát thấy các chất trắng dạng sáp (waxy) do ấu trùng rầy để lại. Nếu không xử lý, tình trạng này sẽ dẫn đến rụng lá sớm và làm cây sinh trưởng kém.

### 2. Tóm tắt thời tiết sắp tới
*   **Dự báo:** Thời tiết trong 3 ngày tới sẽ có **đêm ấm kéo dài**.
*   **Ảnh hưởng:** Đây là điều kiện thuận lợi khiến quần thể rầy nâu sầu riêng phát triển mạnh, đặc biệt nguy hiểm khi cây đang trong giai đoạn ra đọt non. Mức rủi ro đang ở trạng thái **tăng cao (increased)**.

### 3. Việc cần làm ngay
**Hành động:** Kiểm tra kỹ xem các triệu chứng lá xoăn, vàng hoặc rụng lá có đang lan sang các đọt non khác trên cây hay không.

**Lý do:** Do dự báo **đêm ấm kéo dài trong 3 ngày tới** tạo môi trường lý tưởng cho rầy nâu sinh sản và phát triển nhanh chóng, đặc biệt là khi cây đang ra đọt non (vị trí chúng thích tấn công nhất). Việc kiểm tra ngay bây giờ giúp xác định mức độ lây lan thực tế để ngăn chặn dịch hại bùng phát mạnh hơn trong điều kiện thời tiết thuận lợi này.

### 4. Quản lý
*   **Tăng tần suất khảo sát:** Cần ra vườn kiểm tra thường xuyên hơn so với bình thường.
*   **Tập trung vị trí nguy hiểm:** Kiểm tra kỹ phần lá non, chồi non và đặc biệt là **mặt dưới lá**, nơi rầy nâu thường trú ẩn và gây hại.
*   **Biện pháp kỹ thuật:** Áp dụng các biện pháp quản lý dịch hại tổng hợp (IPM) theo đúng khuyến cáo của cán bộ kỹ thuật địa phương. *Lưu ý: Do mức độ nhiễm bệnh trung bình và điều kiện thời tiết thuận lợi cho sâu hại, nếu tình trạng không được kiểm soát hoặc cần sử dụng các biện pháp xử lý nặng, bạn nên liên hệ trực tiếp với cán bộ kỹ thuật nông nghiệp địa phương để được hỗ trợ cụ thể.*

### 5. Phòng ngừa
*   **Giám sát giai đoạn nhạy cảm:** Theo dõi chặt chẽ cây trồng trong giai đoạn ra đọt non.
*   **Ghi chép và tái kiểm tra:** Ghi nhận lại các cây bị hại để có lịch trình tái kiểm tra định kỳ.
*   **Quản lý vườn trồng:** Duy trì vườn cây thông thoáng, cắt tỉa hợp lý để hạn chế độ ẩm cục bộ và ngăn chặn sự bùng phát mật số sâu hại.

### 6. Theo dõi
Trong những ngày tới, hãy tập trung quan sát các dấu hiệu sau:
*   Kiểm tra mặt dưới lá và chồi non.
*   Theo dõi sự xuất hiện của lá xoăn, đốm vàng, hiện tượng rụng lá non hoặc các chất trắng/dạng sáp do sâu hại để lại.

### 7. Cảnh báo
Mức độ nhiễm bệnh trung bình hiện tại có thể ảnh hưởng nghiêm trọng đến sự sinh trưởng của đọt non nếu không được quản lý sớm. Với điều kiện đêm ấm kéo dài, nguy cơ dịch hại lan rộng là rất cao nếu không can thiệp kịp thời.

---

### Nguồn tham khảo
*   [S8] CABI Digital Library: Allocarsidara malayensis / durian psyllid — https://www.cabidigitallibrary.org/doi/pdf/10.5555/20073012690
*   [S9] IJAT article on management of Allocarsidara malayensis — https://www.ijat-aatsea.com/pdf/v20_n4_2024_July/30_IJAT_20%284%29_2024_Wiangsamut%2C%20B.--1640.pdf
*   [S10] Thep Watana: Durian pest - leafhoppers and durian psyllid — https://thepwatana",False,False,False,False,False,False,"Chào bạn, với tư cách là chuyên gia tư vấn kỹ thuật cây trồng, tôi xin đưa ra phác đồ xử lý chi tiết cho tình huống **sâu rầy nhảy (Allocaridara sp.)** tấn công lá sầu riêng với mức độ thiệt hại trung bình (>10–35%).

Đây là mức độ **cần can thiệp ngay lập tức**. Nếu để quá 35%, khả năng quang hợp của cây giảm mạnh, ảnh hưởng trực tiếp đến sự phát triển của chồi non và năng suất vụ sau.

---

### 1. Nguyên nhân & Đặc điểm gây hại

*   **Đặc điểm sinh học:**
    *   Sâu rầy nhảy (*Allocaridara* spp.) là loài côn trùng nhỏ, màu nâu hoặc xám, có khả năng nhảy rất nhanh khi bị động chạm.
    *   Chúng thường ẩn nấp ở **mặt dưới lá**, đặc biệt là những lá non, chồi non và nách lá.
    *   Chúng chích hút nhựa lá, gây ra các chấm nhỏ màu trắng/vàng trên mặt lá. Khi mật độ cao, lá bị vàng úa, khô cháy từ mép vào, rụng sớm hoặc chồi non bị còi cọc, chết ngọn.
*   **Nguyên nhân bùng phát:**
    *   Thời tiết khô hạn, nắng nóng gay gắt (sâu phát triển mạnh khi độ ẩm thấp).
    *   Vườn thiếu bóng râm, cây trồng quá dày đặc, thông gió kém.
    *   Thiếu thiên địch (do lạm dụng thuốc hóa học trước đó).
    *   Giai đoạn cây ra hoa, ra trái non hoặc ra chồi non là thời điểm sâu tấn công mạnh nhất.

---

### 2. Biện pháp quản lý vườn (Vật lý & Sinh học)

Trước khi phun thuốc, cần áp dụng các biện pháp này để giảm mật độ sâu và tăng hiệu quả xử lý:

*   **Tỉa cành, tạo tán:**
    *   Tỉa bỏ các cành sâu bệnh, cành khô, cành vượt nằm sâu trong tán để tăng độ thông thoáng.
    *   Giảm độ ẩm cục bộ và hạn chế nơi ẩn náu của sâu.
*   **Vệ sinh vườn:**
    *   Thu gom và tiêu hủy (đốt hoặc chôn vùi) các lá rụng, lá bị nhiễm bệnh nặng dưới gốc cây.
    *   Làm cỏ sạch gốc, giữ ẩm cho đất nhưng tránh úng nước.
*   **Thúc đẩy thiên địch:**
    *   Hạn chế phun thuốc hóa học phổ rộng (diệt cả sâu có ích).
    *   Trồng cây chắn gió hoặc cây thu hút thiên địch (như cúc vạn thọ, hướng dương) xung quanh vườn nếu có điều kiện.

---

### 3. Có cần phun thuốc không? Phun gì?

**Câu trả lời: CÓ, cần phun thuốc ngay.**

Với mức độ tổn thương >10–35%, biện pháp thủ công không còn hiệu quả. Cần phun thuốc hóa học hoặc sinh học để kiểm soát nhanh.

#### A. Lựa chọn thuốc (Ưu tiên theo thứ tự)

**Nhóm 1: Thuốc sinh học / Ít độc hại (Ưu tiên nếu cây đang ra hoa/trái non)**
*   **Abamectin 36WG:** Hiệu quả cao với sâu rầy nhảy, ít ảnh hưởng đến thiên địch.
*   **Emamectin benzoate 5WG:** Tác dụng tiếp xúc và vị độc, an toàn hơn cho người phun và môi trường.
*   **Beauveria bassiana (nấm đối kháng):** Phun vào buổi chiều mát, hiệu quả chậm hơn nhưng bền vững.

**Nhóm 2: Thuốc hóa học (Khi mật độ sâu quá cao, cần diệt nhanh)**
*   **Thiamethoxam 25WG:** Thuốc hệ thống, thấm vào lá, sâu ăn vào sẽ bị chết. Hiệu quả lâu dài.
*   **Imidacloprid 700WG:** Tương tự Thiamethoxam, nhưng cần lưu ý kháng thuốc nếu dùng liên tục.
*   **Dinotefuran 20WG:** Tác dụng nhanh, hiệu quả với nhiều loại sâu chích hút.

> **⚠️ Lưu ý quan trọng:**
> - **Không phun thuốc khi cây đang nở hoa rộ** để tránh gây hại cho ong thụ phấn.
> - **Xoay vòng nhóm thuốc:** Không dùng cùng một hoạt chất liên tục >2 lần để tránh kháng thuốc.
> - **Phun vào buổi chiều mát** (sau 4 giờ chiều) vì sâu rầy nhảy hoạt động mạnh vào sáng sớm và chiều tối, và nhiệt độ thấp giúp thuốc bám tốt hơn.

#### B. Kỹ thuật phun thuốc
*   **",True,True,False,False,True,True
allocaridara_attack_severity_2__WS_DRY_HOT_WATER_STRESS,allocaridara_attack,2,WS_DRY_HOT_WATER_STRESS,"Chào bạn, tôi là chuyên gia tư vấn bệnh cây trồng. Dựa trên thông tin chẩn đoán và dữ liệu thời tiết bạn cung cấp, dưới đây là bản tư vấn chi tiết cho vườn sầu riêng của bạn:

### 1. Tóm tắt tình trạng bệnh
Cây sầu riêng của bạn đang bị tấn công bởi **rầy mềm sầu riêng** (tên khoa học: *Allocarsidara malayensis*, còn gọi là Durian psyllid).
*   **Mức độ nhiễm bệnh:** Trung bình (Severity 2).
*   **Diện tích tổn thương:** Từ 10–35% diện tích bề mặt lá bị ảnh hưởng.
*   **Triệu chứng nhận biết:** Lá non xuất hiện đốm vàng hoặc bạc màu, lá bị xoăn, cong và biến dạng. Bạn có thể quan sát thấy các chất trắng dạng sáp (waxy) do ấu trùng để lại. Nếu không xử lý, cây có thể rụng lá sớm và sinh trưởng kém.

### 2. Tóm tắt thời tiết sắp tới
*   **Dự báo:** Nắng nóng kéo dài trong 3 ngày tới.
*   **Rủi ro:** Mức độ cảnh báo về stress nước (caution_water_stress).
*   **Lưu ý:** Mặc dù nắng nóng không trực tiếp gây ra bệnh rầy mềm, nhưng nó khiến cây bị thiếu nước, suy yếu hệ miễn dịch và trở nên mẫn cảm hơn với sâu bệnh.

### 3. Việc cần làm ngay
**Hành động:** Kiểm tra kỹ xem hiện tượng lá xoăn, vàng hoặc rụng có đang lan sang các đọt non khác trên cây hoặc sang các cây lân cận hay không.

**Lý do liên hệ với thời tiết:**
Do dự báo **nắng nóng kéo dài trong 3 ngày tới**, cây sầu riêng đang chịu áp lực lớn về việc mất nước (stress nước). Khi cây bị stress do nắng nóng, khả năng phục hồi và kháng cự lại côn trùng chích hút như rầy mềm sẽ giảm sút đáng kể. Việc kiểm tra ngay bây giờ giúp bạn đánh giá xem mức độ hại có đang gia tăng nhanh chóng do cây suy yếu hay không, từ đó quyết định biện pháp can thiệp kịp thời trước khi cây bị tổn thương nặng hơn.

### 4. Quản lý
*   **Tăng cường khảo sát:** Rà soát vườn thường xuyên hơn so với bình thường.
*   **Tập trung vị trí nguy hiểm:** Kiểm tra kỹ **mặt dưới lá** và **chồi non**, vì đây là nơi rầy mềm thường trú ngụ và gây hại.
*   **Biện pháp kỹ thuật:** Áp dụng các biện pháp quản lý dịch hại tổng hợp (IPM) theo đúng khuyến cáo của cán bộ kỹ thuật địa phương. *Lưu ý: Không tự ý sử dụng thuốc hóa học nếu chưa có chỉ dẫn cụ thể từ chuyên gia địa phương.*

### 5. Phòng ngừa
*   **Giám sát giai đoạn nhạy cảm:** Theo dõi chặt chẽ vườn trong giai đoạn cây ra đọt non, vì đây là thời điểm rầy mềm hoạt động mạnh nhất.
*   **Ghi chép và tái kiểm tra:** Ghi nhận lại những cây bị hại để theo dõi diễn biến và tái kiểm tra sau đó.
*   **Quản lý tán lá:** Duy trì vườn cây thông thoáng, cắt tỉa hợp lý để hạn chế môi trường ẩm ướt cục bộ và ngăn chặn sự bùng phát mật số sâu hại.

### 6. Theo dõi
Trong những ngày tới, hãy quan sát sát sao các dấu hiệu sau:
*   Kiểm tra mặt dưới lá và chồi non.
*   Theo dõi sự xuất hiện của lá xoăn, đốm vàng, hiện tượng rụng lá non bất thường.
*   Tìm kiếm các chất trắng/dạng sáp (waxy substance) do ấu trùng để lại.

### 7. Cảnh báo
Mức độ nhiễm bệnh hiện tại ở mức trung bình. Nếu không được quản lý sớm, đặc biệt trong điều kiện cây đang bị stress do nắng nóng, tình trạng này có thể ảnh hưởng nghiêm trọng đến sinh trưởng của đọt non, làm chậm quá trình phát triển của cây.

---

**Nguồn tham khảo:**
*   [S8] CABI Digital Library: Allocarsidara malayensis / durian psyllid — https://www.cabidigitallibrary.org/doi/pdf/10.5555/20073012690
*   [S9] IJAT article on management of Allocarsidara malayensis — https://www.ijat-aatsea.com/pdf/v20_n4_2024_July/30_IJAT_20%284%29_2024_Wiangsamut%2C%20B.--1640.pdf",True,False,False,False,False,False,"Chào bạn, với tư cách là chuyên gia tư vấn kỹ thuật cây trồng, tôi xin đưa ra khuyến nghị xử lý chi tiết cho tình huống **sâu rầy nhảy (Allocaridara attack)** đang gây hại ở mức độ trung bình (>10–35% diện tích lá) trên vườn sầu riêng của bạn.

Mức độ này được coi là **cảnh báo vàng**. Nếu không can thiệp kịp thời, mật độ sâu sẽ bùng phát nhanh chóng, dẫn đến mất lá hàng loạt, ảnh hưởng nghiêm trọng đến quá trình quang hợp và năng suất vụ sau.

Dưới đây là phác đồ xử lý:

### 1. Nguyên nhân và Đặc điểm bệnh

*   **Tên sâu hại:** Sâu rầy nhảy (thường thuộc họ *Pyralidae* hoặc các loài rầy nhảy khác như *Empoasca* spp., nhưng trong ngữ cảnh sầu riêng, ""Allocaridara"" thường ám chỉ các loài sâu non hoặc rầy có khả năng nhảy khi bị động, gây hại chích hút hoặc ăn lá).
*   **Đặc điểm gây hại:**
    *   Sâu non hoặc rầy trưởng thành tập trung ở **mặt dưới lá**, chích hút nhựa cây.
    *   Lá bị hại xuất hiện các đốm vàng nhỏ, sau đó lan rộng, lá bị khô, co lại, rụng sớm.
    *   Khi bị động, chúng có phản xạ nhảy mạnh để trốn thoát, gây khó khăn cho việc phát hiện bằng mắt thường nếu không quan sát kỹ mặt dưới lá.
*   **Nguyên nhân bùng phát:**
    *   Thời tiết nóng, khô hanh hoặc độ ẩm cao đột ngột.
    *   Vườn cây thiếu cân đối dinh dưỡng (thừa đạm làm cây non yếu, dễ bị tấn công).
    *   Thiếu thiên địch tự nhiên do phun thuốc hóa học bừa bãi trước đó.
    *   Tưới nước không đều khiến cây stress.

### 2. Biện pháp quản lý vườn (Vệ sinh và canh tác)

Trước khi nghĩ đến thuốc, hãy thực hiện ngay các biện pháp cơ học và canh tác:

*   **Vệ sinh vườn:**
    *   Dọn dẹp sạch sẽ cỏ rác xung quanh gốc và dưới tán cây, vì đây là nơi trú ẩn của sâu rầy khi không có thức ăn.
    *   Thu gom và tiêu hủy các lá bị rụng, lá bị bệnh nặng để giảm nguồn lây lan.
*   **Tưới nước hợp lý:**
    *   Đảm bảo độ ẩm đất ổn định. Tưới phun mưa nhẹ vào buổi sáng sớm có thể giúp rửa trôi một phần sâu rầy khỏi mặt dưới lá (chúng không thích môi trường ướt).
*   **Cân đối dinh dưỡng:**
    *   Hạn chế bón thừa đạm (N). Tăng cường bón Kali (K) và Canxi (Ca) để tăng độ cứng chắc của lá, giúp lá ít bị chích hút hơn.
    *   Bổ sung phân bón lá chứa Axit Amino, Chitosan để kích thích cây phục hồi nhanh.

### 3. Có cần phun thuốc không? Phun gì?

**Câu trả lời: CÓ, cần phun thuốc.**
Với mức độ tổn thương >10–35%, biện pháp canh tác đơn thuần không đủ để kiểm soát. Cần can thiệp bằng thuốc bảo vệ thực vật (BVTV) để dập tắt ổ dịch trước khi lan rộng.

#### Nguyên tắc phun:
*   **Phun vào buổi chiều mát** (sau 4 giờ chiều) vì sâu rầy nhảy hoạt động mạnh vào sáng sớm và chiều tối, và chúng ẩn nấp ở mặt dưới lá.
*   **Phun kỹ mặt dưới lá**, đây là vị trí chúng tập trung.
*   **Xoay vòng nhóm thuốc** để tránh kháng thuốc.

#### Khuyến nghị thuốc (Lựa chọn 1 trong các nhóm sau):

**Nhóm 1: Thuốc sinh học / Ít độc hại (Ưu tiên nếu vườn đang trong giai đoạn ra hoa hoặc gần thu hoạch)**
*   **Abamectin 36WG:** Hiệu quả cao với nhiều loại sâu hại, ít ảnh hưởng đến thiên địch.
*   **Emamectin Benzoate:** Tác dụng tiếp xúc và vị độc mạnh, an toàn hơn với người và môi trường.
*   **Thuốc sinh học từ nấm *Beauveria bassiana* hoặc *Metarhizium anisopliae*:** Hiệu quả chậm hơn nhưng bền vững, không gây kháng thuốc.

**Nhóm 2: Thuốc hóa học (Dùng khi mật độ sâu cao, cần dập dịch nhanh)**
*   **Thiamethoxam 25WG:** Thuốc hệ thống, thấm sâu vào lá, hiệu quả lâu dài.
*   **Imidaclopr",True,True,False,False,True,True
allocaridara_attack_severity_3__WS_NORMAL,allocaridara_attack,3,WS_NORMAL,"Chào bạn, với tư cách là chuyên gia tư vấn bệnh cây trồng, tôi xin đưa ra bản chẩn đoán và khuyến nghị xử lý cho vườn sầu riêng của bạn dựa trên thông tin hiện có.

### 1. Tóm tắt tình trạng bệnh
Cây sầu riêng của bạn đang bị nhiễm **Rầy mềm sầu riêng (Durian psyllid - *Allocarsidara malayensis*)** ở mức độ **Nặng (Severity 3)**.
*   **Mức độ tổn thương:** Hơn 35% diện tích bề mặt lá bị ảnh hưởng.
*   **Triệu chứng nhận biết:** Lá non xuất hiện đốm vàng hoặc bạc màu, lá bị xoăn, cong và biến dạng. Bạn có thể quan sát thấy các chất trắng dạng sáp (waxy) do ấu trùng rầy để lại trên mặt dưới lá. Nếu không xử lý kịp thời, cây sẽ bị rụng lá sớm và sinh trưởng kém.

### 2. Tóm tắt thời tiết sắp tới
Hiện tại, điều kiện thời tiết ở khu vực vườn của bạn đang ở mức **bình thường**, không có các yếu tố đặc biệt (như mưa lớn, bão, hay hạn hán cực đoan) làm tăng đột biến nguy cơ bệnh hại. Tuy nhiên, điều kiện ấm ẩm hiện tại vẫn thuận lợi cho quần thể rầy mềm phát triển, đặc biệt là trong giai đoạn cây ra đọt non.

### 3. Việc cần làm ngay
**Hành động:** Cần tiến hành **kiểm tra thực địa ngay lập tức** và tập trung xử lý các cây bị nhiễm nặng cùng các đọt non lân cận.

**Lý do:**
*   Mặc dù thời tiết hiện tại không có rủi ro đặc biệt, nhưng mức độ nhiễm bệnh hiện tại (trên 35% diện tích lá) đã ở mức nghiêm trọng.
*   Rầy mềm chích hút nhựa từ đọt non và mặt dưới lá, gây ra hiện tượng xoăn lá và rụng lá sớm. Nếu không can thiệp ngay, cây sẽ suy yếu, ảnh hưởng trực tiếp đến khả năng sinh trưởng và năng suất vụ sau.
*   Việc kiểm tra thực địa giúp xác định chính xác mật độ sâu hại để áp dụng biện pháp quản lý dịch hại tổng hợp (IPM) phù hợp với quy định địa phương.

### 4. Quản lý
*   **Ưu tiên xử lý:** Tập trung phun thuốc hoặc áp dụng biện pháp kiểm soát vào những cây bị nhiễm nặng và các chồi non xung quanh để ngăn chặn sự lây lan.
*   **Áp dụng IPM:** Sử dụng các biện pháp quản lý dịch hại tổng hợp được phê duyệt tại địa phương. Không tự ý sử dụng thuốc chưa rõ nguồn gốc.
*   **Hỗ trợ chuyên môn:** Do mức độ nhiễm nặng, bạn nên tham khảo ý kiến trực tiếp từ cán bộ bảo vệ thực vật hoặc cán bộ khuyến nông địa phương để có phác đồ xử lý an toàn và hiệu quả nhất.

### 5. Phòng ngừa
*   **Giám sát định kỳ:** Tăng cường theo dõi vườn cây, đặc biệt là trong giai đoạn cây ra đọt non – thời điểm rầy mềm tấn công mạnh nhất.
*   **Ghi chép:** Đánh dấu và ghi nhận các cây bị hại để dễ dàng tái kiểm tra hiệu quả sau khi xử lý.
*   **Quản lý vườn:** Duy trì vườn cây thông thoáng, cắt tỉa cành lá già, sâu bệnh để hạn chế môi trường ẩm ướt và nơi trú ẩn, từ đó kiểm soát mật số sâu hại bùng phát.

### 6. Theo dõi
Sau khi xử lý, bạn cần theo dõi sát sao các dấu hiệu sau:
*   Kiểm tra kỹ **mặt dưới lá** và **chồi non**.
*   Quan sát xem lá có còn bị xoăn, xuất hiện đốm vàng mới, rụng lá non hay không.
*   Kiểm tra sự hiện diện của chất trắng/dạng sáp do ấu trùng để lại.

### 7. Cảnh báo
Mức độ nhiễm bệnh hiện tại (Severity 3) là mức nặng, đòi hỏi sự can thiệp có hướng dẫn chuyên môn. Việc tự ý xử lý không đúng cách có thể làm tình trạng bệnh kéo dài hoặc gây hại cho cây. Hãy liên hệ với cán bộ kỹ thuật địa phương nếu tình trạng không cải thiện sau khi áp dụng các biện pháp ban đầu.

---
**Nguồn tham khảo:**
• [S8] CABI Digital Library: Allocarsidara malayensis / durian psyllid — https://www.cabidigitallibrary.org/doi/pdf/10.5555/20073012690
• [S9] IJAT article on management of Allocarsidara malayensis — https://www.ijat-aatsea.com/pdf/v20_n4_2024_J",True,False,False,False,True,False,"Chào bạn, với tư cách là chuyên gia tư vấn kỹ thuật cây trồng, tôi xin đưa ra phác đồ xử lý khẩn cấp cho tình huống **sâu nhảy (Allocaridara sp.)** tấn công lá sầu riêng ở mức độ nghiêm trọng (>35% diện tích).

Đây là tình huống cấp bách vì khi hơn 1/3 diện tích lá bị mất, khả năng quang hợp của cây giảm mạnh, ảnh hưởng trực tiếp đến sinh trưởng, ra hoa và năng suất vụ sau. Dưới đây là khuyến nghị chi tiết:

### 1. Nguyên nhân và Đặc điểm bệnh

*   **Tên khoa học:** *Allocaridara* sp. (thường gặp là *Allocaridara nigriceps* hoặc các loài tương tự trong họ Pyralidae).
*   **Đặc điểm gây hại:**
    *   Sâu non có kích thước nhỏ, màu xanh nhạt hoặc vàng nhạt, thường ẩn mình dưới mặt lá hoặc trong các cuộn lá.
    *   Chúng ăn thịt lá, để lại chỉ còn gân lá hoặc tạo thành các lỗ thủng, mép lá bị rách nát.
    *   Sâu nhảy rất nhanh khi bị động chạm, nên khó phát hiện bằng mắt thường nếu không quan sát kỹ.
    *   **Mùa vụ nguy hiểm:** Thường bùng phát mạnh vào mùa mưa hoặc giai đoạn cây ra lá non (lá non mềm, dễ ăn).
*   **Nguyên nhân bùng phát mạnh:**
    *   Vườn cây quá rậm rạp, ẩm ướt, thiếu ánh sáng.
    *   Sử dụng thuốc trừ sâu phổ rộng liên tục làm mất cân bằng sinh thái, tiêu diệt thiên địch (như ong ký sinh, bọ rùa).
    *   Không theo dõi định kỳ, để sâu nhân giống đến mật độ cao mới xử lý.

### 2. Biện pháp quản lý vườn (Vệ sinh và Cơ học)

Trước khi phun thuốc, cần thực hiện ngay các biện pháp này để giảm mật độ sâu:

*   **Vệ sinh vườn:**
    *   Thu gom và tiêu hủy (đốt hoặc chôn vùi) các lá bị sâu ăn, lá rụng dưới gốc. Đây là nơi sâu ẩn nấp và hóa蛹.
    *   Cắt tỉa cành khô, cành sâu bệnh, cành nằm ngang trong tán để tăng độ thông thoáng, giảm độ ẩm – môi trường thuận lợi cho sâu phát triển.
*   **Bẫy dính màu vàng:**
    *   Treo bẫy dính màu vàng (yellow sticky traps) trong vườn. Sâu nhảy trưởng thành (côn trùng cánh cứng/bướm đêm nhỏ) bị thu hút bởi màu vàng.
    *   Mật độ: 10-15 bẫy/ha, treo ở độ cao ngang tán cây.
*   **Tưới nước hợp lý:**
    *   Tránh tưới nước vào buổi chiều tối làm tăng độ ẩm cho tán lá. Nên tưới vào sáng sớm.

### 3. Có cần phun thuốc hay không? Phun gì?

**Câu trả lời: CÓ, cần phun thuốc ngay lập tức.**

Với mức độ tổn thương >35%, biện pháp sinh học hoặc cơ học đơn thuần không đủ sức kiểm soát. Cần phun thuốc hóa học có hiệu lực nhanh, kết hợp với thuốc sinh học để hạn chế kháng thuốc.

#### A. Lựa chọn thuốc hóa học (Ưu tiên nhóm ít độc, hiệu quả cao)

Chọn **1 trong các nhóm hoạt chất** sau (luân phiên để tránh kháng thuốc):

1.  **Nhóm Indoxacarb:**
    *   *Tên thương mại phổ biến:* Avaunt, Indoxacarb 15WG, v.v.
    *   *Ưu điểm:* Hiệu quả cao với sâu ăn lá, tác động chậm nhưng bền vững, ít ảnh hưởng đến thiên địch.
    *   *Liều lượng:* Theo hướng dẫn trên bao bì (thường 10-15g/16 lít nước).

2.  **Nhóm Chlorantraniliprole:**
    *   *Tên thương mại phổ biến:* Coragen, Primallo, v.v.
    *   *Ưu điểm:* Hiệu lực rất nhanh, độc tính thấp với người và động vật có vú, thời gian bảo vệ dài.
    *   *Liều lượng:* Theo hướng dẫn (thường 10-15ml/16 lít nước).

3.  **Nhóm Spinetoram:**
    *   *Tên thương mại phổ biến:* Radiant, v.v.
    *   *Ưu điểm:* Hiệu quả cao với sâu bướm, ít ảnh hưởng đến ong thụ phấn (nếu phun đúng thời điểm).

4.  **Nhóm Emamectin benzoate:**
    *   *Tên thương mại phổ",True,True,False,False,True,True
allocaridara_attack_severity_3__WS_RAIN_SPORE_DISPERSAL,allocaridara_attack,3,WS_RAIN_SPORE_DISPERSAL,"Chào bạn, với tư cách là chuyên gia tư vấn bệnh cây trồng, tôi xin đưa ra bản chẩn đoán và khuyến nghị xử lý cho vườn sầu riêng của bạn dựa trên thông tin hiện có.

### 1. Tóm tắt tình trạng bệnh
Cây sầu riêng của bạn đang bị nhiễm **Rầy nâu sầu riêng (Durian psyllid - *Allocarsidara malayensis*)** ở mức độ **Nặng (Severity 3)**.
*   **Mức độ tổn thương:** Hơn 35% diện tích bề mặt lá bị ảnh hưởng.
*   **Triệu chứng điển hình:** Lá non xuất hiện đốm vàng hoặc bạc màu, lá bị xoăn, cong và biến dạng. Bạn có thể quan sát thấy các chất trắng sáp (waxy) do ấu trùng rầy để lại. Nếu không xử lý, cây sẽ rụng lá sớm và sinh trưởng kém.

### 2. Tóm tắt thời tiết sắp tới
*   **Dự báo:** Có mưa đáng kể trong 3 ngày tới.
*   **Đánh giá rủi ro:** Mức rủi ro tăng cao (*increased*).
*   **Lưu ý:** Mặc dù kịch bản mưa này không thuộc nhóm điều kiện nguy cơ đặc biệt đã được xác định cụ thể cho bệnh này trong cơ sở dữ liệu, nhưng thời tiết ẩm ướt thường tạo điều kiện thuận lợi cho sâu bệnh phát triển và gây khó khăn cho việc phun thuốc.

### 3. Việc cần làm ngay
**Hành động:** Cần tiến hành **kiểm tra thực địa ngay lập tức** để xác định chính xác mức độ lây lan và can thiệp kịp thời.

**Lý do:**
*   **Mức độ nhiễm nặng:** Với hơn 35% diện tích lá bị tổn thương, nếu không xử lý ngay, cây sẽ rụng lá sớm, ảnh hưởng nghiêm trọng đến khả năng quang hợp và sinh trưởng.
*   **Yếu tố thời tiết:** Dự báo có mưa đáng kể trong 3 ngày tới. Mưa có thể làm rửa trôi thuốc bảo vệ thực vật nếu phun không đúng thời điểm, đồng thời độ ẩm cao sau mưa có thể thúc đẩy quần thể rầy phát triển nếu không được kiểm soát. Do đó, việc kiểm tra thực địa giúp bạn quyết định thời điểm xử lý phù hợp (thường là khi tạnh mưa và lá khô) để đảm bảo hiệu quả.

### 4. Quản lý
*   **Ưu tiên xử lý:** Tập trung xử lý những cây bị nhiễm nặng và các đọt non lân cận để ngăn chặn sự lây lan.
*   **Phương pháp:** Áp dụng các biện pháp quản lý dịch hại tổng hợp (IPM) và sử dụng các loại thuốc bảo vệ thực vật đã được phê duyệt tại địa phương.
*   **Hỗ trợ chuyên môn:** Do mức độ nhiễm nặng, bạn nên tham khảo ý kiến trực tiếp từ cán bộ bảo vệ thực vật hoặc cán bộ khuyến nông địa phương để có phác đồ xử lý phù hợp nhất với điều kiện vườn của bạn.

### 5. Phòng ngừa
*   **Giám sát:** Theo dõi thường xuyên, đặc biệt là trong giai đoạn cây ra đọt non – giai đoạn rầy nâu thường tấn công mạnh nhất.
*   **Ghi nhận:** Đánh dấu và ghi nhận các cây bị hại để tái kiểm tra sau khi xử lý.
*   **Quản lý vườn:** Duy trì vườn cây thông thoáng, cắt tỉa cành lá khô, sâu bệnh để hạn chế nơi trú ẩn và bùng phát mật số sâu hại.

### 6. Theo dõi
Sau khi xử lý, bạn cần tiếp tục theo dõi các dấu hiệu sau:
*   Kiểm tra kỹ **mặt dưới lá** và **chồi non**.
*   Quan sát xem lá có còn bị xoăn, xuất hiện đốm vàng mới, rụng lá non hoặc có chất trắng sáp (waxy) hay không.

### 7. Cảnh báo
Mức độ nhiễm nặng hiện tại đòi hỏi sự can thiệp có hướng dẫn chuyên môn. Nếu tình trạng không cải thiện sau khi áp dụng các biện pháp trên, hoặc nếu bạn không tự tin trong việc lựa chọn và sử dụng thuốc, hãy **liên hệ ngay với cán bộ kỹ thuật địa phương** để được hỗ trợ trực tiếp.

---

### Nguồn tham khảo
• [S8] CABI Digital Library: Allocarsidara malayensis / durian psyllid — https://www.cabidigitallibrary.org/doi/pdf/10.5555/20073012690
• [S9] IJAT article on management of Allocarsidara malayensis — https://www.ijat-aatsea.com/pdf/v20_n4_2024_July/30_IJAT_20%284%29_2024_Wiangsam",True,False,False,False,True,False,"Chào bạn, với tư cách là chuyên gia tư vấn nông nghiệp, tôi xin đưa ra khuyến nghị xử lý khẩn cấp cho tình trạng **rầy nhảy (Allocaridra sp.)** tấn công lá sầu riêng ở mức độ nghiêm trọng (>35% diện tích lá bị tổn thương).

Đây là mức độ **NGUY HIỂM**, vì khi hơn 1/3 diện tích lá bị mất hoặc hư hại, khả năng quang hợp của cây bị suy giảm nghiêm trọng, ảnh hưởng trực tiếp đến năng suất vụ trái sắp tới và sức đề kháng của cây.

Dưới đây là phác đồ xử lý chi tiết:

### 1. Nguyên nhân và Đặc điểm bệnh

*   **Tác nhân:** Rầy nhảy (thuộc họ Cicadellidae), thường gặp ở vùng nhiệt đới như Việt Nam. Chúng có kích thước nhỏ (2-3mm), màu xanh nhạt hoặc vàng nhạt, có khả năng nhảy rất nhanh khi bị chạm vào.
*   **Cơ chế gây hại:**
    *   Rầy nhảy chích hút nhựa từ mặt dưới lá non và lá trưởng thành.
    *   Gây ra các chấm nhỏ màu trắng/vàng trên lá, sau đó lan rộng làm lá bị khô, cháy mép, xoăn lại và rụng sớm.
    *   Khi mật độ cao (>35% lá bị hại), cây bị suy kiệt, chồi non không phát triển được, trái non có thể bị rụng do thiếu dinh dưỡng.
*   **Điều kiện thuận lợi:** Thời tiết nắng nóng, khô hạn, vườn cây thiếu ánh sáng (tán lá dày đặc), hoặc sau những đợt mưa lớn rồi nắng hạn đột ngột.

### 2. Biện pháp quản lý vườn (Vật lý & Sinh học)

Trước khi phun thuốc, cần kết hợp các biện pháp này để giảm mật độ sâu bệnh và tăng hiệu quả xử lý:

*   **Tỉa cành, tạo tán:**
    *   Cắt bỏ các cành lá bị nhiễm nặng (>50% lá trên cành), lá già, lá bệnh, cành sâu trong tán để thông thoáng vườn.
    *   Giúp ánh sáng và gió lưu thông tốt, giảm độ ẩm cục bộ – môi trường thuận lợi cho rầy phát triển.
    *   Thu gom và tiêu hủy (đốt hoặc chôn vùi) các cành lá bị cắt để diệt nguồn sâu bệnh.
*   **Vệ sinh vườn:**
    *   Làm sạch cỏ dại xung quanh gốc và giữa các hàng cây, vì cỏ là nơi trú ẩn và nguồn thức ăn dự trữ của rầy nhảy.
    *   Kiểm tra và loại bỏ các loại cây ký chủ khác nếu có trong vườn (nếu rầy nhảy cũng tấn công các loại cây khác).
*   **Tưới nước hợp lý:**
    *   Tránh tưới nước vào buổi trưa nắng gắt.
    *   Tưới đủ ẩm để cây khỏe, tăng sức đề kháng, nhưng tránh làm úng rễ.

### 3. Có cần phun thuốc hay không? Phun gì?

**CÓ, BẮT BUỘC PHẢI PHUN THUỐC.**
Với mức độ >35% lá bị tổn thương, các biện pháp sinh học đơn thuần không thể kiểm soát kịp thời. Cần phun thuốc hóa học có tác động nhanh để dập dịch.

#### **Lựa chọn thuốc hóa học (Ưu tiên nhóm thuốc ít độc, tác động nhanh, ít kháng thuốc):**

**Lưu ý quan trọng:** Luôn tuân thủ nguyên tắc ""4 đúng"" (đúng thuốc, đúng liều lượng, đúng lúc, đúng cách). Luân phiên các nhóm thuốc để tránh kháng thuốc.

**Nhóm 1: Thuốc tiếp xúc + vị (Tác động nhanh, diệt rầy trưởng thành và rầy non)**
*   **Thiamethoxam 25% WG** (Ví dụ: Actara, Confidor): Thuốc hệ thống, hấp thu qua rễ và lá, tác dụng lâu dài. *Liều lượng: Theo hướng dẫn trên bao bì (thường 10-15g/16 lít nước).*
*   **Imidacloprid 700 SL** (Ví dụ: Confidor 700SL): Hiệu quả cao với rầy nhảy, rầy mềm. *Liều lượng: Theo hướng dẫn.*
*   **Dinotefuran 20% OD** (Ví dụ: Oshin, Starmore): Tác động nhanh, ít ảnh hưởng đến thiên địch hơn so với một số loại thuốc cũ.

**Nhóm 2: Thuốc sinh học / Ít độc hại (Kết hợp hoặc thay thế nếu lo ngại về dư lượng)**
*   **Abamectin 36 EC** (Ví dụ: Abamectin 36EC): Có tác dụng với nhiều loại sâu hại, bao gồm cả rầy nhảy ở giai",True,True,False,True,True,True
allocaridara_attack_severity_3__WS_HIGH_HUMIDITY_FUNGAL,allocaridara_attack,3,WS_HIGH_HUMIDITY_FUNGAL,"Chào bạn, với tư cách là chuyên gia tư vấn bệnh cây trồng, tôi xin đưa ra bản chẩn đoán và hướng xử lý dựa trên tình trạng vườn sầu riêng của bạn như sau:

### 1. Tóm tắt tình trạng bệnh
Cây sầu riêng của bạn đang bị nhiễm **Rầy nâu sầu riêng (Durian psyllid - *Allocarsidara malayensis*)** ở mức độ **Nặng (Severity 3)**.
*   **Mức độ tổn thương:** Hơn 35% diện tích bề mặt lá bị ảnh hưởng.
*   **Triệu chứng nhận biết:** Lá non xuất hiện các đốm vàng hoặc bạc màu, lá bị xoăn, cong và biến dạng. Bạn có thể quan sát thấy các chất trắng sáp (waxy) do ấu trùng rầy để lại trên mặt dưới lá hoặc đọt non. Nếu không xử lý kịp thời, cây sẽ rụng lá sớm và sinh trưởng kém.

### 2. Tóm tắt thời tiết sắp tới
*   **Dự báo:** Độ ẩm cao kéo dài trong 3 ngày tới.
*   **Đánh giá rủi ro:** Mức rủi ro tăng cao (*increased*).
*   **Lưu ý:** Mặc dù kịch bản thời tiết này không thuộc nhóm nguy cơ đặc biệt đã được xác định cụ thể cho bệnh này trong cơ sở dữ liệu, nhưng điều kiện ấm ẩm là môi trường thuận lợi cho quần thể sâu hại phát triển mạnh. Do đó, cần tiếp tục áp dụng các khuyến nghị quản lý tiêu chuẩn nhưng với sự chú ý cao độ.

### 3. Việc cần làm ngay
**Hành động:** Tiến hành kiểm tra thực địa ngay lập tức và ưu tiên xử lý các cây bị nhiễm nặng cùng các đọt non lân cận.

**Lý do:**
*   Do mức độ nhiễm bệnh đã ở mức nặng (>35% diện tích lá), việc chích hút của rầy đang gây hại trực tiếp lên đọt non và mặt dưới lá, dẫn đến hiện tượng lá vàng, xoăn và rụng sớm.
*   Kết hợp với dự báo **độ ẩm cao kéo dài trong 3 ngày tới**, điều kiện này càng thuận lợi cho rầy sinh sản và lây lan nhanh hơn. Nếu không can thiệp ngay, tình trạng rụng lá và suy yếu cây trồng sẽ trầm trọng hơn, ảnh hưởng nghiêm trọng đến năng suất.

### 4. Quản lý
*   **Xử lý trọng điểm:** Tập trung phun thuốc hoặc áp dụng biện pháp kiểm soát lên các cây bị nặng nhất và các chồi non xung quanh để ngăn chặn sự lây lan.
*   **Phương pháp:** Áp dụng quy trình Quản lý dịch hại tổng hợp (IPM) và sử dụng các biện pháp/hoạt chất đã được phê duyệt tại địa phương.
*   **Hỗ trợ chuyên môn:** Vì mức độ nhiễm nặng, bạn nên tham khảo ý kiến trực tiếp từ cán bộ bảo vệ thực vật hoặc cán bộ khuyến nông địa phương để có phác đồ xử lý phù hợp nhất với điều kiện vườn nhà bạn.

### 5. Phòng ngừa
*   **Vệ sinh vườn:** Duy trì vườn cây thông thoáng, tỉa cành hợp lý để hạn chế độ ẩm cục bộ và giảm nơi trú ẩn của sâu hại.
*   **Giám sát:** Theo dõi thường xuyên, đặc biệt là trong giai đoạn cây ra đọt non – thời điểm rầy nâu tấn công mạnh nhất.
*   **Ghi chép:** Đánh dấu và ghi nhận các cây bị hại để dễ dàng tái kiểm tra hiệu quả sau khi xử lý.

### 6. Theo dõi
Sau khi thực hiện các biện pháp xử lý, bạn cần theo dõi sát sao các dấu hiệu sau:
*   Kiểm tra kỹ **mặt dưới lá** và **chồi non**.
*   Quan sát xem lá còn bị xoăn, xuất hiện đốm vàng mới hay có hiện tượng rụng lá non không.
*   Kiểm tra xem còn tồn tại chất trắng sáp (waxy) do ấu trùng để lại hay không.

### 7. Cảnh báo
Mức độ nhiễm bệnh hiện tại là **Nặng**. Việc tự ý xử lý có thể không hiệu quả hoặc gây rủi ro nếu không đúng kỹ thuật. Bạn cần có sự can thiệp và hướng dẫn từ chuyên gia hoặc cán bộ kỹ thuật địa phương để đảm bảo an toàn cho cây trồng và môi trường.

---
**Nguồn tham khảo:**
• [S8] CABI Digital Library: Allocarsidara malayensis / durian psyllid — https://www.cabidigitallibrary.org/doi/pdf/10.5555/20073012690
• [S9] IJAT article on management of Allocarsidara malayensis — https://www.ijat-aatsea.com/pdf/v20_n4_2024_J",True,False,False,False,True,False,"Chào bạn, với tư cách là chuyên gia tư vấn kỹ thuật cây trồng, tôi xin đưa ra phác đồ xử lý khẩn cấp cho tình huống **Sâu nhảy (Allocaridara sp.)** tấn công nặng (>35% diện tích lá) trên vườn sầu riêng của bạn.

Mức độ tổn thương >35% được xem là **cấp độ báo động đỏ**. Nếu không xử lý ngay, cây sẽ suy kiệt nhanh chóng do mất diện tích quang hợp, dẫn đến giảm năng suất vụ sau hoặc thậm chí chết cành/chết cây nếu kết hợp với nấm bệnh xâm nhập qua vết cắn.

Dưới đây là khuyến nghị chi tiết:

### 1. Nguyên nhân và Đặc điểm bệnh

*   **Tên khoa học:** *Allocaridara* spp. (Thường gặp là *Allocaridara nigriceps* hoặc các loài cùng họ Pyralidae).
*   **Đặc điểm nhận dạng:**
    *   Sâu non có kích thước nhỏ (khoảng 1-2 cm), màu xanh lá cây hoặc nâu nhạt, có khả năng nhảy rất nhanh khi bị động chạm (giống như châu chấu nhỏ).
    *   Chúng thường ẩn mình ở mặt dưới lá hoặc trong các kẽ lá, cuống lá.
*   **Hại như thế nào?**
    *   Sâu non ăn thịt lá, tạo thành các lỗ thủng không đều.
    *   Khi mật độ cao, chúng ăn sạch phần thịt lá, chỉ để lại gân lá, làm lá khô héo và rụng sớm.
    *   Vết cắn tạo điều kiện cho nấm bệnh (như nấm hồng, nấm đốm nâu) xâm nhập.
*   **Nguyên nhân bùng phát:**
    *   Thời tiết nóng, khô hạn hoặc sau những trận mưa rào lớn khiến độ ẩm thay đổi đột ngột.
    *   Vườn cây thiếu cân đối dinh dưỡng (thừa đạm, thiếu kali/canxi) khiến lá mềm, dễ bị tấn công.
    *   Thiếu thiên địch hoặc sử dụng thuốc BVTV không đúng cách làm mất cân bằng sinh thái vườn.

### 2. Biện pháp quản lý vườn (Vệ sinh và Cơ học)

Do mức độ nhiễm nặng, biện pháp cơ học đơn thuần không đủ, nhưng vẫn phải thực hiện để hỗ trợ thuốc:

1.  **Vệ sinh vườn:** Dọn dẹp sạch sẽ cỏ rác xung quanh gốc cây, đặc biệt là các bụi cây thấp nơi sâu nhảy thích ẩn náu.
2.  **Tỉa cành:** Tỉa bỏ các cành lá bị nhiễm nặng, lá khô, lá già để giảm nơi trú ẩn của sâu. Vứt bỏ hoặc tiêu hủy (đốt/chôn vùi) các phần cây bị bệnh ra xa vườn.
3.  **Kiểm tra thiên địch:** Quan sát xem có kiến, ong ký sinh hay không. Nếu có, hạn chế phun thuốc rộng rãi để bảo vệ chúng.

### 3. Có cần phun thuốc không? Phun gì?

**CÓ, BẮT BUỘC PHẢI PHUN THUỐC.**
Với mức độ >35%, biện pháp sinh học hoặc cơ học không thể kiểm soát kịp thời. Bạn cần phun thuốc hóa học có tác dụng nhanh (tiêu diệt sâu trưởng thành và sâu non) kết hợp với thuốc có tính lưu dẫn (tiêu diệt sâu ẩn náu).

#### 📌 Phác đồ phun thuốc đề xuất:

**Lưu ý quan trọng:** Luôn tuân thủ nguyên tắc ""4 đúng"" (đúng thuốc, đúng liều lượng, đúng lúc, đúng cách). Phun vào lúc sáng sớm hoặc chiều mát, tránh nắng gắt. Phun kỹ mặt dưới lá.

**Lựa chọn 1: Thuốc sinh học/công nghệ cao (Ưu tiên nếu cây đang ra hoa/đầu trái non)**
*   **Thuốc:** *Emamectin benzoate* (ví dụ: Applaud, Proclaim) hoặc *Chlorantraniliprole* (ví dụ: Coragen, Altacor).
*   **Ưu điểm:** An toàn cho người và môi trường, ít ảnh hưởng đến thiên địch, hiệu lực dài.
*   **Cách dùng:** Pha theo hướng dẫn trên bao bì. Có thể phối hợp với dầu khoáng (Neem oil) để tăng hiệu quả tiếp xúc.

**Lựa chọn 2: Thuốc hóa học mạnh (Dùng khi tình trạng quá nghiêm trọng, cần diệt nhanh)**
*   **Thuốc:** *Indoxacarb* (ví dụ: Avaunt) hoặc *Lambda-cyhalothrin* (ví dụ: Karate Zeon).
*   **Lưu ý:** Chỉ dùng khi thật sự cần thiết, tránh phun liên tục cùng nhóm thuốc để ngăn ngừa kháng thuốc.

**🔥 Khuyến nghị phối hợp (Mix thuốc) để tăng hiệu quả:**
>",True,True,False,False,True,True
allocaridara_attack_severity_3__WS_PROLONGED_WET_SEVERE,allocaridara_attack,3,WS_PROLONGED_WET_SEVERE,"Chào bạn, với tư cách là chuyên gia tư vấn bệnh cây trồng, tôi xin đưa ra nhận định và hướng xử lý cho tình trạng vườn sầu riêng của bạn dựa trên dữ liệu chẩn đoán và dự báo thời tiết hiện tại.

### 1. Tóm tắt tình trạng bệnh
Cây sầu riêng của bạn đang bị nhiễm **Rầy nâu sầu riêng (Durian psyllid - *Allocarsidara malayensis*)** ở mức độ **Nặng (Severity 3)**.
*   **Mức độ tổn thương:** Hơn 35% diện tích bề mặt lá bị ảnh hưởng.
*   **Triệu chứng điển hình:** Lá non xuất hiện đốm vàng hoặc bạc màu, lá bị xoăn, cong và biến dạng. Bạn có thể quan sát thấy các chất trắng dạng sáp (waxy) do ấu trùng rầy để lại trên mặt dưới lá.
*   **Hậu quả:** Nếu không xử lý kịp thời, bệnh sẽ gây rụng lá non sớm, làm suy yếu khả năng sinh trưởng của cây và giảm năng suất.

### 2. Tóm tắt thời tiết sắp tới
*   **Dự báo:** Tổng lượng mưa trong 3 ngày tới **rất lớn**.
*   **Đánh giá rủi ro:** Mặc dù lượng mưa lớn thường có thể làm giảm mật số côn trùng do rửa trôi, nhưng đối với trường hợp nhiễm nặng như hiện tại, độ ẩm cao sau mưa có thể tạo điều kiện thuận lợi cho các bệnh nấm thứ cấp tấn công vào các vết thương do rầy chích hút, hoặc khiến cây bị stress do ngập úng/ẩm ướt kéo dài. Do đó, không được chủ quan.

### 3. Việc cần làm ngay
**Hành động:** **Kiểm tra thực địa ngay lập tức và ưu tiên xử lý các cây bị nhiễm nặng cùng các đọt non lân cận.**

**Lý do:**
*   Tình trạng nhiễm bệnh đã ở mức nặng (>35% diện tích lá), gây biến dạng và rụng lá. Việc can thiệp chậm trễ sẽ làm cây mất sức nghiêm trọng.
*   Dù thời tiết mưa lớn, nhưng do mức độ phá hoại đã quá cao, việc chỉ dựa vào thời tiết để tự khắc phục là không đủ. Bạn cần áp dụng các biện pháp quản lý dịch hại tổng hợp (IPM) được phê duyệt tại địa phương để kiểm soát quần thể rầy còn sót lại và bảo vệ các chồi non mới nhú.
*   Lưu ý: Do lượng mưa rất lớn trong 3 ngày tới, nếu có phun thuốc, cần tuân thủ nghiêm ngặt hướng dẫn về thời gian cách ly và khả năng rửa trôi của thuốc (nếu có sử dụng). Tuy nhiên, với mức độ nặng này, **khuyến nghị mạnh mẽ nên liên hệ cán bộ kỹ thuật/bảo vệ thực vật địa phương** để được hướng dẫn cụ thể về loại thuốc và thời điểm phun phù hợp nhất với điều kiện mưa lớn này, tránh lãng phí hoặc gây hại cho cây.

### 4. Quản lý
*   **Xử lý trọng điểm:** Tập trung xử lý những cây bị nhiễm nặng nhất và các cây xung quanh để ngăn chặn sự lây lan sang các khu vực khác trong vườn.
*   **Áp dụng IPM:** Sử dụng các biện pháp quản lý dịch hại tổng hợp. Không tự ý mua thuốc bừa bãi. Hãy tham khảo ý kiến từ cán bộ khuyến nông hoặc trạm bảo vệ thực vật địa phương để chọn giải pháp phù hợp với quy định và điều kiện thực tế.
*   **Hỗ trợ kỹ thuật:** Vì mức độ nhiễm bệnh nặng, việc tự xử lý có thể không hiệu quả. Hãy tìm sự hỗ trợ từ chuyên gia địa phương để có phác đồ điều trị chính xác.

### 5. Phòng ngừa
*   **Giám sát định kỳ:** Tăng cường kiểm tra vườn, đặc biệt là trong giai đoạn cây ra đọt non, vì đây là thời điểm rầy nâu hoạt động mạnh nhất.
*   **Quản lý vườn trồng:** Duy trì vườn thông thoáng, cắt tỉa cành lá khô héo hoặc bị bệnh để giảm nơi trú ẩn của sâu hại và hạn chế độ ẩm cục bộ quá cao.
*   **Ghi chép:** Đánh dấu hoặc ghi nhận vị trí các cây bị hại để dễ dàng theo dõi hiệu quả xử lý và tái kiểm tra sau này.

### 6. Theo dõi
Sau khi thực hiện các biện pháp xử lý, bạn cần theo dõi sát sao các dấu hiệu sau:
*   Kiểm tra kỹ **mặt dưới lá** và **chồi non** để phát hiện sự xuất hiện của rầy hoặc ấu trùng.
*   Quan sát xem lá non có còn bị xoăn, cong, biến dạng hay xuất hiện đốm vàng mới không.
*   Theo dõi hiện tượng rụng lá non bất thường.
*   Tìm kiếm các chất trắng dạng sáp (waxy) do ",True,False,False,False,True,False,"Chào bạn, với tư cách là chuyên gia tư vấn kỹ thuật cây trồng, tôi xin đưa ra phương án xử lý khẩn cấp cho tình huống **sâu rầy nhảy (Allocaridara sp.)** tấn công lá sầu riêng ở mức độ **nặng (>35% diện tích lá bị tổn thương)**.

Đây là mức độ nguy hiểm vì khi hơn 1/3 diện tích lá bị mất, khả năng quang hợp của cây suy giảm mạnh, ảnh hưởng trực tiếp đến sinh trưởng, đậu quả và năng suất vụ sau. Dưới đây là khuyến nghị chi tiết:

### 1. Nguyên nhân và Đặc điểm bệnh

*   **Tên khoa học:** *Allocaridara* sp. (thuộc họ Pyralidae).
*   **Đặc điểm gây hại:**
    *   Sâu non có màu xanh lá cây hoặc nâu nhạt, kích thước nhỏ (khoảng 1-2 cm khi trưởng thành).
    *   Chúng thường ẩn náu dưới mặt lá hoặc trong các búi lá non.
    *   **Cách gây hại:** Sâu nhai lá tạo thành các lỗ thủng không đều, đôi khi ăn trụi chỉ còn lại gân lá. Chúng có khả năng nhảy mạnh khi bị động chạm (giống châu chấu nhỏ), nên rất khó bắt bằng tay.
    *   **Thời điểm hoạt động:** Hoạt động mạnh vào ban đêm và sáng sớm, ban ngày thường ẩn náu sâu trong tán lá.
*   **Nguyên nhân bùng phát:**
    *   Vườn cây thiếu cân đối dinh dưỡng (thừa đạm, thiếu lân/kali/canxi).
    *   Tán cây quá dày, ẩm ướt, thiếu ánh sáng xuyên xuống tầng dưới.
    *   Thiếu thiên địch tự nhiên do phun thuốc hóa học bừa bãi trước đó.
    *   Thời tiết nắng nóng, khô hạn hoặc sau những trận mưa lớn tạo độ ẩm cao thuận lợi cho sâu sinh sản.

### 2. Biện pháp quản lý vườn (Vật lý & Sinh học)

Do mức độ nhiễm nặng, các biện pháp này cần thực hiện **đồng bộ** với phun thuốc để giảm mật độ sâu nhanh chóng:

*   **Tỉa cành, tạo tán:**
    *   Tỉa bỏ các cành sâu bệnh, cành tăm, cành vượt để thông thoáng tán cây.
    *   Cắt bỏ các búi lá non bị sâu tập trung nhiều nhất, thu gom và tiêu hủy (đốt hoặc chôn vùi) ngay lập tức để giảm nguồn sâu.
*   **Vệ sinh vườn:**
    *   Dọn sạch cỏ dại xung quanh gốc và dưới tán cây, vì đây là nơi trú ẩn của sâu trưởng thành.
    *   Bón vôi bột (CaO) quanh gốc cây (nếu đất chua) để diệt ấu trùng và trứng nằm trong đất/lá rụng.
*   **Sử dụng bẫy:**
    *   Treo **bẫy đèn** (đèn LED hoặc đèn thủy ngân) vào buổi tối để bắt sâu trưởng thành bay về ánh sáng.
    *   Treo **bẫy dính màu xanh** (sticky trap) trong tán cây để bắt sâu trưởng thành và giảm mật độ giao phối.

### 3. Có cần phun thuốc hay không và phun gì?

**CÓ, BẮT BUỘC PHẢI PHUN THUỐC.**
Với mức độ >35% lá bị tổn thương, biện pháp thủ công và sinh học không đủ nhanh để cứu cây. Cần phun thuốc hóa học có hiệu lực cao, tác động nhanh.

#### Nguyên tắc phun:
*   **Thời điểm:** Phun vào **buổi chiều mát** (sau 4 giờ chiều) hoặc **sáng sớm** (trước 8 giờ), vì sâu hoạt động mạnh lúc này và ít bị nắng làm bay hơi thuốc.
*   **Cách phun:** Phun kỹ cả mặt trên và **đặc biệt là mặt dưới lá**, nơi sâu ẩn náu. Sử dụng vòi phun có áp lực cao để thuốc thấm sâu vào tán.
*   **Xoay vòng thuốc:** Không dùng cùng một hoạt chất liên tục để tránh kháng thuốc.

#### Khuyến nghị thuốc hóa học (Chọn 1 trong các nhóm sau):

**Nhóm 1: Thuốc sinh học/công nghệ cao (Ưu tiên nếu gần thu hoạch hoặc muốn an toàn sinh thái)**
*   **Hoạt chất:** *Emamectin benzoate* (ví dụ: Applaud, Proclaim) hoặc *Chlorantraniliprole* (ví dụ: Altacor, Coragen).
*   **Ưu điểm:** Hiệu lực cao, ít độc với người và thiên địch, thời gian cách ly ngắn.
*   **Liều lượng:** Theo hướng dẫn trên bao bì.

**Nhóm 2: Thuốc hóa học",True,True,False,False,True,True
allocaridara_attack_severity_3__WS_PSYLLID_WARM_CONDITIONS,allocaridara_attack,3,WS_PSYLLID_WARM_CONDITIONS,"Chào bạn, với tư cách là chuyên gia tư vấn bệnh cây trồng, tôi xin đưa ra bản chẩn đoán và khuyến nghị xử lý dựa trên dữ liệu hiện tại như sau:

### 1. Tóm tắt tình trạng bệnh
Cây sầu riêng của bạn đang bị nhiễm **rầy nâu sầu riêng (Durian psyllid)**, tên khoa học là *Allocarsidara malayensis*.
*   **Mức độ nghiêm trọng:** Mức 3 (Nặng).
*   **Diện tích tổn thương:** Hơn 35% bề mặt lá bị ảnh hưởng.
*   **Triệu chứng nhận biết:** Lá non xuất hiện đốm vàng hoặc bạc màu, lá bị xoăn, cong và biến dạng. Bạn có thể quan sát thấy các chất trắng dạng sáp (waxy) do ấu trùng rầy để lại trên mặt dưới lá. Nếu không xử lý kịp thời, cây sẽ rụng lá sớm và sinh trưởng kém.

### 2. Tóm tắt thời tiết sắp tới
*   **Dự báo:** Thời tiết đêm ấm sẽ kéo dài trong 3 ngày tới.
*   **Tác động:** Điều kiện đêm ấm là môi trường cực kỳ thuận lợi cho quần thể rầy nâu sầu riêng (*durian psyllid*) sinh sản và phát triển mạnh, đặc biệt khi cây đang trong giai đoạn ra đọt non. Mức rủi ro bùng phát dịch hại đang ở mức **tăng cao (increased)**.

### 3. Việc cần làm ngay
**Hành động:** Cần tiến hành kiểm tra thực địa ngay lập tức, tập trung vào các cây bị nhiễm nặng và các đọt non lân cận.

**Lý do:** Do dự báo **đêm ấm kéo dài trong 3 ngày tới**, đây là điều kiện lý tưởng khiến mật số rầy nâu tăng nhanh chóng. Vì cây đang ở mức nhiễm nặng (Severity 3) với hơn 35% diện tích lá bị tổn thương, nếu không can thiệp kịp thời trong giai đoạn thời tiết thuận lợi này, tình trạng xoăn lá, rụng lá non và suy yếu cây trồng sẽ diễn ra nhanh hơn và lan rộng sang các cây khác.

### 4. Quản lý
*   **Ưu tiên xử lý:** Tập trung xử lý ngay các cây bị nhiễm nặng và các chồi non xung quanh khu vực bị ảnh hưởng để ngăn chặn sự lây lan.
*   **Phương pháp:** Áp dụng các biện pháp quản lý dịch hại tổng hợp (IPM) và sử dụng các biện pháp/phương thuốc được phê duyệt tại địa phương.
*   **Hỗ trợ chuyên môn:** Do mức độ nhiễm nặng và điều kiện thời tiết thuận lợi cho sâu hại, bạn nên tham khảo ý kiến trực tiếp từ cán bộ bảo vệ thực vật hoặc cán bộ khuyến nông địa phương để có phác đồ xử lý phù hợp nhất với quy định và tình hình thực tế tại vùng trồng.

### 5. Phòng ngừa
*   **Giám sát:** Theo dõi thường xuyên vườn cây, đặc biệt trong giai đoạn cây ra đọt non.
*   **Ghi nhận:** Đánh dấu và ghi nhận các cây bị hại để dễ dàng tái kiểm tra và đánh giá hiệu quả xử lý.
*   **Quản lý vườn:** Duy trì vườn cây thông thoáng, cắt tỉa cành lá quá dày để hạn chế môi trường ẩm ướt và ngăn chặn sự bùng phát mật số sâu hại.

### 6. Theo dõi
Trong những ngày tới, hãy kiểm tra kỹ lưỡng các vị trí sau:
*   Mặt dưới của lá và các chồi non.
*   Dấu hiệu lá xoăn, cong, biến dạng.
*   Các đốm vàng hoặc bạc màu trên lá non.
*   Hiện tượng rụng lá non bất thường.
*   Sự xuất hiện của các chất trắng/dạng sáp (waxy) do ấu trùng rầy để lại.

### 7. Cảnh báo
Tình trạng nhiễm bệnh ở mức nặng (Severity 3) đòi hỏi sự can thiệp có hướng dẫn chuyên môn. Việc tự ý xử lý không đúng cách có thể không hiệu quả hoặc gây hại cho cây. Hãy liên hệ với cán bộ kỹ thuật địa phương để được hỗ trợ cụ thể.

---

### Nguồn tham khảo
*   [S8] CABI Digital Library: Allocarsidara malayensis / durian psyllid — https://www.cabidigitallibrary.org/doi/pdf/10.5555/20073012690
*   [S9] IJAT article on management of Allocarsidara malayensis — https://www.ijat-aatsea.com/pdf/v20_n4_2024_July/30_IJAT_20%284%29_2024_Wiangsamut%2C%20B.--1640.pdf
*",True,False,False,False,False,False,"Chào bạn, với tư cách là chuyên gia tư vấn kỹ thuật cây trồng, tôi xin đưa ra phác đồ xử lý chi tiết cho tình huống **sâu nhảy (Allocaridara sp.)** gây hại nặng trên vườn sầu riêng của bạn.

Mức độ tổn thương >35% diện tích lá được xem là **nguy cấp**. Nếu không xử lý kịp thời, cây sẽ suy yếu nhanh chóng, giảm khả năng quang hợp, ảnh hưởng trực tiếp đến năng suất vụ sau và dễ bị các loại nấm bệnh (như thán thư, bồ hóng) tấn công thứ cấp.

Dưới đây là khuyến nghị xử lý:

### 1. Nguyên nhân và Đặc điểm gây hại

*   **Tên khoa học:** *Allocaridara* sp. (thuộc họ Pyralidae).
*   **Đặc điểm nhận dạng:**
    *   **Sâu non:** Có màu xanh lá cây hoặc xanh vàng, thân tròn, dài khoảng 1-1.5 cm khi trưởng thành. Chúng thường ẩn náu trong các khe lá, dưới mặt lá hoặc cuộn lá lại để ăn.
    *   **Biểu hiện gây hại:** Sâu non ăn thịt lá, để lại chỉ còn gân lá. Khi bị động, chúng có phản ứng nhảy rất nhanh để trốn thoát (đây là đặc điểm nhận dạng chính).
    *   **Mùa vụ:** Thường bùng phát mạnh vào mùa mưa hoặc giai đoạn cây ra lá non, vì lá non mềm, dễ ăn và môi trường ẩm ướt thuận lợi cho sự phát triển của trứng và sâu non.
*   **Nguyên nhân bùng phát nặng:**
    *   Vườn cây thiếu ánh sáng, rậm rạp, ẩm ướt.
    *   Thiếu thiên địch (do phun thuốc diệt trừ quá mức trước đó).
    *   Giai đoạn cây ra lá non đồng loạt.

### 2. Biện pháp quản lý vườn (Vật lý & Sinh học)

Trước khi phun thuốc, cần áp dụng các biện pháp hỗ trợ để giảm mật độ sâu và tăng hiệu quả xử lý:

*   **Cắt tỉa và vệ sinh vườn:**
    *   Tỉa bỏ các cành lá bị sâu ăn nhiều, lá già, lá bệnh. Đem ra khỏi vườn và tiêu hủy (đốt hoặc chôn vùi) để giảm nguồn sâu.
    *   Làm cỏ, thông thoáng tán cây để ánh sáng chiếu sâu vào trong, giảm độ ẩm – môi trường bất lợi cho sâu phát triển.
*   **Thu gom thủ công (nếu diện tích nhỏ hoặc cục bộ):**
    *   Dùng vợt hoặc tay bắt sâu vào buổi sáng sớm hoặc chiều mát khi sâu ít hoạt động.
    *   Đặt bẫy dính màu xanh lá cây (vì sâu có màu xanh) ở những khu vực bị hại nặng để giám sát và bắt bọ trưởng thành.
*   **Bảo vệ thiên địch:**
    *   Hạn chế phun thuốc hóa học có phổ tác dụng rộng (diệt cả côn trùng có ích).
    *   Khuyến khích sự hiện diện của chim, nhện, bọ rùa trong vườn.

### 3. Khuyến nghị phun thuốc hóa học (Bắt buộc)

**Có cần phun thuốc không?**
**CÓ.** Với mức độ tổn thương >35%, biện pháp sinh học và thủ công không đủ sức kiểm soát. Bạn **bắt buộc** phải phun thuốc hóa học để dập tắt ổ dịch nhanh chóng, tránh lây lan sang các cây lân cận.

**Lựa chọn thuốc và cách phun:**

Do sâu nhảy có khả năng kháng thuốc và ẩn náu tốt, bạn cần tuân thủ nguyên tắc: **Xoay vòng nhóm hoạt chất** và **Phun kỹ vào mặt dưới lá**.

#### Nhóm 1: Thuốc tiếp xúc + vị độc (Khuyên dùng cho đợt đầu)
*   **Hoạt chất:** **Emamectin benzoate** (3.2% WG) hoặc **Chlorantraniliprole** (20% WG).
    *   *Ưu điểm:* Hiệu lực cao, ít độc với thiên địch, tác dụng nhanh, sâu chết ngay khi ăn hoặc tiếp xúc.
    *   *Liều lượng:* Theo hướng dẫn trên bao bì (thường 10-15g/bình 16 lít nước).

#### Nhóm 2: Thuốc nội hấp + tiếp xúc (Nếu sâu đã kháng nhóm trên)
*   **Hoạt chất:** **Indoxacarb** (15% WG) hoặc **Lufenuron** (5% WP).
    *   *Ưu điểm:* Ngăn chặn quá trình lột xác của sâu, hiệu quả lâu dài.
    *   *Lưu ý:* Tác dụng chậm hơn (sâu chết sau 2-3 ngày), nên phun khi mật độ sâu còn ở mức trung bình hoặc kết hợp với",True,True,False,False,True,True
allocaridara_attack_severity_3__WS_DRY_HOT_WATER_STRESS,allocaridara_attack,3,WS_DRY_HOT_WATER_STRESS,"Chào bạn, tôi là chuyên gia tư vấn bệnh cây trồng. Dựa trên thông tin chẩn đoán và dự báo thời tiết bạn cung cấp, dưới đây là lời khuyên chi tiết cho vườn sầu riêng của bạn:

### 1. Tóm tắt tình trạng bệnh
Cây sầu riêng của bạn đang bị nhiễm **Rầy nâu sầu riêng (Durian psyllid - *Allocarsidara malayensis*)** ở mức độ **Nặng (Severity 3)**.
*   **Mức độ tổn thương:** Hơn 35% diện tích bề mặt lá bị ảnh hưởng.
*   **Triệu chứng nhận biết:** Lá non xuất hiện đốm vàng hoặc bạc màu, lá bị xoăn, cong, biến dạng. Bạn có thể thấy các chất trắng sáp (waxy) do ấu trùng để lại trên mặt dưới lá hoặc đọt non.
*   **Hậu quả:** Nếu không xử lý, cây sẽ rụng lá sớm, sinh trưởng kém và suy yếu.

### 2. Tóm tắt thời tiết sắp tới
*   **Dự báo:** Nắng nóng kéo dài trong 3 ngày tới.
*   **Rủi ro:** Nắng nóng không trực tiếp gây ra bệnh rầy nâu, nhưng sẽ khiến cây bị **stress nước (thiếu nước)**. Cây bị suy yếu do thiếu nước sẽ dễ mẫn cảm hơn với sâu bệnh và khó phục hồi hơn.

### 3. Việc cần làm ngay
Do bệnh đã ở mức nặng (hơn 35% lá bị hại) và thời tiết nắng nóng đang làm cây suy yếu, bạn cần thực hiện các bước sau:

*   **Kiểm tra thực địa ngay:** Xác định chính xác các cây bị nặng và các đọt non lân cận. Việc này cần thiết vì nhiễm nặng có thể dẫn đến rụng lá sớm và làm cây còi cọc.
*   **Đảm bảo tưới nước đầy đủ và đều:** Vì dự báo nắng nóng kéo dài, bạn phải tránh để cây thiếu nước. Tưới đủ nước giúp giảm stress cho cây, giúp cây có sức đề kháng tốt hơn trước sự tấn công của rầy nâu.
*   **Liên hệ cán bộ kỹ thuật:** Do mức độ nhiễm bệnh nặng, bạn nên liên hệ với cán bộ khuyến nông hoặc bảo vệ thực vật địa phương để được hướng dẫn cụ thể về các biện pháp xử lý phù hợp với quy định tại địa phương.

### 4. Quản lý
*   **Ưu tiên xử lý:** Tập trung xử lý các cây bị nhiễm nặng và các đọt non xung quanh trước để ngăn chặn sự lây lan.
*   **Áp dụng quản lý dịch hại tổng hợp (IPM):** Sử dụng các biện pháp được phê duyệt tại địa phương. Không tự ý sử dụng thuốc bừa bãi mà cần tham khảo ý kiến chuyên môn.
*   **Tham khảo chuyên gia:** Hãy hỏi ý kiến cán bộ bảo vệ thực vật hoặc khuyến nông để có phác đồ điều trị an toàn và hiệu quả.

### 5. Phòng ngừa
*   **Giữ vườn thông thoáng:** Cắt tỉa cành lá để vườn thông thoáng, hạn chế điều kiện ẩm ướt cục bộ và giúp kiểm soát mật số sâu hại.
*   **Theo dõi giai đoạn ra đọt non:** Đây là giai đoạn cây dễ bị rầy nâu tấn công nhất. Cần đặc biệt chú ý quan sát trong thời điểm này.
*   **Ghi nhận và tái kiểm tra:** Ghi lại vị trí các cây bị hại để theo dõi tiến triển và tái kiểm tra sau khi xử lý.

### 6. Theo dõi
*   **Vị trí quan sát:** Kiểm tra kỹ **mặt dưới lá** và **chồi non**.
*   **Dấu hiệu cần lưu ý:**
    *   Lá non bị xoăn, cong.
    *   Xuất hiện đốm vàng hoặc bạc màu.
    *   Có chất trắng sáp (waxy) trên lá.
    *   Lá non bị rụng sớm.

### 7. Cảnh báo
Mức độ nhiễm bệnh hiện tại là **nặng**, đòi hỏi sự can thiệp có hướng dẫn chuyên môn. Việc tự ý xử lý sai cách có thể làm tình trạng bệnh trầm trọng hơn hoặc gây hại cho cây do stress thời tiết.

---
**Nguồn tham khảo:**
• [S8] CABI Digital Library: Allocarsidara malayensis / durian psyllid — https://www.cabidigitallibrary.org/doi/pdf/10.5555/20073012690
• [S9] IJAT article on management of Allocarsidara malayensis — https://www.ijat-aatsea.com/pdf/v20_n4_2024_July/30_IJAT_20%284%29_2024_Wiangsamut%2",True,False,False,False,False,False,"Chào bạn, với tư cách là chuyên gia tư vấn bệnh cây trồng, tôi nhận thấy tình huống bạn mô tả là **rất nghiêm trọng**. Mức độ tổn thương lá >35% do ""sâu/rầy nhảy"" (thường là rầy nhảy *Allocaridara* spp. hoặc rầy xanh mềm) sẽ gây suy kiệt nhanh chóng cho cây sầu riêng, làm giảm khả năng quang hợp, ảnh hưởng trực tiếp đến năng suất vụ sau và làm cây dễ nhiễm các bệnh nấm tiếp theo (như thán thư, đốm nâu).

Dưới đây là khuyến nghị xử lý chi tiết và khẩn cấp:

---

### 1. Nguyên nhân và Đặc điểm bệnh

*   **Tác nhân gây hại:** Chủ yếu là **Rầy nhảy** (nhóm *Allocaridara* spp., thường gặp là *Allocaridara malayensis*) hoặc **Rầy xanh mềm**. Đây là loại côn trùng nhỏ, màu xanh lá cây hoặc nâu, có chân sau dài, khả năng nhảy rất nhanh khi bị động chạm.
*   **Đặc điểm gây hại:**
    *   Chúng chích hút dịch bào từ mặt dưới lá non, lá bánh tẻ và cả lá già.
    *   Lá bị hại sẽ xuất hiện các chấm vàng li ti, sau đó lan rộng thành mảng vàng, lá bị xoăn, cong queo, khô cháy và rụng sớm.
    *   Khi mật độ cao (>35% diện tích lá bị hại), cây bị suy yếu nghiêm trọng, chồi non không phát triển được, trái non dễ bị rụng.
*   **Nguyên nhân bùng phát:**
    *   Thời tiết nắng nóng, khô hạn hoặc độ ẩm thấp (rầy nhảy phát triển mạnh trong điều kiện này).
    *   Vườn cây thiếu cân đối dinh dưỡng, đặc biệt là thiếu Kali và Canxi làm lá mỏng, dễ bị chích hút.
    *   Tán cây quá dày, thông thoáng kém tạo môi trường thuận lợi cho rầy sinh sản.
    *   Sử dụng thuốc trừ sâu phổ rộng liên tục dẫn đến hiện tượng kháng thuốc và mất cân bằng sinh thái (tiêu diệt thiên địch).

---

### 2. Biện pháp quản lý vườn (Vật lý & Sinh học)

Trước khi phun thuốc, cần thực hiện ngay các biện pháp hỗ trợ để giảm mật độ sâu bệnh và tăng sức đề kháng cho cây:

*   **Tỉa cành tạo tán:** Cắt bỏ các cành khô, cành bệnh, cành nằm sâu trong tán để tăng độ thông thoáng, giảm nơi trú ẩn của rầy.
*   **Vệ sinh vườn:** Thu gom và tiêu hủy (đốt hoặc chôn vùi) các lá rụng, cành gãy có chứa trứng hoặc rầy.
*   **Bón phân cân đối:**
    *   Tạm ngưng bón phân đạm (N) cao vì sẽ làm lá non mọng nước, thu hút rầy.
    *   Tăng cường bón **Kali (K)** và **Canxi (Ca)** để làm dày thành tế bào lá, giúp lá cứng hơn, khó bị chích hút.
    *   Bón thêm phân hữu cơ vi sinh để cải tạo đất, tăng sức đề kháng tổng thể cho cây.
*   **Tưới nước hợp lý:** Đảm bảo cây không bị stress nước nhưng tránh tưới ướt lá vào buổi chiều tối (tạo độ ẩm cao cho nấm bệnh đi kèm).

---

### 3. Có cần phun thuốc hay không? Phun gì?

**=> CẦN PHUN THUỐC NGAY LẬP TỨC.**
Với mức độ tổn thương >35%, đây là ngưỡng gây hại kinh tế nghiêm trọng. Nếu không can thiệp bằng hóa chất, cây sẽ mất lá hàng loạt, ảnh hưởng đến sinh trưởng và năng suất.

#### **Lựa chọn thuốc trừ sâu:**

Do rầy nhảy có khả năng kháng thuốc cao và thường ẩn mình ở mặt dưới lá, bạn cần tuân thủ nguyên tắc: **Xoay vòng nhóm thuốc + Phun kỹ mặt dưới lá.**

**Gợi ý các hoạt chất hiệu quả (chọn 1 trong các nhóm sau, không dùng liên tục 2 lần liền):**

| Nhóm thuốc | Hoạt chất cụ thể | Ghi chú |
|------------|------------------|---------|
| **Nhóm Pyrethroid tổng hợp** | Lambda-cyhalothrin, Beta-cyfluthrin, Deltamethrin | Tác dụng nhanh, đánh bay rầy nhanh. Dùng khi mật độ rất cao. |
| **Nhóm Neonicotinoid** | Imidacloprid, Thiamethoxam, Acetamiprid | Tác dụng hệ thống (thấm vào lá), hiệu quả lâu dài. **Lưu ý:** Không phun khi cây đang ra hoa rộ để bảo vệ ong. |",True,True,False,False,True,True
blight_severity_1__WS_NORMAL,blight,1,WS_NORMAL,"Chào bạn, dựa trên thông tin chẩn đoán và dữ liệu hiện có, tôi xin tư vấn cụ thể về tình trạng bệnh trên vườn sầu riêng của bạn như sau:

### 1. Tóm tắt tình trạng bệnh
Cây sầu riêng của bạn đang mắc bệnh **Cháy lá (Leaf blight)**, do nấm *Rhizoctonia solani* hoặc các loài *Rhizoctonia* khác gây ra.
*   **Mức độ:** Nhẹ (Severity 1).
*   **Biểu hiện:** Diện tích lá bị tổn thương chiếm dưới 10%. Bạn sẽ thấy các vết cháy màu nâu nhạt hoặc nâu trên lá, mép vết bệnh không đều và có xu hướng lan rộng. Trong điều kiện ẩm ướt, có thể quan sát thấy sợi nấm hoặc mô lá bị dính/cháy.

### 2. Tóm tắt thời tiết sắp tới
Hiện tại, thời tiết khu vực vườn của bạn ở trạng thái **bình thường**, không có các yếu tố đặc biệt (như mưa lớn kéo dài hay độ ẩm cực cao bất thường) làm tăng nguy cơ bùng phát bệnh ngay lúc này. Mức rủi ro thời tiết được đánh giá là ở mức an toàn (normal).

### 3. Việc cần làm ngay
Do thời tiết hiện tại ổn định và bệnh mới ở mức nhẹ, bạn không cần phải phun thuốc hóa học mạnh ngay lập tức. Tuy nhiên, bạn cần thực hiện các hành động sau để ngăn chặn sự lây lan:
*   **Kiểm tra kỹ vết bệnh:** Quan sát sát các vết cháy nâu nhạt, đặc biệt chú ý sau những cơn mưa hoặc khi vườn có độ ẩm cao.
*   **Loại bỏ nguồn bệnh:** Nếu thấy vết bệnh có dấu hiệu mở rộng, hãy cắt bỏ và thu gom các lá bị bệnh này ra khỏi vườn để tránh nấm lây lan sang các lá khỏe.

### 4. Quản lý
Để kiểm soát bệnh hiệu quả trong giai đoạn này, bạn cần tập trung vào việc thay đổi môi trường vi khí hậu trong tán cây:
*   **Cải thiện thoát nước:** Đảm bảo vườn không bị úng nước, vì nấm *Rhizoctonia* phát triển mạnh trong điều kiện đất ẩm ướt và thoát nước kém.
*   **Giảm độ ẩm trong tán:** Tạo sự thông thoáng để giảm độ ẩm kéo dài bên trong tán cây, giúp lá khô nhanh hơn sau mưa.

### 5. Phòng ngừa
Các biện pháp phòng ngừa lâu dài giúp giảm thiểu nguy cơ tái phát:
*   **Duy trì hệ thống thoát nước tốt:** Luôn đảm bảo vườn luôn khô ráo, không đọng nước.
*   **Tỉa tán hợp lý:** Cắt bỏ các cành lá rậm rạp để tăng độ thông thoáng, giảm nơi trú ẩn của nấm.
*   **Vệ sinh vườn:** Thu gom và tiêu hủy lá, cành bệnh; hạn chế nguồn lây lan trong vườn, đặc biệt chú ý với vườn ươm hoặc cây non vì chúng rất nhạy cảm với bệnh này.

### 6. Theo dõi
*   **Sau mỗi trận mưa:** Hãy ra vườn kiểm tra kỹ tình trạng lá.
*   **Quan sát chi tiết:** Chú ý xem vết cháy có lan rộng hơn không và có xuất hiện sợi nấm trong điều kiện ẩm ướt hay không. Đây là dấu hiệu cho thấy bệnh đang tiến triển.

### 7. Cảnh báo
Mặc dù hiện tại bệnh ở mức nhẹ, nhưng bệnh cháy lá do *Rhizoctonia* có khả năng **lan rất nhanh trong mùa mưa**. Do đó, việc theo dõi sát sao là rất cần thiết. Nếu bệnh tiến triển nặng hơn hoặc bạn không tự xử lý được, hãy liên hệ ngay với cán bộ kỹ thuật địa phương để được hỗ trợ cụ thể.

---
**Nguồn tham khảo:**
• [S12] PubMed: First report of leaf blight caused by Rhizoctonia solani on durian in Vietnam — https://pubmed.ncbi.nlm.nih.gov/30769621/
• [S13] SPC HCMC: Prevention of leaf blight disease — https://www.spchcmc.vn/EN/Plant-doctor-Detail/Prevention-Of-Leaf-Blight-Disease-5-8401.html
• [S14] Sataka: Durian leaf blight — https://sataka.com.vn/en/durian-leaf-blight/
• [S15] FAO AGRIS: Control of leaf blight of durian caused by Rhizoctonia solani — https://agris.fao.org/search/en/providers/122430/records/64723e3c53aa8c89630318af",True,False,False,False,True,False,"Chào bạn, với tư cách là chuyên gia tư vấn kỹ thuật cây trồng, tôi xin đưa ra khuyến nghị xử lý cho tình huống **bệnh thối lá sầu riêng ở mức độ nhẹ (<10% diện tích)**.

Ở mức độ này, bệnh mới chỉ khởi phát hoặc lây lan chậm. Mục tiêu chính là **ngăn chặn sự bùng phát** thay vì tiêu diệt toàn bộ, đồng thời hạn chế tối đa việc sử dụng hóa chất để bảo vệ hệ sinh thái vườn và chi phí.

---

### 1. Nguyên nhân & Đặc điểm bệnh

*   **Tác nhân gây bệnh:** Thường do nấm *Phytophthora palmivora* hoặc *Colletotrichum gloeosporioides*. Đây là những nấm ưa ẩm, phát triển mạnh trong điều kiện vườn cây có độ ẩm cao, thoát nước kém.
*   **Triệu chứng điển hình:**
    *   Lá non hoặc lá trưởng thành xuất hiện các đốm nâu đen, nhỏ, sau đó lan rộng thành mảng thối mềm.
    *   Viền quanh vết bệnh thường có màu vàng nhạt (vành quầng).
    *   Lá bị bệnh dễ rụng sớm, gây hiện tượng ""trụi lá"" cục bộ.
    *   Bệnh thường bắt đầu từ những lá dưới tán hoặc lá bị tổn thương cơ học (do gió, côn trùng).

### 2. Biện pháp quản lý vườn (Ưu tiên hàng đầu)

Vì bệnh còn nhẹ, các biện pháp canh tác là chìa khóa để kiểm soát:

*   **Cắt tỉa thông thoáng:**
    *   Tỉa bỏ ngay những lá bị bệnh, cành khô, cành tăm, cành vượt nằm sâu trong tán.
    *   Mục tiêu: Tăng cường ánh sáng và gió lưu thông trong tán cây, giúp lá khô nhanh sau mưa/sương.
    *   **Lưu ý:** Vứt bỏ lá/cành bệnh ra khỏi vườn và đốt hoặc chôn vùi sâu, không để lại dưới gốc.
*   **Quản lý nước:**
    *   Kiểm tra hệ thống thoát nước. Đảm bảo nước không đọng lại quanh gốc cây sau mưa.
    *   Tránh tưới nước lên tán lá vào buổi tối. Nên tưới gốc vào sáng sớm.
*   **Bón phân cân đối:**
    *   Tránh bón thừa đạm (N) vì làm cây sinh trưởng quá mạnh, lá non mềm yếu, dễ nhiễm bệnh.
    *   Tăng cường bón Kali (K) và Canxi (Ca) để tăng độ bền của thành tế bào lá, giúp cây kháng bệnh tốt hơn.
    *   Bổ sung phân hữu cơ vi sinh để cải tạo đất, tăng sức đề kháng tổng thể.

### 3. Có cần phun thuốc hay không?

**Câu trả lời: Có thể chưa cần phun thuốc hóa học mạnh, nhưng nên phun phòng ngừa hoặc dùng chế phẩm sinh học.**

*   **Tại sao?** Ở mức <10%, việc phun thuốc hóa học ngay lập tức có thể gây lãng phí, tạo áp lực chọn lọc kháng thuốc cho nấm, và ảnh hưởng đến thiên địch có lợi.
*   **Khuyến nghị xử lý:**
    1.  **Ưu tiên 1: Chế phẩm sinh học (An toàn, bền vững)**
        *   Phun các chế phẩm chứa nấm đối kháng như *Trichoderma*, *Bacillus subtilis*, hoặc *Streptomyces*.
        *   Hoặc dùng các loại thuốc gốc đồng nhẹ (như Copper Hydroxide, Mancozeb) nếu dự báo thời tiết nhiều mưa ẩm.
        *   Liều lượng: Theo hướng dẫn trên bao bì, phun ướt đều cả mặt trên và mặt dưới lá.
    2.  **Ưu tiên 2: Thuốc hóa học (Chỉ dùng nếu bệnh có dấu hiệu lan nhanh)**
        *   Nếu sau 7-10 ngày áp dụng biện pháp cơ giới và sinh học mà bệnh vẫn lan >15%, thì mới chuyển sang thuốc hóa học.
        *   Nhóm thuốc gợi ý: Aliette (Fosetyl-Al), Mancozeb, hoặc các hoạt chất như Propineb, Mancozeb + Zineb.
        *   **Lưu ý:** Luân phiên hoạt chất để tránh kháng thuốc. Tuân thủ thời gian cách ly.

### 4. Phòng ngừa và theo dõi

*   **Theo dõi định kỳ:**
    *   Kiểm tra vườn 1 lần/tuần, đặc biệt sau những trận mưa lớn hoặc thời tiết ẩm ướt.
    *   Tập trung quan sát các cây có tán rậm, cây gần nguồn nước, hoặc cây vừa được bón nhiều đạm.
*   **Phòng ngừa chủ động:**
    *   Duy trì vệ sinh vườn sạch sẽ, không để cỏ dại quá cao (cỏ là nơi ẩn náu của nấm bệnh).
    *  ",True,True,False,False,True,True
blight_severity_1__WS_RAIN_SPORE_DISPERSAL,blight,1,WS_RAIN_SPORE_DISPERSAL,"Chào bạn, tôi là chuyên gia tư vấn bệnh cây trồng. Dựa trên thông tin chẩn đoán và dữ liệu thời tiết hiện tại, dưới đây là tư vấn chi tiết cho vườn sầu riêng của bạn:

### 1. Tóm tắt tình trạng bệnh
Cây sầu riêng của bạn đang mắc bệnh **Cháy lá (Leaf blight)**, do nấm *Rhizoctonia solani* hoặc các loài *Rhizoctonia sp.* gây ra.
*   **Mức độ:** Nhẹ (Severity 1), với diện tích lá bị tổn thương dưới 10%.
*   **Triệu chứng:** Xuất hiện các vết cháy màu nâu nhạt hoặc nâu trên lá, mép vết bệnh không đều và có xu hướng lan rộng. Trong điều kiện ẩm ướt, bạn có thể quan sát thấy sợi nấm hoặc mô lá bị dính/cháy. Nếu không kiểm soát, bệnh có thể làm khô nhiều phần lá.

### 2. Tóm tắt thời tiết sắp tới
Dự báo thời tiết cho thấy sẽ có **mưa đáng kể trong 3 ngày tới**. Đây là yếu tố làm tăng mức rủi ro bệnh phát triển, vì mưa giúp phát tán bào tử nấm và tạo điều kiện thuận lợi cho chúng nảy mầm, gây bệnh đốm lá/cháy lá.

### 3. Việc cần làm ngay
Do dự báo có mưa đáng kể trong vài ngày tới, tạo điều kiện lý tưởng cho nấm *Rhizoctonia* phát tán và nảy mầm, bạn cần thực hiện ngay các hành động sau:

*   **Kiểm tra lá sau mỗi đợt mưa:** Quan sát kỹ để phát hiện sớm các vết cháy nâu mới hoặc sự lan rộng của vết bệnh cũ.
*   **Không cắt tỉa hoặc di chuyển trong tán cây khi lá còn ướt:** Việc này sẽ vô tình làm lây lan bào tử nấm từ lá bệnh sang lá khỏe hoặc sang các cây khác.
*   **Đảm bảo vườn thoát nước tốt:** Tránh tình trạng đọng nước làm tăng độ ẩm kéo dài, vốn là điều kiện nguy cơ cao cho bệnh này.

### 4. Quản lý
*   **Cải thiện hệ thống thoát nước:** Đảm bảo nước mưa thoát nhanh, không đọng lại quanh gốc cây.
*   **Giảm độ ẩm trong tán cây:** Tạo sự thông thoáng để giảm thời gian lá bị ướt.
*   **Loại bỏ lá bệnh:** Nếu thấy vết bệnh có dấu hiệu mở rộng, hãy thu gom và tiêu hủy các lá bị bệnh để hạn chế nguồn lây nhiễm.

### 5. Phòng ngừa
*   **Duy trì thoát nước tốt:** Luôn giữ vườn khô ráo nhất có thể sau mưa.
*   **Tỉa tán hợp lý:** Cắt bỏ các cành nhánh rậm rạp để tăng độ thông thoáng, giảm độ ẩm tích tụ trong tán cây.
*   **Vệ sinh vườn:** Thu gom và xử lý lá, cành bệnh; hạn chế các nguồn lây lan bệnh trong vườn.

### 6. Theo dõi
*   **Theo dõi sát sao sau mỗi trận mưa.**
*   **Quan sát kỹ vết cháy:** Kiểm tra xem vết bệnh có lan rộng hơn không hoặc có xuất hiện sợi nấm trong điều kiện ẩm ướt hay không.

### 7. Cảnh báo
Mặc dù hiện tại bệnh ở mức nhẹ, nhưng bạn cần theo dõi chặt chẽ vì bệnh cháy lá (blight) có khả năng **lan nhanh trong mùa mưa**. Nếu tình trạng bệnh nặng lên hoặc không kiểm soát được bằng các biện pháp canh tác, hãy liên hệ với cán bộ kỹ thuật địa phương để được hỗ trợ xử lý chuyên sâu.

---

**Nguồn tham khảo:**
• [S12] PubMed: First report of leaf blight caused by Rhizoctonia solani on durian in Vietnam — https://pubmed.ncbi.nlm.nih.gov/30769621/
• [S13] SPC HCMC: Prevention of leaf blight disease — https://www.spchcmc.vn/EN/Plant-doctor-Detail/Prevention-Of-Leaf-Blight-Disease-5-8401.html
• [S14] Sataka: Durian leaf blight — https://sataka.com.vn/en/durian-leaf-blight/
• [S15] FAO AGRIS: Control of leaf blight of durian caused by Rhizoctonia solani — https://agris.fao.org/search/en/providers/122430/records/64723e3c53aa8c89630318af
• [S3] Clemson Extension: Algal Leaf Spot — https://hgic.clemson.edu/factsheet/algal-leaf-spot/
• [S7] Thep Watana: Durian disease - Algal spot — https://thepwatana.com/en/blog/durian-disease-algal-spot/
",False,False,False,False,False,False,"Chào bạn, với tư cách là chuyên gia tư vấn kỹ thuật cây trồng, tôi xin đưa ra khuyến nghị chi tiết cho tình huống **Bệnh thối lá (Leaf Blight)** trên cây sầu riêng với mức độ nhiễm bệnh nhẹ (<10% diện tích lá).

Ở mức độ này, bệnh chưa gây thiệt hại nghiêm trọng về năng suất, nhưng nếu không kiểm soát kịp thời, nó có thể bùng phát mạnh khi gặp điều kiện thời tiết thuận lợi (mưa nhiều, ẩm ướt). Do đó, chiến lược là **""Kiểm soát cục bộ + Tăng cường sức đề kháng + Giám sát chặt chẽ""**.

---

### 1. Nguyên nhân và Đặc điểm bệnh

*   **Tác nhân gây bệnh:** Thường do nấm *Phytophthora palmivora* hoặc *Colletotrichum gloeosporioides*. Đây là những nấm ưa ẩm, phát triển mạnh trong điều kiện vườn cây bị úng nước, thoát nước kém hoặc có độ ẩm không khí cao.
*   **Triệu chứng nhận biết:**
    *   Vết bệnh thường bắt đầu từ mép lá hoặc đầu lá, có màu nâu sẫm đến đen.
    *   Vết bệnh lan dần vào trong phiến lá, ranh giới giữa phần lá khỏe và phần bị bệnh thường không rõ ràng, có thể có quầng vàng bao quanh.
    *   Lá bị bệnh thường khô giòn, dễ rụng sớm (gây hiện tượng ""trụi lá"" cục bộ).
    *   Ở giai đoạn nhẹ (<10%), chỉ có một số ít lá non hoặc lá già ở tầng dưới cùng bị ảnh hưởng.

---

### 2. Biện pháp quản lý vườn (Canh tác)

Đây là biện pháp **quan trọng nhất** ở giai đoạn bệnh nhẹ, giúp cắt đứt nguồn lây lan và tạo môi trường bất lợi cho nấm phát triển.

*   **Vệ sinh vườn:**
    *   Thu gom và tiêu hủy (đốt hoặc chôn vùi sâu) tất cả các lá bệnh, lá rụng dưới gốc cây. Không để lá bệnh nằm lại trên mặt đất vì đây là nguồn nấm bệnh tái nhiễm khi có mưa hoặc gió.
    *   Cắt tỉa những cành lá bị bệnh nặng, cành tăm, cành sâu bệnh để vườn thông thoáng.
*   **Quản lý nước:**
    *   Kiểm tra hệ thống thoát nước: Đảm bảo vườn không bị úng nước, đặc biệt sau mưa. Nấm *Phytophthora* phát triển rất mạnh trong điều kiện đất ẩm ướt.
    *   Tưới nước vào buổi sáng sớm, tránh tưới vào chiều tối để lá nhanh khô, giảm độ ẩm bề mặt lá.
*   **Bón phân cân đối:**
    *   Tránh bón thừa đạm (N) vì làm cây sinh trưởng mạnh, lá non mềm yếu, dễ bị nấm tấn công.
    *   Tăng cường bón Kali (K) và Canxi (Ca) để tăng độ bền của thành tế bào lá, giúp lá cứng cáp, kháng bệnh tốt hơn.
    *   Bổ sung phân hữu cơ vi sinh để cải tạo đất, tăng hệ vi sinh vật đối kháng có lợi trong đất.

---

### 3. Có cần phun thuốc hay không? Phun gì?

**Câu trả lời: Có thể chưa cần phun thuốc hóa học mạnh ngay lập tức, nhưng nên phun thuốc sinh học hoặc thuốc phòng ngừa để kiểm soát.**

Vì mức độ bệnh <10%, ưu tiên sử dụng **thuốc sinh học** hoặc **thuốc gốc đồng** để tránh kháng thuốc và an toàn cho môi trường.

#### Phương án 1: Ưu tiên (Thuốc sinh học & Kích thích miễn dịch)
*   **Mục đích:** Tiêu diệt nấm ở mức độ nhẹ, tăng sức đề kháng cho cây.
*   **Thuốc đề xuất:**
    *   **Trichoderma spp.:** Phun trực tiếp lên lá và tạt gốc. Trichoderma là nấm đối kháng, cạnh tranh dinh dưỡng và tiết enzyme tiêu diệt nấm gây bệnh.
    *   **Bacillus subtilis:** Vi khuẩn đối kháng, an toàn, có thể phun kết hợp với phân bón lá.
    *   **Chitosan hoặc Beta-glucan:** Kích hoạt hệ thống phòng vệ tự nhiên của cây, giúp lá khỏe mạnh, khó bị nấm xâm nhập.
*   **Liều lượng & Tần suất:** Theo hướng dẫn trên bao bì. Phun 2–3 lần, cách nhau 7–10 ngày.

#### Phương án 2: Nếu bệnh có dấu hiệu lan rộng (tăng lên >10%) hoặc thời tiết mưa nhiều liên tục
*   **Mục đích:** Tiêu diệt nấm nhanh.
*   **Thuốc đề xuất:**
    *   **Thuốc gốc Đồng (Copper):** Như *Copper Hydroxide",True,True,False,False,True,True
blight_severity_1__WS_HIGH_HUMIDITY_FUNGAL,blight,1,WS_HIGH_HUMIDITY_FUNGAL,"Chào bạn, với vai trò là chuyên gia tư vấn bệnh cây trồng, tôi xin đưa ra đánh giá và hướng xử lý cho tình trạng bệnh trên vườn sầu riêng của bạn dựa trên dữ liệu chẩn đoán và dự báo thời tiết hiện tại.

### 1. Tóm tắt tình trạng bệnh
Cây sầu riêng của bạn đang mắc bệnh **Cháy lá (Leaf blight)**, do nấm *Rhizoctonia solani* hoặc các loài *Rhizoctonia sp.* gây ra.
*   **Mức độ nhiễm bệnh:** Nhẹ (Severity 1). Hiện tại, diện tích bề mặt lá bị tổn thương chưa quá 10%.
*   **Triệu chứng nhận biết:** Trên lá xuất hiện các vết cháy màu nâu nhạt hoặc nâu, mép vết bệnh không đều và có xu hướng lan rộng. Trong điều kiện ẩm ướt, bạn có thể quan sát thấy sợi nấm hoặc mô lá bị dính/cháy. Nếu không kiểm soát, bệnh có thể làm khô nhiều phần lá.

### 2. Tóm tắt thời tiết sắp tới
Dữ liệu dự báo cho thấy **độ ẩm sẽ duy trì ở mức cao trong 3 ngày tới**. Đây là kịch bản thời tiết có mức rủi ro **tăng cao (increased)** đối với sự phát triển của nấm bệnh. Độ ẩm cao kéo dài là điều kiện cực kỳ thuận lợi để nấm đốm lá/cháy lá sinh sôi và lan rộng nhanh chóng.

### 3. Việc cần làm ngay
Do dự báo độ ẩm cao kéo dài trong 3 ngày tới tạo môi trường lý tưởng cho nấm *Rhizoctonia* phát triển, bạn cần thực hiện ngay các hành động sau để ngăn chặn bệnh từ mức nhẹ chuyển sang nặng:

*   **Kiểm tra kỹ tán lá:** Tăng tần suất quan sát, đặc biệt chú ý mặt dưới lá và các khu vực ẩm ướt, để phát hiện sớm các vết cháy nâu nhạt mới xuất hiện sau những cơn mưa hoặc lúc vườn ẩm.
*   **Cải thiện thông thoáng:** Tỉa bớt cành lá rậm rạp để gió lưu thông tốt hơn, giúp giảm độ ẩm tích tụ trong tán cây.
*   **Điều chỉnh tưới nước:** Tuyệt đối tránh tưới nước làm ướt lá vào buổi chiều hoặc tối. Việc này sẽ khiến lá ẩm ướt qua đêm, tạo điều kiện hoàn hảo cho nấm xâm nhiễm và lan rộng.
*   **Xử lý lá bệnh:** Nếu thấy vết bệnh có dấu hiệu mở rộng, cần loại bỏ các lá bị bệnh ra khỏi vườn để giảm nguồn lây lan.

### 4. Quản lý
Để kiểm soát bệnh hiệu quả trong giai đoạn này, tập trung vào việc thay đổi môi trường sống của nấm:
*   **Cải thiện thoát nước:** Đảm bảo vườn không bị úng ngập, nước thoát nhanh sau mưa.
*   **Giảm độ ẩm trong tán:** Duy trì tán cây thông thoáng, tránh để lá chồng chất lên nhau gây bí bách.
*   **Vệ sinh vườn:** Thu gom và tiêu hủy các lá bệnh bị rụng hoặc cắt bỏ để hạn chế nguồn nấm tồn tại trong vườn.

### 5. Phòng ngừa
Các biện pháp dài hạn để ngăn bệnh tái phát:
*   Duy trì hệ thống thoát nước tốt cho toàn bộ vườn.
*   Thường xuyên tỉa tán định kỳ để đảm bảo ánh sáng và gió xuyên qua được tán cây, giảm độ ẩm cục bộ.
*   Vệ sinh sạch sẽ lá và cành bệnh, hạn chế tối đa nguồn lây lan bệnh trong vườn.

### 6. Theo dõi
*   Quan sát kỹ cây sau mỗi cơn mưa.
*   Kiểm tra xem các vết cháy nâu có lan rộng hơn không.
*   Chú ý xem có xuất hiện sợi nấm trên lá trong điều kiện ẩm ướt hay không.

### 7. Cảnh báo
Mặc dù hiện tại bệnh ở mức nhẹ, nhưng bạn cần **theo dõi sát sao** vì bệnh cháy lá do *Rhizoctonia* có khả năng **lan rất nhanh** trong mùa mưa và điều kiện độ ẩm cao như hiện nay. Nếu tình trạng bệnh tiến triển nặng hoặc không kiểm soát được bằng các biện pháp canh tác, hãy liên hệ ngay với cán bộ kỹ thuật địa phương để được hỗ trợ xử lý chuyên sâu.

---
**Nguồn tham khảo:**
• [S12] PubMed: First report of leaf blight caused by Rhizoctonia solani on durian in Vietnam — https://pubmed.ncbi.nlm.nih.gov/30769621/
• [S13] SPC HCMC: Prevention of leaf blight disease — https://www.spchcmc.vn/EN/Plant-doctor-Detail/Prevention-Of-Leaf-Blight-Disease-5-8401.html
• [S14] Sataka: Durian leaf blight — https://sataka.com.vn/en/durian-leaf",False,False,False,False,False,False,"Chào bạn, với tư cách là chuyên gia tư vấn kỹ thuật cây trồng, tôi xin đưa ra khuyến nghị chi tiết cho tình huống **bệnh thối lá (leaf blight)** trên cây sầu riêng ở mức độ **nhẹ (<10% diện tích lá)**.

Ở mức độ này, bệnh chưa gây thiệt hại lớn về năng suất nhưng là **tín hiệu cảnh báo sớm**. Nếu không can thiệp kịp thời, bệnh có thể bùng phát mạnh vào mùa mưa hoặc khi vườn có độ ẩm cao.

---

### 1. Nguyên nhân và Đặc điểm bệnh

*   **Nguyên nhân chính:** Bệnh thường do nấm gây ra, phổ biến nhất là các loài thuộc chi *Colletotrichum* (gây bệnh thán thư) hoặc *Phytophthora palmivora* (gây bệnh thán thư do nấm Phytophthora). Nấm phát triển mạnh trong điều kiện:
    *   Độ ẩm không khí cao (>80%).
    *   Vườn cây rậm rạp, thiếu ánh sáng, thông gió kém.
    *   Cây suy yếu do thiếu dinh dưỡng (đặc biệt là Kali và Canxi) hoặc bị stress nhiệt độ.
*   **Đặc điểm nhận biết:**
    *   Vết bệnh ban đầu là những đốm nhỏ màu nâu sẫm hoặc đen, thường xuất hiện ở mép lá hoặc đầu lá.
    *   Vết bệnh lan rộng, có thể có vòng tròn đồng tâm, xung quanh vết bệnh có quầng vàng.
    *   Lá bị khô, cháy từ mép vào, nặng thì rụng lá non hoặc lá già.
    *   Ở giai đoạn nhẹ (<10%), vết bệnh chỉ xuất hiện rải rác, chưa lan thành từng cụm lớn.

---

### 2. Biện pháp Quản lý Vườn (Canh tác)

Vì bệnh còn nhẹ, ưu tiên hàng đầu là **cải thiện môi trường vườn** để ngăn nấm phát triển, thay vì chỉ dựa vào thuốc.

*   **Tỉa cành tạo tán:**
    *   Tỉa bỏ các cành sâu bệnh, cành khô, cành tăm, cành vượt nằm sâu trong tán.
    *   Đảm bảo ánh sáng xuyên qua tán lá, giúp lá khô nhanh sau mưa, giảm độ ẩm cục bộ.
*   **Quản lý cỏ dại:**
    *   Làm sạch cỏ quanh gốc và giữa hàng cây để giảm nơi ẩn náu của nấm bệnh và côn trùng truyền bệnh.
*   **Tưới nước hợp lý:**
    *   Tránh tưới nước vào buổi chiều tối hoặc đêm khi nhiệt độ giảm, độ ẩm tăng.
    *   Nên tưới vào buổi sáng sớm để lá khô nhanh trong ngày.
    *   Không để vườn bị úng nước; đảm bảo hệ thống thoát nước tốt.
*   **Bón phân cân đối:**
    *   Tăng cường bón **Kali (K)** và **Canxi (Ca)** để tăng độ dày của biểu bì lá, giúp lá kháng bệnh tốt hơn.
    *   Tránh bón thừa đạm (N) vì sẽ làm cây sinh trưởng quá mức, lá mềm, dễ bị nấm tấn công.

---

### 3. Có cần phun thuốc không? Phun gì?

**Câu trả lời: Có nên phun, nhưng với mục đích ""chặn đứng sự lây lan"" chứ không phải ""diệt trừ toàn bộ"".**

Vì diện tích tổn thương <10%, bạn có thể áp dụng chiến lược **phun phòng ngừa + điều trị nhẹ**. Không cần dùng thuốc hóa học mạnh ngay lập tức nếu vườn đang trong giai đoạn ra hoa/ra trái non nhạy cảm.

#### ✅ Khuyến nghị thuốc:

**Lựa chọn 1: Thuốc sinh học (Ưu tiên nếu vườn đang ra hoa/trái non hoặc muốn an toàn tuyệt đối)**
*   **Hoạt chất:** *Trichoderma spp.*, *Bacillus subtilis*, hoặc *Streptomyces*.
*   **Công dụng:** Cạnh tranh với nấm bệnh, kích thích miễn dịch cho cây.
*   **Liều lượng:** Theo hướng dẫn trên bao bì. Phun 2–3 lần, cách nhau 7–10 ngày.
*   **Lưu ý:** Hiệu quả chậm hơn thuốc hóa học nhưng an toàn và bền vững.

**Lựa chọn 2: Thuốc hóa học nhẹ (Nếu bệnh có dấu hiệu lan nhanh hoặc thời tiết ẩm ướt kéo dài)**
*   **Hoạt chất:**
    *   *Mancozeb* (phòng ngừa phổ rộng).
    *   *Chlorothalonil* (phòng ngừa và điều trị nhẹ).
    *   *Azoxystrobin* hoặc *Pyraclostrobin* (nhóm strobilurin – có tác dụng bảo vệ và kích thích cây khỏe).
*   **Liều lượng:** Dùng",True,True,False,False,True,True
blight_severity_1__WS_PROLONGED_WET_SEVERE,blight,1,WS_PROLONGED_WET_SEVERE,"Chào bạn, với tư cách là chuyên gia tư vấn bệnh cây trồng, tôi xin đưa ra lời khuyên dựa trên kết quả chẩn đoán và dự báo thời tiết hiện tại cho vườn sầu riêng của bạn.

### 1. Tóm tắt tình trạng bệnh
Cây sầu riêng của bạn đang mắc bệnh **Cháy lá (Leaf blight)**, do nấm *Rhizoctonia solani* hoặc *Rhizoctonia sp.* gây ra.
*   **Mức độ nhiễm bệnh:** Nhẹ (Severity 1), với diện tích lá bị tổn thương dưới 10%.
*   **Triệu chứng nhận biết:** Xuất hiện các vết cháy màu nâu nhạt hoặc nâu trên lá, mép vết bệnh không đều và có xu hướng lan rộng. Trong điều kiện ẩm ướt, bạn có thể quan sát thấy sợi nấm hoặc mô lá bị dính/cháy. Nếu không kiểm soát, bệnh có thể làm khô nhiều phần lá.

### 2. Tóm tắt thời tiết sắp tới
*   **Dự báo:** Tổng lượng mưa trong 3 ngày tới **rất lớn**.
*   **Rủi ro:** Mức rủi ro cao (High). Lượng mưa lớn kết hợp với độ ẩm cao kéo dài là điều kiện lý tưởng khiến bệnh cháy lá lan nhanh hơn bình thường.

### 3. Việc cần làm ngay
Do dự báo có **lượng mưa rất lớn trong 3 ngày tới**, độ ẩm sẽ tăng cao và kéo dài, tạo môi trường thuận lợi cho nấm *Rhizoctonia* phát triển mạnh và lây lan nhanh. Vì vậy, bạn cần thực hiện các hành động sau ngay lập tức:

*   **Kiểm tra thoát nước:** Ưu tiên xử lý ngay các điểm thoát nước kém trong vườn. Đảm bảo nước mưa không bị ứ đọng quanh gốc cây, vì độ ẩm kéo dài tại gốc và tán lá là nguyên nhân chính khiến vết bệnh lan rộng.
*   **Kiểm tra tán lá hàng ngày:** Do mưa nhiều, hãy quan sát kỹ tán lá sau mỗi cơn mưa để phát hiện sớm các vết cháy nâu mới hoặc sự mở rộng của vết bệnh cũ.
*   **Loại bỏ lá bệnh:** Nếu thấy vết bệnh có dấu hiệu lan rộng, hãy cắt bỏ và tiêu hủy các lá bị bệnh ngay để giảm nguồn lây nhiễm trong vườn.

### 4. Quản lý
*   **Cải thiện thoát nước:** Đảm bảo hệ thống mương rãnh thông thoáng, nước không bị đọng lại sau mưa.
*   **Giảm độ ẩm trong tán:** Hạn chế độ ẩm tích tụ lâu ngày trong tán cây bằng cách tạo sự thông thoáng.
*   **Vệ sinh vườn:** Loại bỏ kịp thời các lá bệnh nếu vết bệnh tiếp tục mở rộng.

### 5. Phòng ngừa
*   **Duy trì thoát nước tốt:** Luôn đảm bảo vườn cây có hệ thống thoát nước hiệu quả, đặc biệt trong mùa mưa.
*   **Tỉa tán hợp lý:** Tỉa bỏ cành lá rậm rạp để tăng độ thông thoáng, giúp lá khô nhanh hơn sau mưa, giảm độ ẩm cục bộ.
*   **Vệ sinh nguồn lây:** Thu gom và tiêu hủy lá/cành bệnh, hạn chế sự lây lan của nấm bệnh trong vườn.

### 6. Theo dõi
*   **Theo dõi sát sau mưa:** Quan sát kỹ tình trạng lá ngay sau các đợt mưa lớn.
*   **Kiểm tra dấu hiệu nấm:** Chú ý xem vết cháy có lan rộng hơn không và có xuất hiện sợi nấm trong điều kiện ẩm ướt hay không.
*   **Báo cáo kịp thời:** Nếu vết bệnh lan rộng nhanh chóng dù đã áp dụng các biện pháp trên, hãy ghi nhận và báo ngay cho cán bộ kỹ thuật địa phương để được hỗ trợ xử lý chuyên sâu.

### 7. Cảnh báo
Mặc dù mức độ bệnh hiện tại còn nhẹ, nhưng bạn cần **theo dõi chặt chẽ** vì bệnh cháy lá do *Rhizoctonia* có khả năng **lan rất nhanh trong mùa mưa**, đặc biệt khi có lượng mưa lớn và độ ẩm cao như dự báo. Nếu không kiểm soát tốt, bệnh có thể tiến triển nặng và gây hại lớn cho vườn cây.

---

**Nguồn tham khảo:**
• [S12] PubMed: First report of leaf blight caused by Rhizoctonia solani on durian in Vietnam — https://pubmed.ncbi.nlm.nih.gov/30769621/
• [S13] SPC HCMC: Prevention of leaf blight disease — https://www.spchcmc.vn/EN/Plant-doctor-Detail/Prevention-Of-Leaf-Blight-Disease-5-8401.html
• [S14] Sataka: Durian leaf blight — https://sataka.com.vn/en/durian-leaf-blight/
• [S15] FAO AGRIS:",False,False,False,False,False,False,"Chào bạn, với tư cách là chuyên gia tư vấn bệnh cây trồng, tôi xin đưa ra khuyến nghị chi tiết cho tình huống **Bệnh thối lá (Leaf Blight)** trên cây sầu riêng ở mức độ **nhẹ (<10% diện tích lá)**.

Ở mức độ này, bệnh chưa gây thiệt hại lớn về năng suất nhưng là dấu hiệu cảnh báo sớm. Nếu không kiểm soát, bệnh có thể lây lan nhanh trong điều kiện ẩm ướt. Dưới đây là phác đồ xử lý:

---

### 1. Nguyên nhân và Đặc điểm bệnh

*   **Nguyên nhân chính:**
    *   Do nấm gây ra, phổ biến nhất là các loài thuộc chi *Phytophthora* (đặc biệt là *Phytophthora palmivora* và *P. parasitica*) hoặc *Colletotrichum*.
    *   Môi trường thuận lợi: Độ ẩm cao (>85%), mưa nhiều, vườn cây thiếu ánh sáng do tán lá quá dày, thoát nước kém.
*   **Đặc điểm nhận biết:**
    *   Ban đầu xuất hiện các đốm nhỏ màu nâu sẫm hoặc đen trên mép lá hoặc giữa phiến lá.
    *   Đốm bệnh lan rộng, tạo thành các vết thối mềm, có thể có vòng viền màu vàng bao quanh vết bệnh.
    *   Lá bị bệnh thường rụng sớm, đặc biệt là lá non và lá già.
    *   Ở giai đoạn nhẹ (<10%), chỉ thấy rải rác một số lá bị tổn thương, chưa làm cây suy kiệt.

---

### 2. Biện pháp quản lý vườn (Quan trọng nhất ở giai đoạn nhẹ)

Vì mức độ bệnh còn nhẹ, **biện pháp canh tác là ưu tiên hàng đầu**, giúp giảm áp lực bệnh mà không cần dùng nhiều thuốc hóa học.

*   **Cắt tỉa thông thoáng:**
    *   Tỉa bỏ các cành lá bị bệnh, lá già, lá sâu bệnh.
    *   Cắt tỉa cành trong tán để tăng ánh sáng và gió lưu thông, giúp lá khô nhanh sau mưa.
*   **Vệ sinh vườn:**
    *   Thu gom và tiêu hủy (đốt hoặc chôn vùi xa vườn) các lá rụng, cành bệnh. **Không** để lá bệnh nằm dưới gốc vì đây là nguồn nấm lây lan khi mưa tạt.
*   **Quản lý nước:**
    *   Đảm bảo hệ thống thoát nước tốt, tránh积水 (ứ đọng nước) quanh gốc.
    *   Tưới nước vào buổi sáng sớm để lá kịp khô trước khi trời tối.
*   **Bón phân cân đối:**
    *   Tăng cường kali (K) và canxi (Ca) để tăng độ bền của tế bào lá, giúp lá cứng cáp, khó bị nấm xâm nhập.
    *   Tránh bón thừa đạm (N) vì làm cây sinh trưởng quá mạnh, lá mềm, dễ nhiễm bệnh.

---

### 3. Có cần phun thuốc hay không? Phun gì?

**Câu trả lời: Có thể chưa cần phun thuốc hóa học mạnh ngay lập tức, nhưng nên phun phòng ngừa hoặc dùng chế phẩm sinh học.**

Vì mức độ <10%, việc phun thuốc hóa học ngay có thể gây lãng phí và tăng nguy cơ kháng thuốc. Tuy nhiên, nếu thời tiết tiếp tục mưa nhiều, bạn nên chủ động phun **chế phẩm sinh học hoặc thuốc phòng ngừa**.

#### ✅ Khuyến nghị ưu tiên: Chế phẩm sinh học / Thuốc phòng ngừa
*   **Chế phẩm sinh học:**
    *   *Trichoderma spp.* (pha với nước phun lên lá và rắc gốc): Giúp đối kháng với nấm Phytophthora.
    *   *Bacillus subtilis*: Ức chế nấm gây bệnh.
*   **Thuốc phòng ngừa (nhẹ):**
    *   Đồng (Cu) dạng vô cơ hoặc hữu cơ: Như *Copper Hydroxide* (Mancozeb kết hợp đồng) hoặc *Copper Oxychloride*. Phun với nồng độ thấp theo hướng dẫn.
    *   Lưu ý: Chỉ phun đồng khi trời không nắng gắt để tránh cháy lá.

#### ⚠️ Nếu bệnh có dấu hiệu lây lan (sau 7–10 ngày quan sát):
Nếu sau khi áp dụng biện pháp canh tác, tỷ lệ bệnh tăng lên >10%, hãy chuyển sang dùng thuốc hóa học đặc hiệu:
*   **Nhóm thuốc đặc hiệu với Phytophthora:**
    *   *Metalaxyl-M* (Aliette 800WP)
    *   *Dimethomorph* (Ridomil Gold 68WP)
    *   *Propamocarb* (Propham 68WP)
*   **Nhóm thuốc phòng",True,True,False,False,True,True
blight_severity_1__WS_PSYLLID_WARM_CONDITIONS,blight,1,WS_PSYLLID_WARM_CONDITIONS,"Chào bạn, với tư cách là chuyên gia tư vấn bệnh cây trồng, tôi xin đưa ra lời khuyên dựa trên kết quả chẩn đoán và dữ liệu hiện có như sau:

### 1. Tóm tắt tình trạng bệnh
Cây sầu riêng của bạn đang mắc bệnh **Cháy lá (Leaf blight)** do nấm *Rhizoctonia solani* hoặc *Rhizoctonia sp.* gây ra.
*   **Mức độ:** Nhẹ (Severity 1), với diện tích lá bị tổn thương dưới 10%.
*   **Triệu chứng:** Xuất hiện các vết cháy màu nâu nhạt hoặc nâu trên lá, mép vết bệnh không đều, có thể lan rộng. Trong điều kiện ẩm ướt, bạn có thể quan sát thấy sợi nấm hoặc mô lá bị dính/cháy.

### 2. Tóm tắt thời tiết sắp tới
*   **Kịch bản:** Đêm ấm kéo dài trong 3 ngày tới.
*   **Lưu ý:** Mặc dù điều kiện này thuận lợi cho rệp sáp (psyllid), nhưng đối với bệnh cháy lá do nấm *Rhizoctonia*, hệ thống hiện tại chưa xác định đây là nhóm điều kiện nguy cơ đặc biệt. Do đó, chúng ta sẽ tiếp tục áp dụng các biện pháp quản lý và theo dõi tiêu chuẩn.

### 3. Việc cần làm ngay
*   **Theo dõi sát sao vết cháy nâu nhạt:** Đặc biệt chú ý kiểm tra sau những cơn mưa hoặc khi vườn cây có độ ẩm cao.
*   **Lý do:** Bệnh cháy lá có xu hướng lan rộng nhanh chóng trong điều kiện ẩm ướt. Việc phát hiện sớm sự mở rộng của vết bệnh hoặc sự xuất hiện của sợi nấm giúp ngăn chặn tình trạng lá bị khô héo nhiều phần.

### 4. Quản lý
*   **Cải thiện thoát nước:** Đảm bảo vườn cây không bị úng nước, đặc biệt là vào mùa mưa.
*   **Giảm độ ẩm trong tán:** Tạo sự thông thoáng để giảm thời gian ẩm ướt kéo dài trên lá.
*   **Loại bỏ lá bệnh:** Nếu thấy vết bệnh có dấu hiệu mở rộng, hãy cắt bỏ và tiêu hủy các lá bị bệnh để hạn chế nguồn lây lan.

### 5. Phòng ngừa
*   **Duy trì hệ thống thoát nước tốt:** Đây là yếu tố then chốt để phòng ngừa nấm *Rhizoctonia*.
*   **Tỉa tán hợp lý:** Giúp giảm độ ẩm cục bộ trong tán cây, tăng cường lưu thông không khí.
*   **Vệ sinh vườn:** Thu gom và tiêu hủy lá, cành bệnh để hạn chế nguồn nấm tồn tại và lây lan trong vườn.

### 6. Theo dõi
*   **Sau mỗi trận mưa:** Kiểm tra kỹ tình trạng lá cây.
*   **Quan sát chi tiết:** Chú ý xem vết cháy có lan rộng hơn không và có xuất hiện sợi nấm trong điều kiện ẩm ướt hay không.

### 7. Cảnh báo
Mặc dù hiện tại bệnh ở mức nhẹ, nhưng bạn cần theo dõi chặt chẽ vì bệnh cháy lá có khả năng lan rất nhanh trong mùa mưa. Nếu tình trạng bệnh tiến triển nặng hoặc bạn cần hỗ trợ xử lý sâu hơn, hãy liên hệ với cán bộ kỹ thuật địa phương để được hướng dẫn cụ thể.

### Nguồn tham khảo
• [S12] PubMed: First report of leaf blight caused by Rhizoctonia solani on durian in Vietnam — https://pubmed.ncbi.nlm.nih.gov/30769621/
• [S13] SPC HCMC: Prevention of leaf blight disease — https://www.spchcmc.vn/EN/Plant-doctor-Detail/Prevention-Of-Leaf-Blight-Disease-5-8401.html
• [S14] Sataka: Durian leaf blight — https://sataka.com.vn/en/durian-leaf-blight/
• [S15] FAO AGRIS: Control of leaf blight of durian caused by Rhizoctonia solani — https://agris.fao.org/search/en/providers/122430/records/64723e3c53aa8c89630318af",False,False,False,False,False,False,"Chào bạn, với tư cách là chuyên gia tư vấn kỹ thuật cây trồng, tôi xin đưa ra khuyến nghị chi tiết cho tình huống **bệnh thối lá (leaf blight)** trên cây sầu riêng ở mức độ nhẹ (<10% diện tích lá bị tổn thương).

Ở mức độ này, bệnh chưa gây thiệt hại kinh tế lớn nhưng là **tín hiệu cảnh báo sớm**. Nếu không can thiệp kịp thời, trong điều kiện ẩm ướt, bệnh có thể bùng phát nhanh chóng. Dưới đây là phác đồ xử lý:

### 1. Nguyên nhân và Đặc điểm bệnh

*   **Tác nhân gây bệnh:** Bệnh thối lá sầu riêng thường do các loài nấm như *Colletotrichum gloeosporioides* (nấm gây bệnh thán thư) hoặc *Phytophthora palmivora* (nấm gây thối rễ và thối lá) gây ra. Trong giai đoạn đầu, nấm tấn công vào các vết thương nhỏ, lá già hoặc lá non đang phát triển.
*   **Đặc điểm nhận biết:**
    *   Xuất hiện các đốm nâu nhỏ, sau đó lan rộng thành các mảng thối màu nâu sẫm hoặc đen.
    *   Viền quanh vết bệnh thường có màu vàng hoặc đỏ nâu.
    *   Lá bị bệnh sẽ khô, giòn và rụng sớm.
    *   Bệnh thường xuất hiện nhiều hơn ở những tán lá dày đặc, thiếu ánh sáng và nơi ẩm ướt.

### 2. Biện pháp quản lý vườn (Quan trọng nhất ở giai đoạn nhẹ)

Vì mức độ bệnh còn nhẹ, **biện pháp canh tác và vệ sinh vườn là ưu tiên hàng đầu**, giúp giảm nguồn nấm bệnh mà không cần lạm dụng thuốc hóa học.

*   **Tỉa tạo tán:**
    *   Tỉa bỏ các cành sâu bệnh, cành tăm, cành nằm sâu trong tán để tăng độ thông thoáng.
    *   Đảm bảo ánh sáng mặt trời chiếu vào được phần trong của tán cây, giúp lá khô nhanh sau mưa hoặc tưới nước.
*   **Vệ sinh vườn:**
    *   Thu gom và tiêu hủy (đốt hoặc chôn vùi sâu) tất cả các lá bệnh rụng xuống đất. Đây là nguồn nấm bệnh chính để lây lan sang các lá khỏe.
    *   Làm cỏ sạch sẽ quanh gốc, tránh cỏ cao giữ ẩm cho tán lá thấp.
*   **Quản lý nước:**
    *   Tránh tưới nước lên tán lá, đặc biệt là vào buổi chiều tối. Nên tưới gốc vào buổi sáng để lá kịp khô trước khi trời tối.
    *   Đảm bảo hệ thống thoát nước tốt, tránh úng nước quanh gốc vì điều kiện ẩm ướt thuận lợi cho nấm phát triển.

### 3. Có cần phun thuốc hay không?

**Khuyến nghị:** Ở mức độ <10%, **có thể chưa cần phun thuốc hóa học mạnh** ngay lập tức nếu bạn thực hiện tốt các biện pháp vệ sinh và tỉa tán. Tuy nhiên, để **ngăn chặn bùng phát**, bạn nên phun một đợt **thuốc sinh học hoặc thuốc phòng ngừa** nhẹ.

*   **Nếu chọn thuốc sinh học (Ưu tiên):**
    *   Sử dụng các chế phẩm sinh học chứa nấm đối kháng như *Trichoderma* (phun lá và bón gốc) hoặc vi khuẩn *Bacillus subtilis*.
    *   Ưu điểm: An toàn, không gây kháng thuốc, hỗ trợ hệ vi sinh vật có lợi trong vườn.
    *   Cách dùng: Phun đều lên tán lá, đặc biệt là phần trong tán, 7-10 ngày/lần, liên tục 2-3 lần.

*   **Nếu chọn thuốc hóa học (Chỉ khi thấy bệnh có dấu hiệu lan nhanh):**
    *   Sử dụng các loại thuốc có tính phòng ngừa và điều trị nhẹ như:
        *   **Mancozeb** (80% WP): Thuốc phổ rộng, an toàn, dùng để phòng ngừa.
        *   **Azoxystrobin + Difenoconazole**: Hiệu quả cao với nấm gây thán thư và thối lá, nhưng cần tuân thủ liều lượng và thời gian cách ly.
    *   **Lưu ý:** Không phun thuốc khi trời nắng gắt hoặc sắp mưa. Phun vào buổi sáng sớm hoặc chiều mát.

### 4. Phòng ngừa và Theo dõi

*   **Theo dõi định kỳ:**
    *   Kiểm tra vườn ít nhất 1 lần/tuần, đặc biệt sau những trận mưa lớn hoặc trong mùa mưa.
    *   Quan sát kỹ các lá non và lá già ở phần trong tán cây.
*   **Bón phân cân đối:**
    *   Tránh bón quá nhiều đạm (N) vì làm cây sinh trưởng mạnh, lá non mềm, dễ bị nấm tấn công.
   ",True,True,False,False,True,True
blight_severity_1__WS_DRY_HOT_WATER_STRESS,blight,1,WS_DRY_HOT_WATER_STRESS,"Chào bạn, với tư cách là chuyên gia tư vấn bệnh cây trồng, tôi xin đưa ra bản chẩn đoán và khuyến nghị kỹ thuật cho vườn sầu riêng của bạn dựa trên dữ liệu hiện tại.

### 1. Tóm tắt tình trạng bệnh
Cây sầu riêng của bạn đang mắc bệnh **Cháy lá (Leaf blight)**, do nấm *Rhizoctonia solani* hoặc các loài *Rhizoctonia sp.* gây ra.
*   **Mức độ nhiễm bệnh:** Nhẹ (Severity 1), với diện tích lá bị tổn thương chiếm từ 0–10%.
*   **Triệu chứng nhận biết:** Xuất hiện các vết cháy màu nâu nhạt hoặc nâu trên lá, mép vết bệnh không đều và có xu hướng lan rộng. Trong điều kiện ẩm ướt, có thể quan sát thấy sợi nấm hoặc mô lá bị dính/cháy. Nếu không kiểm soát, bệnh có thể làm khô nhiều phần lá.

### 2. Tóm tắt thời tiết sắp tới
*   **Dự báo:** Nắng nóng kéo dài trong 3 ngày tới.
*   **Mức độ rủi ro:** Cảnh báo stress nước (caution_water_stress).
*   **Lưu ý:** Mặc dù nắng nóng không trực tiếp gây ra bệnh cháy lá này, nhưng nó khiến cây bị thiếu nước, suy yếu hệ miễn dịch và trở nên nhạy cảm hơn với các tác nhân gây bệnh nói chung.

### 3. Việc cần làm ngay
Do dự báo **nắng nóng kéo dài trong 3 ngày tới**, bạn cần thực hiện ngay các hành động sau để giảm thiểu rủi ro kép giữa bệnh nấm và stress nhiệt:

*   **Đảm bảo tưới nước đầy đủ và đều đặn:** Nắng nóng làm tăng nguy cơ cây bị stress nước. Việc thiếu nước kéo dài sẽ làm cây suy yếu, tạo điều kiện thuận lợi cho nấm *Rhizoctonia* tấn công mạnh hơn. Hãy duy trì độ ẩm đất ổn định, tránh để cây bị khô hạn.
*   **Theo dõi sát vết cháy nâu nhạt:** Đặc biệt chú ý quan sát sau những cơn mưa (nếu có) hoặc khi vườn cây còn ẩm ướt, vì đây là thời điểm nấm dễ phát triển và lan rộng.

### 4. Quản lý
*   **Cải thiện thoát nước:** Đảm bảo hệ thống thoát nước trong vườn tốt, tránh tình trạng đọng nước gây ẩm ướt kéo dài – điều kiện lý tưởng cho nấm phát triển.
*   **Giảm độ ẩm trong tán cây:** Hạn chế độ ẩm cao tích tụ trong tán lá.
*   **Loại bỏ lá bệnh:** Nếu thấy vết bệnh có dấu hiệu mở rộng, hãy tỉa bỏ và tiêu hủy các lá bị bệnh để ngăn nguồn lây lan.

### 5. Phòng ngừa
*   **Duy trì thoát nước tốt:** Luôn giữ cho vườn cây khô ráo, đặc biệt là vào mùa mưa.
*   **Tỉa tán thông thoáng:** Cắt tỉa cành lá để tăng độ thông thoáng, giúp giảm độ ẩm và hạn chế môi trường ẩm ướt mà nấm ưa thích.
*   **Vệ sinh vườn cây:** Thu gom và tiêu hủy lá/cành bệnh, hạn chế nguồn lây nhiễm trong vườn.

### 6. Theo dõi
*   **Quan sát sau mưa:** Kiểm tra kỹ tình trạng lá cây sau mỗi cơn mưa.
*   **Kiểm tra dấu hiệu nấm:** Quan sát xem vết cháy có lan rộng hơn không và có xuất hiện sợi nấm trong điều kiện ẩm ướt hay không.

### 7. Cảnh báo
Mặc dù hiện tại mức độ bệnh còn nhẹ, nhưng bệnh cháy lá có khả năng **lan nhanh trong mùa mưa**. Bạn cần theo dõi chặt chẽ vì nếu cây bị suy yếu do nắng nóng kết hợp với độ ẩm cao, bệnh có thể tiến triển nhanh hơn dự kiến.

---

**Nguồn tham khảo:**
*   [S12] PubMed: First report of leaf blight caused by Rhizoctonia solani on durian in Vietnam — https://pubmed.ncbi.nlm.nih.gov/30769621/
*   [S13] SPC HCMC: Prevention of leaf blight disease — https://www.spchcmc.vn/EN/Plant-doctor-Detail/Prevention-Of-Leaf-Blight-Disease-5-8401.html
*   [S14] Sataka: Durian leaf blight — https://sataka.com.vn/en/durian-leaf-blight/
*   [S15] FAO AGRIS: Control of leaf blight of durian caused by Rhizoctonia solani — https://agris.fao.org/search/en/providers/122430/records/64723e3c53aa8c89630318af
*   [W1] Iowa State University Extension: It",False,False,False,False,False,False,"Chào bạn, với tư cách là chuyên gia tư vấn bệnh cây trồng, tôi xin đưa ra khuyến nghị chi tiết cho tình huống **bệnh thối lá (leaf blight)** trên cây sầu riêng ở mức độ **nhẹ (<10% diện tích lá)**.

Ở mức độ này, bệnh chưa gây thiệt hại lớn về năng suất nhưng là dấu hiệu cảnh báo sớm. Nếu không kiểm soát, bệnh có thể lây lan nhanh trong điều kiện thời tiết thuận lợi (mưa nhiều, ẩm ướt).

---

### 1. Nguyên nhân & Đặc điểm bệnh

*   **Nguyên nhân chính:** Bệnh thường do nấm gây ra, phổ biến nhất là các loài thuộc chi *Colletotrichum* (nấm gây bệnh thán thư) hoặc *Phytophthora* (nấm gây thối rễ/lá trong điều kiện úng nước). Nấm phát triển mạnh trong môi trường ẩm ướt, thiếu ánh sáng, và vườn cây bị che khuất.
*   **Đặc điểm nhận biết:**
    *   Xuất hiện các đốm nâu, đen hoặc xám trên lá, thường bắt đầu từ mép lá hoặc đầu lá.
    *   Các đốm bệnh có thể lan rộng, làm lá bị khô, cháy từng phần hoặc rụng sớm.
    *   Ở giai đoạn nhẹ (<10%), chỉ có một số ít lá non hoặc lá già bị tổn thương, chưa ảnh hưởng đến toàn bộ tán cây.

---

### 2. Biện pháp quản lý vườn (Ưu tiên hàng đầu)

Vì mức độ bệnh còn nhẹ, **biện pháp canh tác và vệ sinh vườn là quan trọng nhất**, giúp giảm nguồn bệnh và hạn chế lây lan mà không cần dùng nhiều thuốc hóa học.

*   **Vệ sinh vườn:**
    *   Thu gom và tiêu hủy (đốt hoặc chôn vùi sâu) các lá bệnh, lá rụng dưới gốc cây. Đây là nguồn chứa bào tử nấm chính.
    *   Cắt tỉa những cành lá bị bệnh nặng, cành khô, cành tăm để tăng thông thoáng cho tán cây.
*   **Quản lý nước:**
    *   Đảm bảo hệ thống thoát nước tốt, tránh úng nước quanh gốc cây. Nấm *Phytophthora* phát triển mạnh trong điều kiện đất ẩm ướt.
    *   Tưới nước vào buổi sáng sớm để lá khô nhanh trước khi trời tối, giảm độ ẩm bề mặt lá.
*   **Tăng cường ánh sáng và thông thoáng:**
    *   Tỉa thưa tán cây, cắt bỏ cành nhánh bên trong tán để ánh sáng xuyên xuống thấp, giúp lá khô nhanh và giảm độ ẩm cục bộ.
*   **Bón phân cân đối:**
    *   Tránh bón quá nhiều đạm (N) vì làm cây sinh trưởng mạnh, lá non mềm yếu, dễ bị nấm tấn công.
    *   Tăng cường bón kali (K) và canxi (Ca) để tăng độ bền của thành tế bào lá, giúp cây kháng bệnh tốt hơn.

---

### 3. Có cần phun thuốc hay không? Phun gì?

**Khuyến nghị:** Với mức độ <10%, **có thể chưa cần phun thuốc hóa học mạnh ngay lập tức** nếu bạn đã thực hiện tốt các biện pháp vệ sinh và quản lý vườn. Tuy nhiên, nếu bệnh có dấu hiệu lan rộng hoặc thời tiết dự báo mưa nhiều, nên phun phòng ngừa.

#### A. Ưu tiên sử dụng thuốc sinh học (An toàn, ít tồn dư)
*   **Thuốc sinh học chứa nấm đối kháng:** *Trichoderma spp.* (phun lên lá và rắc quanh gốc) hoặc *Bacillus subtilis*.
*   **Thuốc sinh học chứa vi khuẩn đối kháng:** *Streptomyces lydicus*.
*   **Lưu ý:** Phun đều lên cả mặt trên và mặt dưới lá, phun vào lúc trời râm mát hoặc chiều tối.

#### B. Nếu cần dùng thuốc hóa học (Khi bệnh có dấu hiệu gia tăng)
Chỉ sử dụng khi biện pháp sinh học không kiểm soát được hoặc bệnh lan nhanh. Chọn thuốc có hoạt chất khác nhau để tránh kháng thuốc.

*   **Nhóm thuốc gốc Đồng (Cu):**
    *   *Kocide, Cupper Zinc, Mancozeb + Copper.*
    *   Tác dụng: Phòng ngừa và điều trị nhẹ, an toàn tương đối.
*   **Nhóm thuốc đặc trị nấm lá:**
    *   *Mancozeb, Zineb:* Thuốc phòng ngừa phổ rộng.
    *   *Azoxystrobin + Difenoconazole (ví dụ: Amistar Top, Score):* Hiệu quả cao, nhưng chỉ dùng khi cần thiết và tuân thủ liều lượng.
    *   *Propineb:* Thuốc phòng ngừa tốt cho bệnh thán thư.

**Lịch phun khuyến",True,True,False,False,True,True
blight_severity_2__WS_NORMAL,blight,2,WS_NORMAL,"Chào bạn, với tư cách là chuyên gia tư vấn bệnh cây trồng, tôi xin đưa ra lời khuyên dựa trên kết quả chẩn đoán bệnh **Cháy lá sầu riêng (Durian leaf blight)** do nấm *Rhizoctonia solani* gây ra, ở mức độ nghiêm trọng 2.

Dưới đây là hướng dẫn chi tiết:

### 1. Tóm tắt tình trạng bệnh
Cây sầu riêng của bạn đang mắc bệnh **Cháy lá**.
*   **Triệu chứng:** Trên lá xuất hiện các vết cháy màu nâu nhạt hoặc nâu, mép vết bệnh không đều và có xu hướng lan rộng. Trong điều kiện ẩm ướt, bạn có thể thấy sợi nấm hoặc mô lá bị dính/cháy.
*   **Mức độ tổn thương:** Hiện tại, diện tích bề mặt lá bị tổn thương nằm trong khoảng **từ 10% đến 35%**. Đây là mức độ trung bình, cần được xử lý sớm để ngăn chặn bệnh lây lan mạnh hơn.

### 2. Tóm tắt thời tiết sắp tới
Hiện tại, thời tiết khu vực vườn của bạn ở trạng thái **bình thường**, không có các yếu tố đặc biệt (như mưa lớn kéo dài hay độ ẩm cực cao bất thường) làm tăng nguy cơ bùng phát bệnh ngay lúc này. Tuy nhiên, vì bệnh này phát triển mạnh trong điều kiện ẩm ướt, bạn vẫn cần duy trì các biện pháp quản lý tiêu chuẩn.

### 3. Việc cần làm ngay
*   **Kiểm tra toàn bộ cây và các cây lân cận:** Hãy đi kiểm tra kỹ lưỡng, đặc biệt chú ý vào những khu vực tán rậm hoặc nơi thoát nước kém.
*   **Lý do:** Mặc dù thời tiết hiện tại ổn định, nhưng bệnh cháy lá có thể tồn tại và lây lan nếu có độ ẩm cục bộ cao (do tưới nước hoặc sương đêm). Việc kiểm tra sớm giúp phát hiện kịp thời các ổ bệnh mới trước khi chúng lan rộng trong điều kiện mưa ẩm có thể xảy ra sau này.

### 4. Quản lý bệnh
*   **Vệ sinh vườn:** Tỉa bỏ và thu gom các bộ phận lá, cành bị nhiễm bệnh để tiêu hủy, tránh để nguồn bệnh tồn tại trong vườn.
*   **Cải thiện môi trường:** Đảm bảo hệ thống thoát nước tốt, tránh tình trạng úng nước. Tỉa thưa tán lá để tăng độ thông thoáng, giảm độ ẩm tích tụ trong tán cây.
*   **Biện pháp sinh học:** Bạn có thể cân nhắc sử dụng các chế phẩm sinh học như *Trichoderma* nếu có sẵn và tuân thủ hướng dẫn sử dụng tại địa phương.
*   **Lưu ý về thuốc:** Chỉ sử dụng thuốc bảo vệ thực vật khi có khuyến cáo cụ thể từ cán bộ kỹ thuật địa phương. Không tự ý mua thuốc hay thay đổi liều lượng.

### 5. Phòng ngừa
*   **Duy trì thoát nước:** Luôn đảm bảo vườn cây không bị đọng nước sau mưa hoặc tưới.
*   **Quản lý tán cây:** Thường xuyên tỉa cành để tán cây thông thoáng, giúp lá khô nhanh hơn sau khi bị ướt.
*   **Vệ sinh nguồn lây:** Thu gom và tiêu hủy sạch sẽ lá bệnh, cành bệnh để hạn chế nguồn nấm lây lan sang các cây khỏe.

### 6. Theo dõi
*   **Sau mỗi cơn mưa:** Hãy quan sát kỹ lá cây, đặc biệt là các vết cháy cũ xem có lan rộng thêm không.
*   **Kiểm tra độ ẩm:** Quan sát xem trong điều kiện ẩm ướt, có xuất hiện sợi nấm mới hoặc các vết bệnh mới trên lá không.

### 7. Cảnh báo
Mức độ bệnh hiện tại là **trung bình**. Nếu không được quản lý sớm, bệnh có thể chuyển sang mức độ nặng, gây khô héo nhiều phần lá, ảnh hưởng nghiêm trọng đến sức khỏe và năng suất cây trồng.

---
**Nguồn tham khảo:**
• [S12] PubMed: First report of leaf blight caused by Rhizoctonia solani on durian in Vietnam — https://pubmed.ncbi.nlm.nih.gov/30769621/
• [S13] SPC HCMC: Prevention of leaf blight disease — https://www.spchcmc.vn/EN/Plant-doctor-Detail/Prevention-Of-Leaf-Blight-Disease-5-8401.html
• [S14] Sataka: Durian leaf blight — https://sataka.com.vn/en/durian-leaf-blight/
• [S15] FAO AGRIS: Control of leaf blight of durian caused by Rhizoctonia solani — https://agris.fao.org/search/en/providers/122430/records/64723e3c53aa8",True,False,False,False,False,False,"Chào bạn, với tư cách là chuyên gia tư vấn kỹ thuật cây trồng, tôi xin đưa ra phác đồ xử lý chi tiết cho tình huống **Bệnh thối lá (Leaf Blight)** trên sầu riêng với mức độ nhiễm bệnh trung bình (>10–35% diện tích lá).

Mức độ này được coi là **cảnh báo đỏ**. Nếu không can thiệp kịp thời, bệnh có thể lan nhanh sang các cành non, gây rụng lá hàng loạt, suy giảm khả năng quang hợp và ảnh hưởng trực tiếp đến năng suất vụ sau.

Dưới đây là khuyến nghị xử lý cụ thể:

### 1. Nguyên nhân và Đặc điểm bệnh

*   **Tác nhân gây bệnh:** Bệnh thối lá sầu riêng thường do nấm *Phytophthora palmivora* hoặc *Colletotrichum gloeosporioides* (nấm mắt cua/anthracnose) gây ra. Trong điều kiện ẩm ướt, *Phytophthora* là tác nhân chính gây thối lá non và lá già.
*   **Điều kiện thuận lợi:**
    *   Độ ẩm không khí cao (>80%), mưa nhiều, sương mù dày.
    *   Vườn cây bị úng nước, thoát nước kém.
    *   Tán cây quá dày, thiếu ánh sáng và thông gió.
    *   Cây suy yếu do thiếu dinh dưỡng (đặc biệt là Kali và Canxi) hoặc bị sâu hại phá hoại trước đó.
*   **Triệu chứng nhận biết:**
    *   Vết bệnh bắt đầu từ mép lá hoặc giữa phiến lá, có màu nâu sẫm đến đen.
    *   Vết bệnh lan rộng nhanh chóng, làm lá bị khô, giòn và rụng.
    *   Trên lá non, vết bệnh có thể lan sang cuống lá, gây chết chồi non.
    *   Trong điều kiện ẩm ướt, có thể thấy lớp mốc trắng hoặc xám (bào tử nấm) trên bề mặt vết bệnh.

### 2. Biện pháp quản lý vườn (Canh tác)

Đây là bước **quan trọng nhất** để cắt đứt nguồn lây lan và tạo môi trường bất lợi cho nấm phát triển.

*   **Tỉa cành tạo tán:**
    *   Tỉa bỏ ngay các cành bị bệnh nặng, cành khô, cành tăm, cành mọc ngược vào trong.
    *   Mục tiêu: Tăng độ thông thoáng, giảm độ ẩm trong tán cây, giúp ánh sáng xuyên qua và thuốc phun tiếp cận tốt hơn.
    *   Vứt bỏ cành bệnh ra khỏi vườn và tiêu hủy (đốt hoặc chôn vùi), tuyệt đối không để lại dưới gốc.
*   **Quản lý nước:**
    *   Kiểm tra hệ thống thoát nước ngay lập tức. Đảm bảo vườn không bị úng nước sau mưa.
    *   Nếu vườn bị úng, cần khơi rãnh thoát nước ngay.
*   **Vệ sinh vườn:**
    *   Thu gom và tiêu hủy tất cả lá rụng, lá bệnh dưới gốc cây. Đây là ổ chứa nấm cho vụ sau.
    *   Làm cỏ sạch sẽ quanh gốc để giảm độ ẩm cục bộ.
*   **Bón phân cân đối:**
    *   Tăng cường bón phân hữu cơ vi sinh để cải tạo đất, tăng sức đề kháng cho cây.
    *   Bón bổ sung phân lá chứa **Canxi (Ca)** và **Kali (K)** để tăng độ dày và cứng của lá, giúp lá kháng bệnh tốt hơn. Tránh bón quá nhiều Đạm (N) vì sẽ làm lá mềm, dễ bị nấm tấn công.

### 3. Có cần phun thuốc hay không? Phun gì?

**Câu trả lời: CÓ, cần phun thuốc ngay lập tức.**

Với mức độ nhiễm >10–35%, biện pháp canh tác đơn thuần không đủ để kiểm soát. Cần kết hợp phun thuốc hóa học/bio để dập tắt ổ dịch.

#### Nguyên tắc phun:
*   Phun ướt đều cả hai mặt lá, đặc biệt là các chồi non và lá đang phát triển.
*   Phun vào lúc trời râm mát, không có mưa trong ít nhất 24 giờ sau phun.
*   Luân phiên các nhóm hoạt chất để tránh kháng thuốc.

#### Gợi ý công thức thuốc (Chọn 1 trong các nhóm sau, luân phiên):

**Nhóm 1: Thuốc đặc trị nấm Phytophthora (Ưu tiên nếu lá bị thối ướt, đen nhanh)**
*   **Hoạt chất:** Metalaxyl-M + Mancozeb (Ví dụ: Ridomil Gold 68WP, Aliette 800WP kết hợp với thuốc tiếp xúc).
*   **Cách dùng:** Phun theo liều lượng ghi trên bao bì. Nên phun 2-",True,True,False,False,True,True
blight_severity_2__WS_RAIN_SPORE_DISPERSAL,blight,2,WS_RAIN_SPORE_DISPERSAL,"Chào bạn, với tư cách là chuyên gia tư vấn bệnh cây trồng, tôi xin đưa ra bản chẩn đoán và hướng xử lý cho vườn sầu riêng của bạn dựa trên thông tin bạn cung cấp.

### 1. Tóm tắt tình trạng bệnh
Cây sầu riêng của bạn đang mắc bệnh **Cháy lá (Leaf blight)**, do nấm *Rhizoctonia solani* hoặc *Rhizoctonia sp.* gây ra.
*   **Mức độ nhiễm bệnh:** Trung bình (Severity 2).
*   **Biểu hiện:** Diện tích lá bị tổn thương từ 10–35%. Lá xuất hiện các vết cháy màu nâu nhạt hoặc nâu, mép vết bệnh không đều và có xu hướng lan rộng. Trong điều kiện ẩm ướt, bạn có thể thấy sợi nấm hoặc mô lá bị dính/cháy. Nếu không kiểm soát, bệnh có thể làm khô nhiều phần lá.

### 2. Tóm tắt thời tiết sắp tới
*   **Dự báo:** Có mưa đáng kể trong 3 ngày tới.
*   **Mức độ rủi ro:** Tăng cao (increased).
*   **Tác động:** Lượng mưa và độ ẩm cao sẽ tạo điều kiện thuận lợi để bào tử nấm phát tán và nảy mầm, khiến bệnh cháy lá lan nhanh hơn.

### 3. Việc cần làm ngay
Do dự báo có **mưa đáng kể trong 3 ngày tới**, việc quản lý độ ẩm và hạn chế lây lan là ưu tiên hàng đầu. Bạn cần thực hiện ngay các hành động sau:

*   **Kiểm tra toàn bộ vườn:** Khảo sát kỹ cây đang bệnh và các cây lân cận, đặc biệt chú ý những khu vực thấp trũng hoặc tán rậm.
*   **Không cắt tỉa khi lá ướt:** Tuyệt đối tránh cắt tỉa cành lá hoặc di chuyển trong tán cây khi lá còn ướt do mưa. Việc này sẽ vô tình làm lây lan bào tử nấm sang các vùng lành hoặc sang cây khác.
*   **Đảm bảo thoát nước:** Kiểm tra hệ thống mương rãnh để đảm bảo vườn thoát nước tốt, tránh tình trạng úng nước làm tăng độ ẩm kéo dài – điều kiện lý tưởng cho nấm *Rhizoctonia* phát triển.

### 4. Quản lý bệnh
*   **Vệ sinh vườn:** Tỉa bỏ và thu gom các bộ phận lá/cành bị nhiễm bệnh nặng để tiêu hủy, giảm nguồn bệnh trong vườn.
*   **Cải thiện thông thoáng:** Tỉa thưa tán cây (khi thời tiết khô ráo) để tăng độ thông thoáng, giảm độ ẩm cục bộ trong tán.
*   **Biện pháp sinh học:** Nếu có sẵn và được hướng dẫn tại địa phương, bạn có thể cân nhắc sử dụng chế phẩm sinh học như *Trichoderma* để đối kháng với nấm gây bệnh.
*   **Sử dụng thuốc:** Chỉ sử dụng thuốc hóa học nếu thực sự cần thiết và **bắt buộc tuân thủ theo khuyến cáo của cán bộ kỹ thuật địa phương**. Không tự ý mua thuốc hoặc tự quyết định liều lượng.

### 5. Phòng ngừa
*   Duy trì hệ thống thoát nước tốt quanh năm, đặc biệt là vào mùa mưa.
*   Thường xuyên tỉa tán để cây thông thoáng, giảm độ ẩm đọng lại trên lá.
*   Vệ sinh sạch sẽ lá rụng, cành bệnh dưới gốc cây để hạn chế nguồn lây nhiễm tái phát.

### 6. Theo dõi
*   **Sau mỗi đợt mưa:** Cần kiểm tra lại tình trạng lá.
*   **Dấu hiệu cần lưu ý:** Quan sát xem vết cháy có lan rộng hơn không, hoặc có xuất hiện sợi nấm trên bề mặt lá trong điều kiện ẩm ướt hay không.

### 7. Cảnh báo
Mức độ bệnh hiện tại ở mức trung bình, nhưng nếu không được quản lý sớm, bệnh có thể chuyển sang mức nặng, gây rụng lá nhiều, ảnh hưởng đến sức khỏe và năng suất cây trồng. Hãy hành động ngay để ngăn chặn sự lây lan.

---

**Nguồn tham khảo:**
• [S12] PubMed: First report of leaf blight caused by Rhizoctonia solani on durian in Vietnam — https://pubmed.ncbi.nlm.nih.gov/30769621/
• [S13] SPC HCMC: Prevention of leaf blight disease — https://www.spchcmc.vn/EN/Plant-doctor-Detail/Prevention-Of-Leaf-Blight-Disease-5-8401.html
• [S14] Sataka: Durian leaf blight — https://sataka.com.vn/en/durian-leaf-blight/
• [S15] FAO AGRIS: Control of leaf blight of durian caused by Rhizoctonia solani — https://agris.fao.org/search/en/providers",True,False,False,False,False,False,"Chào bạn, với tư cách là chuyên gia tư vấn kỹ thuật cây trồng, tôi xin đưa ra phác đồ xử lý chi tiết cho tình huống **bệnh thối lá (Leaf Blight)** trên cây sầu riêng với mức độ nhiễm bệnh trung bình (>10–35% diện tích lá).

Mức độ này được coi là **cảnh báo vàng**. Nếu không can thiệp kịp thời, bệnh sẽ lan nhanh trong điều kiện ẩm ướt, gây rụng lá hàng loạt, suy giảm quang hợp và ảnh hưởng trực tiếp đến năng suất vụ sau.

Dưới đây là khuyến nghị cụ thể:

### 1. Nguyên nhân và Đặc điểm bệnh

*   **Tác nhân gây bệnh:** Chủ yếu do nấm *Phytophthora palmivora* (gây thối lá, thối trái) hoặc *Colletotrichum gloeosporioides* (gây bệnh đốm lá, thán thư). Trong bối cảnh ""thối lá"" phổ biến ở sầu riêng, *Phytophthora* là nghi ngờ hàng đầu.
*   **Điều kiện thuận lợi:**
    *   Thời tiết mưa nhiều, độ ẩm không khí cao (>85%).
    *   Vườn bị úng nước hoặc thoát nước kém.
    *   Tán cây quá dày, bí bách, thiếu ánh sáng và gió lưu thông.
    *   Cây suy yếu do thiếu dinh dưỡng (đặc biệt là Canxi, Bo, Kali) hoặc bị sâu bệnh khác tấn công.
*   **Triệu chứng nhận biết:**
    *   Xuất hiện các đốm nâu nhỏ trên lá non hoặc lá già.
    *   Đốm bệnh lan rộng, chuyển sang màu nâu đen, khô giòn.
    *   Lá bị thối từ mép vào giữa hoặc từ cuống lá ra.
    *   Lá rụng sớm, đặc biệt là lá non và lá bánh tẻ.

### 2. Biện pháp quản lý vườn (Canh tác)

Đây là bước **quan trọng nhất** để cắt đứt nguồn lây lan và tạo môi trường bất lợi cho nấm phát triển.

*   **Cắt tỉa tán cây:**
    *   Tỉa bỏ các cành sâu bệnh, cành khô, cành nằm sâu trong tán gây bí bách.
    *   Mở tán để ánh sáng và gió lưu thông tốt, giúp lá khô nhanh sau mưa.
*   **Vệ sinh vườn:**
    *   Thu gom và tiêu hủy (đốt hoặc chôn vùi xa vườn) tất cả lá bệnh rụng xuống đất. Đây là nguồn chứa bào tử nấm chính.
    *   Làm sạch cỏ xung quanh gốc nhưng giữ lớp phủ hữu cơ (rơm rạ, cỏ khô) để giữ ẩm và hạn chế nấm bắn từ đất lên lá khi mưa.
*   **Quản lý nước:**
    *   Kiểm tra hệ thống thoát nước, đảm bảo vườn không bị úng.
    *   Tránh tưới nước vào buổi chiều tối hoặc khi trời âm u. Nên tưới vào buổi sáng để lá khô nhanh.
*   **Bón phân cân đối:**
    *   Tăng cường bón phân hữu cơ vi sinh để cải tạo đất.
    *   Bón bổ sung **Canxi (Ca)** và **Bo (B)** để tăng độ bền vững của thành tế bào lá, giúp lá kháng bệnh tốt hơn.
    *   Hạn chế bón quá nhiều phân Nitơ (N) vì làm lá non mềm, dễ bị nấm tấn công.

### 3. Có cần phun thuốc hay không? Phun gì?

**Câu trả lời: CÓ, cần phun thuốc ngay lập tức.**

Với mức độ nhiễm >10%, biện pháp canh tác đơn thuần không đủ để kiểm soát dịch bệnh. Cần kết hợp phun thuốc phòng trừ để dập tắt ổ dịch.

#### **Lựa chọn thuốc:**

**A. Nhóm thuốc đặc trị nấm Phytophthora (Ưu tiên nếu xác định là thối lá do Phytophthora):**
*   **Metalaxyl-M + Mancozeb:** (Ví dụ: Ridomil Gold MZ, Aliette...) – Hiệu quả cao, vừa trị vừa phòng.
*   **Propamocarb Hydrochloride:** (Ví dụ: Ridomil Gold, Aliette...) – Tác động nhanh, ngăn chặn sự phát triển của nấm.
*   **Dimethomorph:** (Ví dụ: Acrobat MZ) – Hiệu quả tốt trên nấm Phytophthora.

**B. Nhóm thuốc đặc trị nấm Colletotrichum (Nếu triệu chứng giống đốm nâu, thán thư):**
*   **Azoxystrobin + Difenoconazole:** (Ví dụ: Amistar Top, Score...) – Phổ rộng, hiệu quả cao.
*   **Trifloxystrobin + Tebuconazole:** (Ví dụ",True,True,False,False,True,True
blight_severity_2__WS_HIGH_HUMIDITY_FUNGAL,blight,2,WS_HIGH_HUMIDITY_FUNGAL,"Chào bạn, với tư cách là chuyên gia tư vấn bệnh cây trồng, tôi xin đưa ra bản chẩn đoán và khuyến nghị xử lý cho vườn sầu riêng của bạn dựa trên thông tin bệnh **Cháy lá (Leaf blight)** do nấm *Rhizoctonia solani* gây ra, kết hợp với kịch bản thời tiết hiện tại.

### 1. Tóm tắt tình trạng bệnh
Cây sầu riêng của bạn đang mắc bệnh **Cháy lá (Leaf blight)** do nấm *Rhizoctonia solani* (hoặc các loài tương tự) gây ra.
*   **Mức độ nhiễm bệnh:** Trung bình (Severity 2).
*   **Diện tích tổn thương:** Từ 10–35% diện tích bề mặt lá bị ảnh hưởng.
*   **Triệu chứng nhận biết:** Xuất hiện các vết cháy màu nâu nhạt hoặc nâu trên lá, mép vết bệnh không đều và có xu hướng lan rộng. Trong điều kiện ẩm ướt, bạn có thể quan sát thấy sợi nấm hoặc các mô lá bị dính lại với nhau/cháy khô. Nếu không xử lý, nhiều phần lá có thể bị khô héo.

### 2. Tóm tắt thời tiết sắp tới
*   **Dự báo:** Độ ẩm không khí duy trì ở mức **cao** trong **3 ngày tới**.
*   **Mức rủi ro:** **Tăng cao (Increased)**.
*   **Ảnh hưởng:** Điều kiện độ ẩm cao kéo dài là môi trường cực kỳ thuận lợi cho nấm bệnh đốm lá/cháy lá phát sinh mạnh mẽ và lan rộng nhanh chóng.

### 3. Việc cần làm ngay
Do dự báo độ ẩm cao kéo dài trong 3 ngày tới làm tăng nguy cơ nấm bệnh lan rộng, bạn cần thực hiện ngay các hành động sau:

*   **Kiểm tra toàn bộ vườn:** Đặc biệt chú ý kiểm tra mặt dưới của lá và các cây lân cận với cây bị bệnh để phát hiện sớm các vết cháy mới hoặc sợi nấm.
*   **Cải thiện thông thoáng tán lá:** Tỉa bỏ các cành lá rậm rạp, giao nhau để tăng cường lưu thông không khí, giúp lá khô nhanh hơn sau khi ngưng mưa hoặc ngưng tưới.
*   **Điều chỉnh chế độ tưới:** **Tuyệt đối tránh tưới nước làm ướt lá vào buổi chiều hoặc tối.** Nên tưới vào buổi sáng sớm để lá có thời gian khô ráo trước khi trời tối và độ ẩm tăng cao, giảm môi trường sống cho nấm.
*   **Vệ sinh nguồn bệnh:** Tỉa bỏ và thu gom các lá/cành bị nhiễm bệnh nặng (nếu phù hợp với tình trạng cây) để giảm nguồn nấm lây lan sang các lá khỏe.

### 4. Quản lý
*   **Cải thiện thoát nước:** Đảm bảo hệ thống thoát nước trong vườn tốt, tránh tình trạng úng nước, ẩm ướt kéo dài tại gốc cây và tán lá.
*   **Sử dụng biện pháp sinh học:** Có thể cân nhắc sử dụng chế phẩm sinh học chứa *Trichoderma* nếu có sẵn và được hướng dẫn cụ thể từ cán bộ kỹ thuật địa phương để đối kháng với nấm bệnh.
*   **Sử dụng thuốc bảo vệ thực vật:** Chỉ sử dụng thuốc hóa học khi có khuyến cáo cụ thể từ cán bộ kỹ thuật nông nghiệp địa phương. Không tự ý mua và sử dụng thuốc chưa rõ nguồn gốc hoặc liều lượng.

### 5. Phòng ngừa
*   **Duy trì thoát nước tốt:** Luôn đảm bảo vườn cây không bị úng nước, đặc biệt trong mùa mưa.
*   **Tỉa tán định kỳ:** Duy trì tán cây thông thoáng, giảm độ ẩm cục bộ trong tán lá.
*   **Vệ sinh vườn trồng:** Thu gom và tiêu hủy lá/cành bệnh sau mỗi lần tỉa để hạn chế nguồn lây nhiễm trong vườn.

### 6. Theo dõi
*   **Quan sát sau mưa:** Kiểm tra kỹ tình trạng lá ngay sau mỗi trận mưa hoặc trong những ngày độ ẩm cao.
*   **Theo dõi sự lan rộng:** Chú ý xem các vết cháy có lan rộng hơn không và có xuất hiện thêm sợi nấm trên lá trong điều kiện ẩm ướt hay không.

### 7. Cảnh báo
Bệnh hiện ở mức trung bình nhưng nếu không được quản lý kịp thời trong điều kiện độ ẩm cao kéo dài, bệnh có nguy cơ chuyển sang mức nặng, gây rụng lá nhiều, ảnh hưởng đến sức khỏe cây và năng suất vụ sau. Cần can thiệp sớm để ngăn chặn sự lây lan.

---
**Nguồn tham khảo:**
*   [S12] PubMed: First report of leaf blight caused by Rhizoctonia solani on durian in Vietnam — https://pubmed.ncbi.nlm.nih.gov/30769621/
*   [S13] SPC HCMC:",True,False,False,False,False,False,"Chào bạn, với tư cách là chuyên gia tư vấn kỹ thuật cây trồng, tôi nhận thấy tình trạng **bệnh thối lá (Leaf Blight)** trên vườn sầu riêng của bạn đang ở mức **trung bình (10–35% diện tích lá bị tổn thương)**. Đây là giai đoạn ""cảnh báo vàng"". Nếu không xử lý kịp thời, bệnh có thể lây lan nhanh, làm giảm khả năng quang hợp, suy yếu cây và tạo điều kiện cho các bệnh hại khác (như thán thư, đốm nâu) tấn công.

Dưới đây là khuyến nghị chi tiết để kiểm soát và xử lý tình huống này:

### 1. Nguyên nhân và Đặc điểm bệnh

*   **Tác nhân gây bệnh:** Bệnh thối lá sầu riêng thường do nấm *Colletotrichum gloeosporioides* (nấm thán thư) hoặc *Phytophthora palmivora* (nấm gây thối rễ/thối trái, nhưng cũng gây thối lá trong điều kiện ẩm ướt) gây ra. Trong trường hợp ""thối lá"" điển hình, nấm *Colletotrichum* là thủ phạm phổ biến nhất.
*   **Điều kiện thuận lợi:**
    *   Độ ẩm cao (>85%), mưa nhiều, sương mù dày đặc.
    *   Vườn cây rậm rạp, thông gió kém.
    *   Cây thiếu dinh dưỡng, đặc biệt là Kali (K) và Canxi (Ca), làm lá mỏng, dễ bị nấm xâm nhập.
    *   Có vết thương cơ học (do gió, côn trùng, hoặc cắt tỉa không vệ sinh).
*   **Triệu chứng nhận biết:**
    *   Ban đầu xuất hiện các đốm nhỏ màu nâu nhạt hoặc xám trên lá non hoặc lá già.
    *   Đốm bệnh lan rộng, trung tâm đốm chuyển màu xám tro, có viền nâu sẫm.
    *   Lá bị thối, khô cong, rụng sớm. Nếu nặng, cả cành non có thể bị khô đen.

### 2. Biện pháp quản lý vườn (Vệ thực vật)

Đây là bước **quan trọng nhất** để cắt đứt nguồn lây lan trước khi dùng thuốc:

1.  **Tỉa cành tạo tán:**
    *   Cắt bỏ tất cả các cành lá bị bệnh, lá rụng dưới gốc.
    *   Tỉa thưa tán cây để tăng độ thông thoáng, giảm độ ẩm cục bộ trong tán.
    *   **Lưu ý:** Dụng cụ cắt tỉa phải được khử trùng (nhúng vào dung dịch thuốc tím hoặc cồn 70 độ) sau mỗi cây để tránh lây lan.
2.  **Vệ sinh vườn:**
    *   Thu gom và tiêu hủy (đốt hoặc chôn vùi sâu) tất cả tàn dư thực vật bị bệnh. Không để lá bệnh nằm dưới gốc cây.
3.  **Quản lý nước:**
    *   Đảm bảo hệ thống thoát nước tốt, tránh úng rễ vì rễ yếu sẽ làm cây suy kiệt, dễ nhiễm bệnh lá.
    *   Tưới nước vào buổi sáng sớm để lá khô nhanh trong ngày, tránh tưới vào buổi chiều tối.

### 3. Có cần phun thuốc không? Phun gì?

**Câu trả lời: CÓ, cần phun thuốc ngay lập tức.**
Với mức độ tổn thương 10–35%, biện pháp cơ sinh học đơn thuần chưa đủ sức kiểm soát. Cần kết hợp phun thuốc hóa học/bio để dập tắt ổ dịch.

#### **Lịch trình phun đề xuất (2-3 lần, cách nhau 7-10 ngày):**

**Lần 1: Phun trị bệnh mạnh (Diệt nấm đang hoạt động)**
*   **Nhóm thuốc:** Sử dụng thuốc có hoạt chất **Azoxystrobin + Difenoconazole** hoặc **Mancozeb + Propineb**.
    *   *Ví dụ:* Amistar Top, Score, Mancozeb 80WP, Zineb.
    *   *Cơ chế:* Azoxystrobin/Difenoconazole có tác dụng hệ thống, thấm sâu vào lá, diệt nấm từ bên trong. Mancozeb/Zineb có tác dụng tiếp xúc, tạo màng bảo vệ.
*   **Liều lượng:** Theo hướng dẫn trên bao bì.

**Lần 2: Phun phòng ngừa và hỗ trợ phục hồi (Sau 7-10 ngày)**
*   **Nhóm thuốc:** Kết hợp thuốc trừ nấm sinh học hoặc nhóm khác để tránh kháng thuốc.
    *   *Ví dụ:* Copper Hydroxide (Coppezin 800WP, Kocide) hoặc thuốc sinh học như *Trichoderma*, *Bacillus subtilis*.
    *   *Lưu ý:* Không phun đồng thời",True,True,False,False,True,True
blight_severity_2__WS_PROLONGED_WET_SEVERE,blight,2,WS_PROLONGED_WET_SEVERE,"Chào bạn, dựa trên kết quả chẩn đoán và dữ liệu thời tiết hiện tại, tôi xin tư vấn cụ thể cho vườn sầu riêng của bạn như sau:

### 1. Tóm tắt tình trạng bệnh
Cây sầu riêng của bạn đang mắc bệnh **Cháy lá (Leaf blight)**, do nấm *Rhizoctonia solani* hoặc các loài *Rhizoctonia* khác gây ra.
*   **Mức độ nhiễm bệnh:** Trung bình (Severity 2).
*   **Diện tích tổn thương:** Từ 10–35% diện tích bề mặt lá bị ảnh hưởng.
*   **Triệu chứng nhận biết:** Xuất hiện các vết cháy màu nâu nhạt hoặc nâu trên lá, mép vết bệnh không đều, có xu hướng lan rộng. Trong điều kiện ẩm ướt, bạn có thể quan sát thấy sợi nấm hoặc mô lá bị dính/cháy. Nếu không xử lý, bệnh có thể làm khô nhiều phần lá.

### 2. Tóm tắt thời tiết sắp tới
*   **Dự báo:** Tổng lượng mưa trong 3 ngày tới **rất lớn**.
*   **Rủi ro:** Mức độ rủi ro **cao (high)**.
*   **Tác động:** Lượng mưa lớn kết hợp với độ ẩm cao kéo dài là điều kiện lý tưởng khiến bệnh cháy lá lan nhanh hơn bình thường.

### 3. Việc cần làm ngay
Do dự báo có **lượng mưa rất lớn trong 3 ngày tới**, độ ẩm sẽ tăng cao và kéo dài, tạo môi trường thuận lợi cho nấm *Rhizoctonia* phát triển mạnh và lây lan nhanh qua nước mưa. Vì vậy, bạn cần thực hiện ngay các hành động sau:

*   **Kiểm tra tán lá hàng ngày:** Đặc biệt chú ý quan sát sau mỗi trận mưa để phát hiện sớm các vết bệnh mới hoặc sự lan rộng của vết bệnh cũ.
*   **Xử lý thoát nước:** Ưu tiên kiểm tra và xử lý ngay các điểm thoát nước kém trong vườn. Nước đọng sẽ làm tăng độ ẩm cục bộ, khiến bệnh nặng thêm.
*   **Kiểm tra toàn diện:** Xem xét cả cây đang bị bệnh và các cây lân cận, vì bệnh có thể lây lan nhanh trong điều kiện mưa ẩm.

### 4. Quản lý bệnh
*   **Vệ sinh vườn:** Tỉa bỏ và thu gom các bộ phận lá/cành bị nhiễm bệnh để giảm nguồn lây lan.
*   **Cải thiện môi trường:** Đảm bảo hệ thống thoát nước tốt và tỉa tán cây để tăng độ thông thoáng, giảm độ ẩm tích tụ trong tán lá.
*   **Biện pháp sinh học:** Có thể cân nhắc sử dụng các chế phẩm sinh học như *Trichoderma* nếu bạn đã có sẵn và được hướng dẫn sử dụng cụ thể tại địa phương.
*   **Lưu ý về thuốc:** Chỉ sử dụng thuốc bảo vệ thực vật khi có khuyến cáo cụ thể từ cán bộ kỹ thuật địa phương. Không tự ý mua và phun thuốc nếu chưa rõ loại và liều lượng phù hợp.

### 5. Phòng ngừa
*   Duy trì hệ thống thoát nước luôn thông suốt để tránh ngập úng.
*   Thường xuyên tỉa tán cây, cắt bỏ cành lá quá dày để gió và ánh sáng đi vào được, giúp tán cây khô nhanh hơn sau mưa.
*   Vệ sinh thường xuyên lá và cành bệnh, hạn chế để nguồn bệnh tồn đọng trong vườn.

### 6. Theo dõi
*   **Sau mỗi trận mưa:** Cần kiểm tra kỹ tình trạng lá.
*   **Dấu hiệu cần lưu ý:** Quan sát xem vết cháy có lan rộng thêm không, hoặc có xuất hiện sợi nấm trắng/xám trong điều kiện ẩm ướt hay không. Nếu thấy vết bệnh lan nhanh hoặc xuất hiện nhiều vết mới, cần ghi nhận và báo cáo sớm.

### 7. Cảnh báo
Mức độ bệnh hiện tại là **trung bình**. Tuy nhiên, do thời tiết mưa lớn và ẩm ướt, bệnh có nguy cơ chuyển sang mức **nặng** rất nhanh nếu không được quản lý kịp thời. Bạn cần chủ động can thiệp sớm để tránh thiệt hại lớn hơn. Nếu tình trạng bệnh diễn biến phức tạp hoặc không kiểm soát được, hãy liên hệ ngay với cán bộ kỹ thuật nông nghiệp địa phương để được hỗ trợ trực tiếp.

---

**Nguồn tham khảo:**
• [S12] PubMed: First report of leaf blight caused by Rhizoctonia solani on durian in Vietnam — https://pubmed.ncbi.nlm.nih.gov/30769621/
• [S13] SPC HCMC: Prevention of leaf blight disease — https://www.spchcmc.vn/EN/Plant-doctor-Detail/Prevention-Of-Leaf-Blight-Disease-5-8401.html
• [S14] Sataka",True,False,False,False,True,False,"Chào bạn, với tư cách là chuyên gia tư vấn kỹ thuật cây trồng, tôi xin đưa ra phác đồ xử lý chi tiết cho tình huống **bệnh thối lá (Leaf Blight)** trên cây sầu riêng với mức độ nhiễm bệnh trung bình (>10–35% diện tích lá).

Mức độ này được xem là **cảnh báo vàng**. Nếu không can thiệp kịp thời, bệnh có thể lan nhanh, làm giảm khả năng quang hợp, suy yếu cây và tạo điều kiện cho các bệnh hại khác (như thán thư, tuyến trùng) tấn công.

---

### 1. Nguyên nhân và Đặc điểm bệnh

**Nguyên nhân chính:**
*   **Nấm gây bệnh:** Thường do các loài nấm như *Cercospora* spp., *Colletotrichum* spp. (Thán thư), hoặc *Phytophthora palmivora* (trong điều kiện ẩm ướt quá mức).
*   **Điều kiện thuận lợi cho nấm phát triển:**
    *   Độ ẩm không khí cao (>85%), mưa nhiều, sương mù dày đặc.
    *   Vườn cây quá rậm rạp, thông gió kém.
    *   Cây thiếu dinh dưỡng, đặc biệt là Kali (K) và Canxi (Ca), làm lá mỏng, dễ bị nấm xâm nhập.
    *   Có vết thương cơ giới (do gió, côn trùng, hoặc cắt tỉa không đúng cách).

**Đặc điểm nhận biết:**
*   **Vệt bệnh:** Xuất hiện các đốm nâu, xám hoặc đen trên lá, thường bắt đầu từ mép lá hoặc đầu lá.
*   **Triệu chứng:** Lá bị cháy khô từng phần, sau đó lan rộng làm toàn bộ lá hoặc cụm lá bị thối, rụng sớm.
*   **Vị trí:** Thường xuất hiện nhiều ở tán trong, tán dưới nơi ẩm ướt và thiếu ánh sáng.

---

### 2. Biện pháp quản lý vườn (Canh tác)

Đây là bước **quan trọng nhất** để kiểm soát bệnh mà không phụ thuộc hoàn toàn vào thuốc hóa học.

1.  **Tỉa tán thông thoáng:**
    *   Cắt bỏ các cành sâu bệnh, cành khô, cành vượt nằm sâu trong tán.
    *   Mục tiêu: Tăng cường ánh sáng xuyên vào tán dưới và tăng lưu thông gió, giúp lá khô nhanh sau mưa.
2.  **Vệ sinh vườn:**
    *   Thu gom và tiêu hủy (đốt hoặc chôn vùi xa vườn) tất cả lá bệnh rụng xuống đất. Đây là nguồn nấm bệnh chính cho vụ sau.
    *   Làm sạch cỏ xung quanh gốc để giảm độ ẩm cục bộ.
3.  **Quản lý nước:**
    *   Đảm bảo hệ thống thoát nước tốt, tránh úng rễ. Rễ bị úng sẽ làm cây suy yếu, lá dễ bị bệnh.
    *   Tưới nước vào buổi sáng sớm để lá khô kịp trước khi trời tối.
4.  **Bón phân cân đối:**
    *   Tăng cường bón **Kali (K)** và **Canxi (Ca)** qua lá hoặc rễ. Kali giúp thành tế bào lá dày, kháng bệnh tốt hơn.
    *   Tránh bón thừa Đạm (N) trong giai đoạn này vì sẽ làm lá non mềm, dễ bị nấm tấn công.

---

### 3. Có cần phun thuốc không? Phun gì?

**Câu trả lời: CÓ, cần phun thuốc.**
Với mức độ >10–35%, biện pháp canh tác đơn thuần chưa đủ để kiểm soát tốc độ lây lan. Cần kết hợp phun thuốc phòng trừ để dập tắt ổ bệnh.

#### **Lịch trình phun thuốc đề xuất:**

**Bước 1: Phun thuốc đặc trị (Diệt nấm đang hoạt động)**
*   **Mục tiêu:** Tiêu diệt nguồn nấm đang gây bệnh trên lá.
*   **Nhóm thuốc khuyến nghị:**
    *   **Nhóm 1 (Đặc trị Cercospora/Colletotrichum):**
        *   *Azoxystrobin + Difenoconazole* (Ví dụ: Amistar Top, Score Neo...) – Hiệu quả cao, vừa trị vừa phòng.
        *   *Mancozeb* (Ví dụ: Mancozeb 80WP) – Thuốc tiếp xúc, an toàn, dùng kết hợp để tăng hiệu quả.
    *   **Nhóm 2 (Nếu nghi ngờ Phytophthora do ẩm ướt):**
        *   *Metalaxyl-M + Mancozeb* (Ví dụ: Ridomil Gold) – Đặc trị nấm gây thối rễ và thối lá do Phytophthora.
*   **Liều lượng:** Theo hướng dẫn trên bao bì. Phun ướt đều cả hai mặt lá,",True,True,False,False,True,True
blight_severity_2__WS_PSYLLID_WARM_CONDITIONS,blight,2,WS_PSYLLID_WARM_CONDITIONS,"Chào bạn, với tư cách là chuyên gia tư vấn bệnh cây trồng, tôi xin đưa ra bản đánh giá và khuyến nghị xử lý cho tình trạng bệnh trên vườn sầu riêng của bạn dựa trên dữ liệu chẩn đoán và dự báo thời tiết hiện tại.

### 1. Tóm tắt tình trạng bệnh
Cây sầu riêng của bạn đang mắc bệnh **Cháy lá (Leaf blight)**, do nấm *Rhizoctonia solani* hoặc các loài *Rhizoctonia* khác gây ra.
*   **Mức độ nhiễm bệnh:** Trung bình (Severity 2).
*   **Biểu hiện:** Diện tích bề mặt lá bị tổn thương từ 10–35%. Lá xuất hiện các vết cháy màu nâu nhạt hoặc nâu, mép vết bệnh không đều và có xu hướng lan rộng. Trong điều kiện ẩm ướt, bạn có thể quan sát thấy sợi nấm hoặc mô lá bị dính lại với nhau/cháy. Nếu không xử lý kịp thời, bệnh có thể làm khô nhiều phần lá.

### 2. Tóm tắt thời tiết sắp tới
*   **Kịch bản:** Đêm ấm kéo dài trong 3 ngày tới.
*   **Đánh giá rủi ro:** Mức rủi ro **tăng cao (increased)**.
*   **Lưu ý:** Mặc dù kịch bản thời tiết này đặc biệt thuận lợi cho sự phát triển của rầy phấn trắng (psyllid), nhưng đối với bệnh cháy lá do nấm *Rhizoctonia*, điều kiện ẩm ướt và ấm áp vẫn là yếu tố nguy cơ tiềm ẩn giúp nấm bệnh phát triển mạnh, đặc biệt nếu kết hợp với độ ẩm cao sau mưa.

### 3. Việc cần làm ngay
Do dự báo **đêm ấm kéo dài trong 3 ngày tới** tạo điều kiện thuận lợi cho các tác nhân gây bệnh phát triển, bạn cần thực hiện ngay các hành động sau:

*   **Kiểm tra toàn bộ vườn:** Đặc biệt chú ý kiểm tra kỹ các cây đang bị bệnh và các cây lân cận, nhất là vào những thời điểm không khí ẩm ướt.
*   **Vệ sinh nguồn bệnh:** Tỉa bỏ và thu gom các bộ phận lá/cành bị nhiễm bệnh nặng để giảm nguồn lây lan.
*   **Cải thiện môi trường:** Đảm bảo hệ thống thoát nước tốt và tỉa tán cây để tăng độ thông thoáng, giảm độ ẩm cục bộ trong tán lá, hạn chế môi trường thuận lợi cho nấm *Rhizoctonia* phát triển.

### 4. Quản lý
*   **Biện pháp sinh học:** Cân nhắc sử dụng các chế phẩm sinh học như *Trichoderma* nếu có sẵn và được hướng dẫn cụ thể bởi cán bộ kỹ thuật địa phương.
*   **Sử dụng thuốc bảo vệ thực vật:** Chỉ sử dụng thuốc khi có khuyến cáo cụ thể từ cơ quan chức năng hoặc cán bộ kỹ thuật địa phương. Không tự ý mua và sử dụng thuốc chưa rõ nguồn gốc hoặc liều lượng.

### 5. Phòng ngừa
*   Duy trì hệ thống thoát nước tốt cho vườn cây, tránh tình trạng úng nước.
*   Tỉa tán định kỳ để giảm độ ẩm và tăng cường ánh sáng, gió lưu thông trong tán cây.
*   Vệ sinh thường xuyên lá và cành bệnh, hạn chế tối đa nguồn lây lan bệnh trong vườn.

### 6. Theo dõi
*   **Sau mỗi trận mưa:** Cần kiểm tra kỹ vườn cây, đặc biệt là các khu vực có độ ẩm cao.
*   **Quan sát triệu chứng:** Theo dõi xem vết cháy lá có lan rộng thêm không và có xuất hiện sợi nấm trong điều kiện ẩm ướt hay không.

### 7. Cảnh báo
Mức độ nhiễm bệnh hiện tại ở mức trung bình. Nếu không được quản lý sớm, bệnh có nguy cơ chuyển sang mức nặng, gây ảnh hưởng nghiêm trọng đến sức khỏe và năng suất cây trồng.

### Nguồn tham khảo
• [S12] PubMed: First report of leaf blight caused by Rhizoctonia solani on durian in Vietnam — https://pubmed.ncbi.nlm.nih.gov/30769621/
• [S13] SPC HCMC: Prevention of leaf blight disease — https://www.spchcmc.vn/EN/Plant-doctor-Detail/Prevention-Of-Leaf-Blight-Disease-5-8401.html
• [S14] Sataka: Durian leaf blight — https://sataka.com.vn/en/durian-leaf-blight/
• [S15] FAO AGRIS: Control of leaf blight of durian caused by Rhizoctonia solani — https://agris.fao.org/search/en/providers/122430/records/64723e3c53aa8c89630318af",True,False,False,False,False,False,"Chào bạn, với tư cách là chuyên gia tư vấn kỹ thuật cây trồng, tôi xin đưa ra phác đồ xử lý chi tiết cho tình huống **bệnh thối lá (Leaf Blight)** trên sầu riêng với mức độ nhiễm bệnh trung bình (>10–35% diện tích lá).

Mức độ này được xem là **cảnh báo đỏ**. Nếu không can thiệp kịp thời, bệnh có thể lan nhanh, gây rụng lá hàng loạt, suy giảm quang hợp, ảnh hưởng trực tiếp đến năng suất vụ trái sắp tới hoặc làm cây suy kiệt.

Dưới đây là khuyến nghị xử lý:

### 1. Nguyên nhân và Đặc điểm bệnh

*   **Tác nhân gây bệnh:** Bệnh thối lá sầu riêng thường do nấm **Phytophthora palmivora** (cùng nhóm gây thối rễ, thối trái) hoặc nấm **Colletotrichum gloeosporioides** (nấm gây bệnh đốm nâu/anthracnose) gây ra. Trong điều kiện ẩm ướt, *Phytophthora* là tác nhân phổ biến và nguy hiểm hơn.
*   **Đặc điểm nhận biết:**
    *   Vết bệnh thường bắt đầu từ mép lá hoặc đầu lá, lan vào trong.
    *   Lá bị chuyển màu nâu sẫm, đen, mềm nhũn (thối).
    *   Có thể thấy viền vàng bao quanh vết bệnh.
    *   Lá bị bệnh sẽ rụng sớm, đặc biệt khi có gió hoặc mưa.
    *   Bệnh phát triển mạnh trong mùa mưa, độ ẩm cao (>85%), vườn cây bị úng nước hoặc thông gió kém.

### 2. Biện pháp quản lý vườn (Canh tác)

Đây là bước **quan trọng nhất** để cắt đứt nguồn lây lan và giảm áp lực bệnh:

*   **Tỉa cành tạo tán:**
    *   Tỉa bỏ ngay tất cả các cành lá bị bệnh, lá già, lá dày đặc bên trong tán cây.
    *   Mục tiêu: Tăng độ thông thoáng, giảm độ ẩm trong tán, giúp ánh sáng mặt trời chiếu vào sâu bên trong.
    *   **Lưu ý:** Vứt bỏ lá bệnh ra xa vườn, đốt hoặc chôn vùi sâu. **Tuyệt đối không** để lá bệnh nằm dưới gốc cây vì đây là nguồn nấm bào tử chờ đợi cơ hội lây lan trở lại.
*   **Quản lý nước:**
    *   Kiểm tra hệ thống thoát nước. Đảm bảo vườn không bị úng nước sau mưa.
    *   Nếu vườn bị úng, cần đào rãnh thoát nước ngay lập tức. Nấm *Phytophthora* phát triển cực mạnh trong môi trường yếm khí (thiếu oxy do úng).
*   **Bón phân cân đối:**
    *   Tránh bón quá nhiều Nitơ (N) vì làm cây sinh trưởng mạnh, lá non mềm, dễ nhiễm bệnh.
    *   Tăng cường bón Kali (K) và Canxi (Ca) để tăng độ dày, cứng của lá, giúp lá kháng bệnh tốt hơn.
    *   Bổ sung phân hữu cơ vi sinh và chế phẩm sinh học để cải tạo đất, tăng sức đề kháng cho rễ.

### 3. Có cần phun thuốc hay không? Phun gì?

**Câu trả lời: CÓ, cần phun thuốc ngay lập tức.**

Với mức độ nhiễm >10%, biện pháp canh tác đơn thuần không đủ để kiểm soát. Cần kết hợp phun thuốc phòng trừ nấm bệnh.

#### **Lịch trình phun thuốc đề xuất (2-3 lần, cách nhau 7-10 ngày):**

**Lần 1: Phun ngay khi phát hiện (Xử lý triệt để)**
*   **Nhóm thuốc đặc trị Phytophthora (nếu nghi ngờ do nấm này - phổ biến nhất):**
    *   *Metalaxyl-M* (ví dụ: Ridomil Gold) hoặc *Dimethomorph*.
    *   Hoặc dùng thuốc gốc *Mancozeb* kết hợp với *Metalaxyl*.
*   **Nhóm thuốc phòng ngừa rộng phổ (phòng Colletotrichum và các nấm khác):**
    *   *Mancozeb* hoặc *Chlorothalonil*.
*   **Công thức gợi ý:**
    *   `Ridomil Gold 68WG` (hoặc tương đương) + `Mancozeb 80WP`.
    *   Phun ướt đều cả mặt trên và mặt dưới lá, đặc biệt chú ý các nách lá, cành non.

**Lần 2: Phun sau 7-10 ngày (Củng cố và phòng ngừa tái nhiễm)**
*   Sử dụng thuốc có cơ chế tác động khác để tránh kháng thuốc.
*   **Gợi ý",True,True,False,False,True,True
blight_severity_2__WS_DRY_HOT_WATER_STRESS,blight,2,WS_DRY_HOT_WATER_STRESS,"Chào bà con, tôi là chuyên gia tư vấn bệnh cây trồng. Dựa trên kết quả chẩn đoán và dữ liệu thời tiết hiện tại, tôi xin đưa ra lời khuyên cụ thể cho vườn sầu riêng của bà con như sau:

### 1. Tóm tắt tình trạng bệnh
Cây sầu riêng của bà con đang mắc bệnh **Cháy lá (Leaf blight)**, do nấm *Rhizoctonia solani* hoặc các loài *Rhizoctonia* khác gây ra.
*   **Mức độ nhiễm bệnh:** Trung bình (Severity 2).
*   **Biểu hiện:** Diện tích lá bị tổn thương chiếm khoảng 10–35%. Trên lá xuất hiện các vết cháy màu nâu nhạt hoặc nâu, mép vết bệnh không đều, có thể lan rộng. Trong điều kiện ẩm ướt, bà con có thể quan sát thấy sợi nấm hoặc mô lá bị dính/cháy. Nếu không xử lý, bệnh có thể làm khô nhiều phần lá.

### 2. Tóm tắt thời tiết sắp tới
Dự báo thời tiết trong 3 ngày tới sẽ **nắng nóng kéo dài**.
*   **Lưu ý quan trọng:** Mặc dù nắng nóng không trực tiếp gây ra bệnh cháy lá này (vì bệnh thường phát triển mạnh trong mùa mưa ẩm), nhưng nắng nóng kéo dài khiến cây bị **stress nước (thiếu nước)**, làm cây suy yếu và dễ bị sâu bệnh tấn công hơn.

### 3. Việc cần làm ngay
Do dự báo **nắng nóng kéo dài trong 3 ngày tới**, bà con cần thực hiện ngay các việc sau để hỗ trợ cây vượt qua giai đoạn stress và ngăn bệnh tiến triển:

*   **Tưới nước đầy đủ và đều đặn:** Vì nắng nóng làm cây mất nước nhanh, bà con cần đảm bảo cây không bị thiếu nước kéo dài. Việc cung cấp đủ nước giúp cây khỏe mạnh, tăng khả năng kháng bệnh tự nhiên.
*   **Kiểm tra toàn bộ cây và cây lân cận:** Đặc biệt chú ý kiểm tra kỹ các tán lá, nhất là những nơi còn ẩm ướt hoặc thoát nước kém, để phát hiện sớm các vết bệnh mới hoặc sự lây lan.

### 4. Quản lý bệnh
*   **Vệ sinh vườn:** Tỉa bỏ và thu gom các bộ phận lá, cành bị nhiễm bệnh để tiêu hủy, tránh để nguồn bệnh tồn tại trong vườn.
*   **Cải thiện môi trường:** Đảm bảo hệ thống thoát nước tốt, tránh úng nước. Tỉa thưa tán lá để tăng độ thông thoáng, giảm độ ẩm cục bộ trong tán cây.
*   **Biện pháp sinh học:** Bà con có thể cân nhắc sử dụng các chế phẩm sinh học như *Trichoderma* nếu có sẵn và được cán bộ kỹ thuật địa phương hướng dẫn cụ thể.
*   **Lưu ý về thuốc:** Chỉ sử dụng thuốc bảo vệ thực vật khi có khuyến cáo cụ thể từ cơ quan chức năng hoặc cán bộ kỹ thuật địa phương. Không tự ý mua và phun thuốc bừa bãi.

### 5. Phòng ngừa
*   Duy trì hệ thống thoát nước tốt quanh năm, đặc biệt là vào mùa mưa.
*   Thường xuyên tỉa tán cây để giảm độ ẩm và tăng ánh sáng, gió lưu thông trong vườn.
*   Vệ sinh sạch sẽ lá rụng, cành bệnh và hạn chế nguồn lây lan bệnh trong vườn.

### 6. Theo dõi
*   **Sau mỗi đợt mưa:** Cần kiểm tra kỹ vườn vì độ ẩm cao là điều kiện thuận lợi cho nấm *Rhizoctonia* phát triển.
*   **Quan sát vết bệnh:** Theo dõi xem vết cháy có lan rộng hơn không, hoặc có xuất hiện sợi nấm trong điều kiện ẩm ướt hay không.

### 7. Cảnh báo
Mức độ bệnh hiện tại ở mức trung bình, nhưng nếu không được quản lý sớm, bệnh có thể chuyển sang mức nặng, gây hại lớn cho năng suất. Bà con cần chú ý chăm sóc cây khỏe mạnh, đặc biệt là việc tưới nước trong giai đoạn nắng nóng này để cây có sức đề kháng tốt.

Nếu tình trạng bệnh nghiêm trọng hoặc bà con không chắc chắn về cách xử lý, hãy liên hệ ngay với **cán bộ kỹ thuật địa phương** để được hỗ trợ trực tiếp.

---
**Nguồn tham khảo:**
• [S12] PubMed: First report of leaf blight caused by Rhizoctonia solani on durian in Vietnam — https://pubmed.ncbi.nlm.nih.gov/30769621/
• [S13] SPC HCMC: Prevention of leaf blight disease — https://www.spchcmc.vn/EN/Plant-doctor-Detail/Prevention-Of-Leaf-Blight-Disease-5-8401.html
• [S14] Sataka: Durian leaf blight — https://sataka.com.vn/en/d",True,False,False,False,True,False,"Chào bạn, với tư cách là chuyên gia tư vấn kỹ thuật cây trồng, tôi xin đưa ra khuyến nghị xử lý cho tình trạng **bệnh thối lá (Leaf Blight)** trên cây sầu riêng của bạn.

Mức độ nhiễm bệnh từ **10–35%** được xếp vào nhóm **trung bình**. Đây là giai đoạn ""cảnh báo vàng"": bệnh chưa phá hủy toàn bộ tán lá nhưng nếu không can thiệp kịp thời, nó sẽ lan nhanh, làm giảm khả năng quang hợp, suy yếu cây và tạo điều kiện cho các bệnh hại khác (như thán thư, đốm nâu) xâm nhập.

Dưới đây là phác đồ xử lý chi tiết:

---

### 1. Nguyên nhân và Đặc điểm bệnh

*   **Tác nhân gây bệnh:** Bệnh thối lá sầu riêng thường do nấm **_Colletotrichum gloeosporioides_** (nấm thán thư) hoặc _Phytophthora palmivora_ gây ra. Trong điều kiện ẩm ướt, nấm phát triển mạnh và tấn công lá non, lá trưởng thành.
*   **Đặc điểm nhận biết:**
    *   Vết bệnh ban đầu là những đốm nhỏ màu nâu sẫm hoặc đen, thường xuất hiện ở mép lá hoặc đầu lá.
    *   Vết bệnh lan rộng nhanh chóng, tạo thành các mảng thối lớn, màu nâu xám hoặc đen, có thể có vòng tròn đồng tâm.
    *   Lá bị khô, giòn, dễ rụng sớm (rụng lá non hoặc lá già tùy mức độ).
    *   Thường xuất hiện mạnh sau những trận mưa lớn, sương mù dày đặc hoặc trong mùa mưa.

---

### 2. Biện pháp quản lý vườn (Canh tác)

Đây là bước **quan trọng nhất** để cắt đứt nguồn lây lan và giảm áp lực bệnh:

*   **Tỉa cành tạo tán:**
    *   Tỉa bỏ ngay những cành bị che khuất ánh sáng, cành sâu bệnh, cành khô.
    *   Tạo tán thông thoáng để gió lưu thông và ánh sáng mặt trời chiếu sâu vào tán lá, giúp lá khô nhanh sau mưa, hạn chế môi trường ẩm ướt cho nấm phát triển.
*   **Vệ sinh đồng ruộng:**
    *   Thu gom và tiêu hủy (đốt hoặc chôn vùi xa vườn) tất cả lá rụng, lá bệnh trên mặt đất. Đây là nguồn nấm tồn tại qua mùa.
    *   Không để lá bệnh nằm dưới tán cây.
*   **Quản lý nước:**
    *   Đảm bảo hệ thống thoát nước tốt, tránh úng rễ. Rễ bị úng sẽ làm cây suy yếu, dễ nhiễm bệnh lá.
    *   Tưới nước vào buổi sáng sớm để lá khô trước khi trời tối.
*   **Bón phân cân đối:**
    *   Tránh bón quá nhiều đạm (N) vì sẽ làm lá mềm, mỏng, dễ bị nấm tấn công.
    *   Tăng cường bón Kali (K) và Canxi (Ca) để tăng độ dày, cứng của lá, nâng cao sức đề kháng.
    *   Bổ sung vi lượng (Bo, Zn, Mg) và chất kích thích rễ (Amino acid, Humic acid) để phục hồi sức khỏe cây.

---

### 3. Có cần phun thuốc không? Phun gì?

**Câu trả lời: CÓ, cần phun thuốc ngay.**

Với mức độ 10–35%, biện pháp canh tác đơn thuần chưa đủ để kiểm soát. Bạn cần kết hợp phun thuốc bảo vệ thực vật (BVTV) theo nguyên tắc **phòng trị kết hợp**.

#### A. Nguyên tắc phun:
*   **Liệu trình:** Phun 2–3 lần, cách nhau 7–10 ngày.
*   **Thời điểm:** Phun vào buổi sáng sớm hoặc chiều mát, tránh phun lúc trời nắng gắt hoặc sắp mưa.
*   **Xịt kỹ:** Xịt ướt đều cả 2 mặt lá, đặc biệt là mặt dưới lá và các nách lá.

#### B. Nhóm thuốc khuyến nghị (Vòng xoay thuốc để tránh kháng thuốc):

**Lần 1: Thuốc đặc trị + Thuốc phòng ngừa**
*   **Thuốc đặc trị (Diệt nấm đã có):**
    *   *Azoxystrobin + Difenoconazole* (Ví dụ: Amistar Top, Score Neo, hoặc các sản phẩm tương đương).
    *   Hoặc *Mancozeb + Propineb* (Ví dụ: Anvil, Mancozeb 80WP).
*   **Thuốc phòng ngừa/Kích thích:**
    *   Kết hợp với *Trichoderma* (nấm đối kháng) hoặc *Bacillus subtilis* để cân bằng hệ vi sinh trên lá",True,True,False,False,True,True
blight_severity_3__WS_NORMAL,blight,3,WS_NORMAL,"Chào bạn, với vai trò là chuyên gia tư vấn bệnh cây trồng, tôi xin đưa ra kết quả chẩn đoán và khuyến nghị cho vườn sầu riêng của bạn dựa trên thông tin đã cung cấp.

### 1. Tóm tắt tình trạng bệnh
Cây sầu riêng của bạn đang mắc bệnh **Cháy lá (Leaf blight)**, do nấm *Rhizoctonia solani* hoặc các loài *Rhizoctonia* khác gây ra.
*   **Mức độ nghiêm trọng:** Mức 3 (Nặng). Diện tích bề mặt lá bị tổn thương lớn hơn 35%.
*   **Triệu chứng nhận biết:** Trên lá xuất hiện các vết cháy màu nâu nhạt hoặc nâu, mép vết bệnh không đều và có xu hướng lan rộng. Trong điều kiện ẩm ướt, bạn có thể quan sát thấy sợi nấm hoặc mô lá bị dính lại với nhau/cháy. Nếu không xử lý, nhiều phần lá sẽ bị khô héo.

### 2. Tóm tắt thời tiết sắp tới
Hiện tại và trong dự báo gần nhất, thời tiết ở khu vực vườn của bạn ở trạng thái **bình thường**, không có các yếu tố đặc biệt (như mưa lớn kéo dài hay độ ẩm cực cao bất thường) làm tăng đột biến nguy cơ lây lan bệnh trong thời điểm này. Tuy nhiên, vì bệnh đã ở mức độ nặng, việc quản lý vẫn cần được thực hiện nghiêm ngặt như trong điều kiện rủi ro cao.

### 3. Việc cần làm ngay
Bạn cần xem đây là trường hợp **nguy cơ cao** và cần phải **xác nhận thực địa** ngay lập tức.

*   **Lý do:** Mặc dù thời tiết hiện tại không có biến động xấu, nhưng mức độ bệnh đã lên đến Severity 3 (>35% diện tích lá bị hại). Bệnh cháy lá do *Rhizoctonia* có thể tiến triển rất nhanh nếu gặp điều kiện mưa ẩm. Do đó, không nên chỉ dựa vào hình ảnh để tự ý xử lý mà cần kiểm tra trực tiếp trên cây để đánh giá chính xác mức độ lây lan và loại trừ các bệnh khác có triệu chứng tương tự.

### 4. Quản lý
Để kiểm soát bệnh hiện tại, bạn cần thực hiện các biện pháp sau:
*   **Vệ sinh vườn:** Ưu tiên cắt tỉa và loại bỏ các lá, cành bị bệnh nặng. Vứt bỏ vật liệu bệnh ra khỏi vườn hoặc tiêu hủy an toàn để giảm nguồn nấm lây lan.
*   **Cải thiện thoát nước:** Đảm bảo vườn cây thoát nước tốt, tránh tình trạng úng nước hoặc ẩm ướt kéo dài tại gốc cây.
*   **Tư vấn chuyên gia:** Vì bệnh đã ở mức nặng, bạn nên liên hệ với chuyên gia hoặc cán bộ kỹ thuật địa phương để được tư vấn chọn lựa các biện pháp sinh học hoặc hóa học phù hợp nhất với tình trạng cụ thể của vườn, thay vì tự ý mua thuốc.

### 5. Phòng ngừa
Để ngăn ngừa bệnh tái phát hoặc lây lan sang các cây khác:
*   Duy trì hệ thống thoát nước tốt cho toàn bộ vườn.
*   Tỉa tán cây hợp lý để tăng độ thông thoáng, giảm độ ẩm cục bộ trong tán lá.
*   Thường xuyên vệ sinh lá và cành bệnh, hạn chế tối đa nguồn lây nhiễm tồn đọng trong vườn.

### 6. Theo dõi
*   Đặc biệt chú ý quan sát cây sau những cơn mưa.
*   Kiểm tra xem các vết cháy có lan rộng thêm hay không.
*   Quan sát kỹ trong điều kiện ẩm ướt để xem có xuất hiện sợi nấm trên bề mặt lá hay không.

### 7. Cảnh báo
Bệnh cháy lá (Blight) ở mức độ nặng có thể tiến triển rất nhanh, đặc biệt là trong điều kiện mưa và ẩm ướt. **Không nên tự ý xử lý chỉ dựa vào hình ảnh chụp**, vì có thể dẫn đến chẩn đoán sai hoặc xử lý không đúng cách làm bệnh nặng hơn.

### Nguồn tham khảo
• [S12] PubMed: First report of leaf blight caused by Rhizoctonia solani on durian in Vietnam — https://pubmed.ncbi.nlm.nih.gov/30769621/
• [S13] SPC HCMC: Prevention of leaf blight disease — https://www.spchcmc.vn/EN/Plant-doctor-Detail/Prevention-Of-Leaf-Blight-Disease-5-8401.html
• [S14] Sataka: Durian leaf blight — https://sataka.com.vn/en/durian-leaf-blight/
• [S15] FAO AGRIS: Control of leaf blight of durian caused by Rhizoctonia solani — https://agris.fao.org/search/en/providers/122430/records/64723e",True,False,False,False,False,False,"Chào bạn, với tư cách là chuyên gia tư vấn kỹ thuật cây trồng, tôi xin đưa ra khuyến nghị xử lý khẩn cấp cho tình huống bệnh thối lá (Leaf Blight) trên cây sầu riêng của bạn.

Với mức độ tổn thương **>35% diện tích lá**, đây được xem là tình trạng **nặng**. Nếu không xử lý kịp thời, cây sẽ mất khả năng quang hợp, suy kiệt, rụng lá hàng loạt và tạo điều kiện cho các bệnh hại khác (như thán thư, đốm nâu) tấn công, dẫn đến giảm năng suất vụ sau hoặc thậm chí chết cây non.

Dưới đây là phác đồ xử lý chi tiết:

### 1. Nguyên nhân và Đặc điểm bệnh

*   **Tác nhân gây bệnh:** Chủ yếu do nấm *Cercospora* spp. hoặc *Colletotrichum* spp. (nấm thán thư cũng thường gây triệu chứng tương tự ở giai đoạn đầu). Nấm phát triển mạnh trong điều kiện ẩm ướt, mưa nhiều, vườn cây rậm rạp, thiếu ánh sáng.
*   **Triệu chứng điển hình:**
    *   Xuất hiện các đốm nhỏ màu nâu sẫm hoặc đen trên phiến lá, thường bắt đầu từ mép lá hoặc gân lá.
    *   Các đốm lan rộng nhanh chóng, tạo thành những mảng cháy lá lớn, màu nâu xám hoặc đen.
    *   Lá bị khô, giòn và rụng sớm.
    *   Ở mức độ nặng (>35%), toàn bộ tán lá có thể bị cháy đen, chỉ còn lại cuống lá.

### 2. Biện pháp quản lý vườn (Vệ sinh và Cải tạo môi trường)

Đây là bước **bắt buộc** phải thực hiện trước khi phun thuốc để giảm nguồn bệnh:

1.  **Tỉa cành, tạo tán:**
    *   Tỉa bỏ ngay các cành bị bệnh nặng, cành sâu, cành tăm, cành nằm sâu trong tán gây bí bách.
    *   Mục tiêu: Tăng độ thông thoáng, giúp ánh sáng xuyên vào tán lá và gió lưu thông tốt, làm giảm độ ẩm cục bộ – điều kiện thuận lợi cho nấm phát triển.
2.  **Thu gom và tiêu hủy tàn dư thực vật:**
    *   Dọn sạch lá rụng, cành gãy dưới gốc và xung quanh tán cây.
    *   Đốt hoặc chôn vùi sâu các vật liệu này. **Không** để lại trong vườn vì đây là ổ chứa bào tử nấm cho vụ sau.
3.  **Kiểm soát cỏ dại:**
    *   Cắt cỏ xung quanh gốc và giữa hàng cây để giảm độ ẩm đất và hạn chế nơi trú ẩn của nấm.
4.  **Cải thiện hệ thống thoát nước:**
    *   Đảm bảo vườn không bị úng nước sau mưa. Nấm phát triển mạnh trong môi trường ẩm ướt.

### 3. Có cần phun thuốc hay không? Phun gì?

**CÓ, bắt buộc phải phun thuốc hóa học kết hợp sinh học.** Với mức độ >35%, biện pháp canh tác đơn thuần không đủ để kiểm soát dịch bệnh.

#### A. Phác đồ phun thuốc (Khuyến nghị)

Bạn nên phun **2-3 lần**, cách nhau **7-10 ngày**, cho đến khi bệnh được kiểm soát.

**Lần 1: Xử lý khẩn cấp (Diệt nấm mạnh)**
*   **Nhóm thuốc:** Sử dụng thuốc có hoạt chất **Azoxystrobin + Difenoconazole** hoặc **Propineb + Mancozeb**.
    *   *Ví dụ:* Amistar Top, Score 250EC, Anvil 5SC, hoặc các sản phẩm chứa Propineb (như Rovral, Antracol).
    *   *Lưu ý:* Nếu dùng nhóm chứa Azoxystrobin, hãy luân phiên với nhóm khác ở lần phun sau để tránh kháng thuốc.
*   **Kết hợp:** Thêm **chất bám dính** (như dầu khoáng, silicone) để thuốc thấm sâu và bám tốt hơn trên lá.

**Lần 2: Hỗ trợ và ngăn tái phát (Cách lần 1 7-10 ngày)**
*   **Nhóm thuốc:** Sử dụng thuốc có hoạt chất **Mancozeb** hoặc **Chlorothalonil** (nhóm phòng trừ phổ rộng).
    *   *Ví dụ:* Mancozeb 80WP, Dithane M45, Bravo 800WP.
*   **Kết hợp:** Phun kèm **thuốc kích thích rễ và lá** (chứa Amino Acid, Humic Acid, KNO3) để giúp cây phục hồi nhanh, tăng sức đề kháng.

**Lần 3: Phòng ngừa và củng cố (Cách lần 2 7-10",True,True,False,False,True,True
blight_severity_3__WS_RAIN_SPORE_DISPERSAL,blight,3,WS_RAIN_SPORE_DISPERSAL,"Chào bạn, với tư cách là chuyên gia tư vấn bệnh cây trồng, tôi xin đưa ra đánh giá và hướng xử lý cho tình trạng bệnh trên vườn sầu riêng của bạn dựa trên dữ liệu chẩn đoán và dự báo thời tiết hiện tại.

### 1. Tóm tắt tình trạng bệnh
Cây sầu riêng của bạn đang mắc bệnh **Cháy lá (Leaf blight)**, do nấm *Rhizoctonia solani* hoặc các loài nấm *Rhizoctonia* khác gây ra.
*   **Mức độ nghiêm trọng:** Cao (Severity 3).
*   **Biểu hiện:** Hơn 35% diện tích bề mặt lá bị tổn thương. Lá xuất hiện các vết cháy màu nâu nhạt hoặc nâu, mép vết bệnh không đều và có xu hướng lan rộng. Trong điều kiện ẩm ướt, bạn có thể quan sát thấy sợi nấm hoặc mô lá bị dính lại với nhau. Nếu không xử lý, nhiều phần lá sẽ bị khô héo.

### 2. Tóm tắt thời tiết sắp tới
*   **Dự báo:** Có mưa đáng kể trong 3 ngày tới.
*   **Mức độ rủi ro:** Tăng cao (increased).
*   **Tác động:** Lượng mưa này tạo điều kiện thuận lợi cho bào tử nấm phát tán và nảy mầm, làm bệnh cháy lá lan nhanh hơn.

### 3. Việc cần làm ngay
Do dự báo có **mưa đáng kể trong 3 ngày tới**, làm tăng độ ẩm và tạo môi trường lý tưởng cho nấm *Rhizoctonia* phát triển mạnh, bạn cần thực hiện ngay các hành động sau:

1.  **Kiểm tra lá sau mỗi đợt mưa:** Hãy quan sát kỹ tán cây sau khi mưa tạnh để phát hiện sớm các vết bệnh mới hoặc sự lan rộng của vết cháy cũ.
2.  **Tuyệt đối không cắt tỉa hoặc di chuyển trong tán cây khi lá còn ướt:** Việc này sẽ vô tình làm lây lan bào tử nấm từ lá bệnh sang lá khỏe thông qua tiếp xúc cơ học. Hãy đợi lá khô ráo trước khi thực hiện bất kỳ thao tác chăm sóc nào.
3.  **Đảm bảo thoát nước tốt:** Kiểm tra hệ thống mương rãnh ngay lập tức để tránh积水 (ứ đọng nước) quanh gốc cây, vì độ ẩm kéo dài là yếu tố nguy cơ chính khiến bệnh nặng thêm.
4.  **Xác nhận thực địa:** Vì mức độ bệnh đã ở mức cao (Severity 3), đây là ca nguy cơ cao. Bạn nên mời cán bộ kỹ thuật địa phương đến xem xét trực tiếp để có phương án xử lý chính xác nhất.

### 4. Quản lý
*   **Vệ sinh vườn:** Ưu tiên thu gom và loại bỏ các vật liệu bệnh nặng (lá, cành bị cháy nhiều) ra khỏi vườn để giảm nguồn lây nhiễm.
*   **Giảm độ ẩm khẩn cấp:** Cải thiện hệ thống thoát nước và tỉa thưa tán cây (khi thời tiết cho phép và lá đã khô) để tăng độ thông thoáng, giảm độ ẩm trong tán.
*   **Tư vấn chuyên gia:** Do bệnh đã ở mức độ nặng, bạn cần liên hệ với chuyên gia hoặc cán bộ kỹ thuật để lựa chọn biện pháp phòng trừ sinh học hoặc hóa học phù hợp với tình trạng cụ thể của vườn, tránh tự ý sử dụng thuốc không đúng cách.

### 5. Phòng ngừa
*   Duy trì hệ thống thoát nước tốt quanh năm.
*   Tỉa tán hợp lý để cây thông thoáng, giảm độ ẩm cục bộ.
*   Vệ sinh thường xuyên lá và cành bệnh, hạn chế tối đa nguồn lây lan trong vườn.

### 6. Theo dõi
*   Theo dõi sát sao tình trạng lá sau mỗi trận mưa.
*   Quan sát xem vết cháy có lan rộng thêm không và có xuất hiện sợi nấm trong điều kiện ẩm ướt hay không.

### 7. Cảnh báo
Bệnh cháy lá (Blight) nặng có thể tiến triển rất nhanh trong điều kiện mưa ẩm. **Không nên tự xử lý chỉ dựa vào hình ảnh hoặc thông tin sơ bộ.** Việc chẩn đoán sai hoặc xử lý muộn có thể dẫn đến mất mát lớn. Hãy liên hệ với cán bộ kỹ thuật địa phương để được hỗ trợ trực tiếp.

---
**Nguồn tham khảo:**
• [S12] PubMed: First report of leaf blight caused by Rhizoctonia solani on durian in Vietnam — https://pubmed.ncbi.nlm.nih.gov/30769621/
• [S13] SPC HCMC: Prevention of leaf blight disease — https://www.spchcmc.vn/EN/Plant-doctor-Detail/Prevention-Of-Leaf-Blight-Disease-5-8401.html
• [S14] Sataka: Durian leaf blight — https://sataka",True,False,False,False,False,False,"Chào bạn, với tư cách là chuyên gia tư vấn bệnh cây trồng, tôi nhận thấy tình trạng **bệnh thối lá (Leaf Blight)** trên vườn sầu riêng của bạn đang ở mức **cấp bách và nghiêm trọng** (>35% diện tích lá bị tổn thương).

Ở mức độ này, quang hợp của cây bị suy giảm mạnh, ảnh hưởng trực tiếp đến năng suất vụ sau và sức đề kháng tổng thể của cây. Dưới đây là phác đồ xử lý chi tiết:

### 1. Nguyên nhân và Đặc điểm bệnh

*   **Tác nhân gây bệnh:** Chủ yếu do nấm *Colletotrichum gloeosporioides* (nấm gây bệnh đốm lá, thán thư) hoặc *Cercospora* spp. Trong điều kiện ẩm ướt, nấm phát triển nhanh, xâm nhập qua vết thương nhỏ hoặc trực tiếp qua biểu bì lá.
*   **Đặc điểm nhận biết:**
    *   Lá xuất hiện các đốm nâu đen, thường bắt đầu từ mép lá hoặc đầu lá, sau đó lan rộng vào giữa phiến lá.
    *   Các đốm bệnh có thể có viền vàng bao quanh.
    *   Khi bệnh nặng, lá bị khô cháy, rụng sớm (hiện tượng ""rụng lá non"" hoặc ""rụng lá già"" tùy giai đoạn).
    *   Bệnh thường bùng phát mạnh trong mùa mưa, độ ẩm cao (>80%), vườn cây rậm rạp, thiếu ánh sáng.

### 2. Biện pháp quản lý vườn (Vệ sinh và Cải tạo môi trường)

Đây là bước **bắt buộc** phải thực hiện ngay trước khi phun thuốc để giảm nguồn nấm bệnh trong vườn:

*   **Tỉa cành tạo tán:** Cắt bỏ ngay tất cả các cành khô, cành bệnh, cành bị sâu hại. Tỉa thưa tán cây để tăng độ thông thoáng, giúp ánh sáng mặt trời chiếu sâu vào tán và gió lưu thông tốt, làm giảm độ ẩm cục bộ.
*   **Thu gom và tiêu hủy tàn dư thực vật:** Dọn sạch lá rụng, lá bệnh dưới gốc và xung quanh tán cây. Đốt hoặc chôn vùi sâu (có rắc vôi bột lên trên) để tiêu diệt bào tử nấm. **Không** để lá bệnh nằm lại trong vườn vì đây là nguồn lây nhiễm chính.
*   **Quản lý nước:** Kiểm tra hệ thống thoát nước. Đảm bảo vườn không bị úng nước sau mưa. Nếu có thể, hạn chế tưới nước lên tán lá (nên tưới gốc) để tránh tạo môi trường ẩm ướt cho nấm phát triển.
*   **Bón phân cân đối:** Tránh bón thừa đạm (N) vì làm cây sinh trưởng quá mạnh, mô lá mềm, dễ bị nấm tấn công. Tăng cường bón Kali (K) và Canxi (Ca) để tăng độ bền vững của thành tế bào lá.

### 3. Có cần phun thuốc không? Phun gì?

**CÓ, cần phun thuốc ngay lập tức.** Với mức độ >35%, biện pháp canh tác đơn thuần không đủ để kiểm soát dịch bệnh.

#### Nguyên tắc phun:
*   **Xịt ướt đều:** Cả mặt trên và mặt dưới lá, đặc biệt là các tán lá bị bệnh nặng.
*   **Liều lượng:** Dùng liều cao nhất cho phép trên nhãn thuốc (liều điều trị).
*   **Tần suất:** Phun cách nhau 7-10 ngày, lặp lại 2-3 lần cho đến khi kiểm soát được bệnh.

#### Khuyến nghị thuốc (Kết hợp thuốc đặc hiệu + thuốc phòng ngừa):

**Lựa chọn 1: Nhóm thuốc đặc hiệu (Diệt nấm hệ thống)**
*   **Hóa chất:** Difenoconazole (ví dụ: Score 250EC, Anvil 5SC) hoặc Azoxystrobin + Difenoconazole (ví dụ: Amistar Top 325SC).
*   **Cơ chế:** Thấm sâu vào mô lá, diệt nấm từ bên trong và ngăn chặn sự lây lan.
*   **Lưu ý:** Không nên dùng liên tục cùng một hoạt chất để tránh kháng thuốc.

**Lựa chọn 2: Nhóm thuốc tiếp xúc + Hệ thống (Kết hợp)**
*   **Hóa chất:** Mancozeb (tiếp xúc, phòng ngừa) kết hợp với Propineb hoặc Copper Hydroxide (Đồng oxyclorua).
*   **Cơ chế:** Tạo màng bảo vệ trên bề mặt lá, tiêu diệt bào tử nấm tiếp xúc.
*   **Lưu ý:** Thuốc đồng có thể gây cháy lá nếu phun lúc trời nắng gắt hoặc nồng độ quá cao. Chỉ phun vào buổi chiều mát.

**Phác đồ đề xuất:**
1.  **Lần 1:** Phun thuốc chứa **Dif",True,True,False,False,True,True
blight_severity_3__WS_HIGH_HUMIDITY_FUNGAL,blight,3,WS_HIGH_HUMIDITY_FUNGAL,"Chào bạn, với tư cách là chuyên gia tư vấn bệnh cây trồng, tôi xin đưa ra nhận định và hướng xử lý cho tình trạng bệnh trên cây sầu riêng của bạn dựa trên dữ liệu chẩn đoán và dự báo thời tiết hiện tại.

### 1. Tóm tắt tình trạng bệnh
Cây sầu riêng của bạn đang mắc bệnh **Cháy lá (Leaf blight)**, do nấm *Rhizoctonia solani* hoặc các loài *Rhizoctonia* khác gây ra.
*   **Mức độ nghiêm trọng:** Cao (Severity 3).
*   **Biểu hiện:** Hơn 35% diện tích bề mặt lá bị tổn thương. Các vết cháy có màu nâu nhạt hoặc nâu, mép vết bệnh không đều và có xu hướng lan rộng. Trong điều kiện ẩm ướt, bạn có thể quan sát thấy sợi nấm hoặc mô lá bị dính/cháy. Nếu không xử lý kịp thời, nhiều phần lá sẽ bị khô héo.

### 2. Tóm tắt thời tiết sắp tới
Dự báo thời tiết trong **3 ngày tới** sẽ duy trì **độ ẩm cao kéo dài**. Đây là mức rủi ro tăng cao (""increased""), tạo điều kiện cực kỳ thuận lợi cho nấm bệnh đốm lá/cháy lá phát sinh mạnh hoặc lan rộng nhanh chóng.

### 3. Việc cần làm ngay
Do dự báo độ ẩm cao kéo dài trong 3 ngày tới là điều kiện lý tưởng để nấm *Rhizoctonia* phát triển và lây lan, bạn cần thực hiện ngay các hành động sau để cắt đứt nguồn lây và giảm áp lực bệnh:

*   **Kiểm tra kỹ tán lá:** Tăng tần suất kiểm tra, đặc biệt chú ý quan sát **mặt dưới lá** để phát hiện sớm các vết bệnh mới hoặc sợi nấm.
*   **Cải thiện thông thoáng:** Tỉa bỏ các cành lá rậm rạp bên trong tán cây để gió lưu thông tốt hơn, giúp lá khô nhanh sau khi có nước.
*   **Điều chỉnh tưới nước:** Tuyệt đối **tránh tưới làm ướt lá** vào buổi chiều hoặc tối. Việc này sẽ khiến lá ẩm ướt qua đêm, tạo môi trường hoàn hảo cho nấm bệnh bùng phát trong điều kiện độ ẩm cao hiện tại.
*   **Xác nhận thực địa:** Vì mức độ bệnh đã ở mức cao (Severity 3), đây là ca nguy cơ cao. Bạn cần ra vườn kiểm tra trực tiếp để xác nhận chính xác mức độ lây lan trước khi quyết định biện pháp xử lý sâu hơn.

### 4. Quản lý
*   **Vệ sinh vườn:** Ưu tiên thu gom và loại bỏ các vật liệu bệnh nặng (lá rụng, cành khô có bệnh) ra khỏi vườn để giảm nguồn nấm bệnh tồn tại.
*   **Cải thiện thoát nước:** Đảm bảo vườn cây thoát nước tốt, tránh tình trạng đọng nước gây ẩm ướt kéo dài cho bộ rễ và tán lá.
*   **Tư vấn chuyên gia:** Do bệnh đã ở mức độ nặng và điều kiện thời tiết bất lợi, bạn nên **liên hệ với cán bộ kỹ thuật địa phương hoặc chuyên gia** để được tư vấn chọn lựa các biện pháp sinh học hoặc hóa học phù hợp nhất với tình trạng cụ thể của vườn, thay vì tự ý mua thuốc.

### 5. Phòng ngừa
*   Duy trì hệ thống thoát nước tốt quanh năm.
*   Thường xuyên tỉa tán cây để giảm độ ẩm cục bộ trong tán.
*   Vệ sinh định kỳ lá và cành bệnh, hạn chế tối đa nguồn lây lan trong vườn.

### 6. Theo dõi
*   **Sau mỗi trận mưa hoặc trong những ngày ẩm ướt:** Cần quan sát kỹ các vết cháy lá cũ xem có lan rộng thêm không.
*   **Quan sát dấu hiệu nấm:** Kiểm tra xem có xuất hiện sợi nấm mới trên các vết bệnh trong điều kiện ẩm ướt hay không. Đây là dấu hiệu cho thấy bệnh đang hoạt động mạnh.

### 7. Cảnh báo
Bệnh cháy lá (Blight) ở mức độ nặng có thể tiến triển rất nhanh trong điều kiện mưa ẩm. **Không nên tự ý xử lý chỉ dựa vào hình ảnh hoặc kinh nghiệm cá nhân** mà không có sự xác nhận thực địa, vì có thể dẫn đến sai lầm trong chẩn đoán và điều trị, làm bệnh nặng hơn.

---

### Nguồn tham khảo
• [S12] PubMed: First report of leaf blight caused by Rhizoctonia solani on durian in Vietnam — https://pubmed.ncbi.nlm.nih.gov/30769621/
• [S13] SPC HCMC: Prevention of leaf blight disease — https://www.spchcmc.vn/EN/Plant-doctor-Detail/Prevention-Of-Leaf-Blight-Disease-5-8401.html
• [S14] Sataka:",True,False,False,False,False,False,"Chào bác, với tư cách là chuyên gia tư vấn kỹ thuật cây trồng, tôi xin đưa ra khuyến nghị xử lý khẩn cấp cho tình trạng **bệnh thối lá (leaf blight)** trên vườn sầu riêng của bác.

Với mức độ tổn thương **>35% diện tích lá**, đây là tình trạng **NẶNG**. Cây đang suy yếu nghiêm trọng, khả năng quang hợp giảm mạnh, ảnh hưởng trực tiếp đến năng suất vụ mùa và sức đề kháng của cây. Cần xử lý ngay lập tức theo các bước sau:

---

### 1. Nguyên nhân và Đặc điểm bệnh

*   **Tác nhân gây bệnh:** Bệnh thối lá sầu riêng thường do nấm **Phytophthora palmivora** hoặc **Colletotrichum gloeosporioides** (nấm gây bệnh thán thư) gây ra. Trong điều kiện ẩm ướt, mưa nhiều, nấm *Phytophthora* là thủ phạm chính gây thối lá non và lá già.
*   **Triệu chứng điển hình:**
    *   Vết bệnh bắt đầu từ mép lá hoặc đầu lá, lan dần vào trong.
    *   Lá bị đốm nâu đen, mềm nhũn, sau đó khô cháy và rụng sớm.
    *   Nếu nặng (>35%), cây có thể bị trụi lá cục bộ hoặc toàn bộ tán, cành non bị khô héo.
*   **Điều kiện thuận lợi cho bệnh phát triển:**
    *   Độ ẩm không khí cao (>85%), mưa liên tục, vườn cây bị úng nước.
    *   Tán cây rậm rạp, thiếu ánh sáng, thông gió kém.
    *   Đất vườn bị chua, nghèo dinh dưỡng, đặc biệt là thiếu Canxi (Ca) và Magie (Mg) làm lá mỏng, dễ bị nấm xâm nhập.

---

### 2. Biện pháp quản lý vườn (Cần thực hiện ngay)

Đây là bước quan trọng để cắt đứt nguồn lây lan và tạo điều kiện bất lợi cho nấm phát triển:

*   **Cắt tỉa và vệ sinh vườn:**
    *   Cắt bỏ tất cả các lá bị bệnh, cành khô, cành sâu bệnh. **Lưu ý:** Phải thu gom và tiêu hủy (đốt hoặc chôn vùi sâu) ngay lập tức, không để lại trong vườn.
    *   Tỉa thưa tán cây để tăng độ thông thoáng, giảm độ ẩm cục bộ trong tán lá.
*   **Quản lý nước:**
    *   Kiểm tra hệ thống thoát nước. Đảm bảo vườn không bị úng nước, đặc biệt sau mưa.
    *   Tưới nước vào buổi sáng sớm, tránh tưới vào buổi chiều tối để lá khô nhanh trước khi đêm xuống.
*   **Bón phân cân đối:**
    *   Bón bổ sung phân bón lá chứa **Canxi (Ca)** và **Magie (Mg)** để tăng độ dày và bền vững của màng tế bào lá, giúp lá kháng bệnh tốt hơn.
    *   Tránh bón quá nhiều phân Nitơ (N) trong giai đoạn này vì sẽ làm cây sinh trưởng mạnh nhưng mềm yếu, dễ bị nấm tấn công.

---

### 3. Có cần phun thuốc không? Phun gì?

**CÓ, cần phun thuốc ngay lập tức.** Với mức độ >35%, biện pháp canh tác đơn thuần không đủ để kiểm soát bệnh. Cần kết hợp thuốc đặc trị và thuốc phòng ngừa.

#### **Lịch trình phun thuốc đề xuất (Xử lý trong 7-10 ngày đầu):**

*   **Lần 1 (Ngay hôm nay):**
    *   **Thuốc đặc trị:** Sử dụng hoạt chất **Mancozeb 80WP** hoặc **Propineb 70WP** (nhóm đồng) để tiêu diệt nấm trên bề mặt lá.
    *   **Hoặc:** Sử dụng thuốc sinh học kết hợp hóa học: **Trichoderma** (bột hoặc nước) + **Kali Copper (KOC)** để vừa diệt nấm vừa kích thích cây phục hồi.
*   **Lần 2 (Sau lần 1 từ 3-5 ngày):**
    *   Sử dụng thuốc có hoạt chất **Azoxystrobin + Difenoconazole** (ví dụ: Amistar Top, Score, hoặc các sản phẩm tương đương) để ngăn chặn sự phát triển của nấm và bảo vệ lá mới.
    *   Kết hợp với **Thuốc kích thích rễ và lá** (chứa Axit Humic, Amino Acid, Vitamin B1) để giúp cây phục hồi nhanh, tăng sức đề kháng.
*   **Lần 3 (Sau lần 2 từ 5-7 ngày):**
    *   Phun lại thuốc phòng ngừa: **Mancozeb**",True,True,False,False,True,True
blight_severity_3__WS_PROLONGED_WET_SEVERE,blight,3,WS_PROLONGED_WET_SEVERE,"Chào bạn, tôi là chuyên gia tư vấn bệnh cây trồng. Dựa trên kết quả chẩn đoán và dữ liệu thời tiết hiện tại, dưới đây là báo cáo chi tiết và hướng dẫn xử lý cho vườn sầu riêng của bạn.

### 1. Tóm tắt tình trạng bệnh
Cây sầu riêng của bạn đang mắc bệnh **Cháy lá (Leaf blight)**, do nấm *Rhizoctonia solani* hoặc các loài *Rhizoctonia* khác gây ra.
*   **Mức độ nghiêm trọng:** Mức 3 (Nặng).
*   **Diện tích tổn thương:** Hơn 35% diện tích bề mặt lá bị ảnh hưởng.
*   **Triệu chứng nhận biết:** Xuất hiện các vết cháy màu nâu nhạt hoặc nâu trên lá, mép vết bệnh không đều và có xu hướng lan rộng. Trong điều kiện ẩm ướt, bạn có thể quan sát thấy sợi nấm hoặc mô lá bị dính lại với nhau và cháy. Nếu không xử lý kịp thời, nhiều phần lá sẽ bị khô héo.

### 2. Tóm tắt thời tiết sắp tới
*   **Dự báo:** Tổng lượng mưa trong 3 ngày tới **rất lớn**.
*   **Rủi ro:** Mức rủi ro **Cao (High)**.
*   **Tác động:** Lượng mưa lớn kết hợp với độ ẩm cao kéo dài sẽ tạo điều kiện lý tưởng khiến bệnh cháy lá lan nhanh hơn bình thường rất nhiều.

### 3. Việc cần làm ngay
Do dự báo **lượng mưa rất lớn trong 3 ngày tới** và vườn đang ở mức bệnh nặng (Severity 3), bạn cần thực hiện ngay các hành động sau để ngăn chặn dịch bệnh bùng phát mạnh:

*   **Xác nhận thực địa ngay:** Đây là trường hợp nguy cơ cao, cần kiểm tra trực tiếp vườn cây để đánh giá chính xác mức độ lây lan.
*   **Cải thiện thoát nước khẩn cấp:** Vì mưa lớn sẽ làm đất bị úng, bạn cần nạo vét rãnh thoát nước, đảm bảo nước mưa thoát nhanh ra khỏi gốc cây. Độ ẩm đất cao và úng nước là nguyên nhân chính khiến nấm *Rhizoctonia* phát triển mạnh.
*   **Vệ sinh vườn:** Loại bỏ và tiêu hủy các lá/cành bị bệnh nặng (nếu có thể thu gom được) để giảm nguồn nấm bệnh trong vườn.
*   **Liên hệ chuyên gia:** Do mức độ bệnh nặng và điều kiện thời tiết bất lợi, bạn nên liên hệ ngay với cán bộ kỹ thuật địa phương hoặc chuyên gia để được tư vấn chọn các biện pháp sinh học hoặc hóa học phù hợp nhất cho tình trạng cụ thể của vườn. **Không tự ý phun thuốc bừa bãi.**

### 4. Quản lý
*   **Vệ sinh:** Tiếp tục loại bỏ vật liệu bệnh nặng để hạn chế nguồn lây lan.
*   **Kiểm soát độ ẩm:** Ưu tiên tuyệt đối việc thoát nước và giảm độ ẩm xung quanh gốc cây.
*   **Tư vấn chuyên sâu:** Liên hệ chuyên gia để có phác đồ điều trị cụ thể (sinh học/hóa học) phù hợp với giai đoạn bệnh hiện tại.

### 5. Phòng ngừa
*   **Thoát nước:** Duy trì hệ thống thoát nước tốt quanh năm, đặc biệt là trong mùa mưa.
*   **Tỉa tán:** Tỉa bớt cành lá rậm rạp để tăng độ thông thoáng, giúp lá khô nhanh hơn sau mưa, giảm độ ẩm cục bộ trong tán cây.
*   **Vệ sinh vườn:** Thường xuyên thu gom và tiêu hủy lá/cành bệnh, hạn chế nguồn lây nhiễm trong vườn.

### 6. Theo dõi
*   **Sau mỗi trận mưa:** Kiểm tra kỹ tán lá, đặc biệt là các khu vực thấp trũng hoặc thoát nước kém.
*   **Quan sát triệu chứng:** Theo dõi xem vết cháy có lan rộng thêm không và có xuất hiện sợi nấm mới trong điều kiện ẩm ướt hay không. Ghi nhận sớm nếu thấy dấu hiệu bệnh tiến triển để báo cáo kịp thời.

### 7. Cảnh báo
*   Bệnh cháy lá (Blight) ở mức độ nặng có thể tiến triển **rất nhanh** trong điều kiện mưa ẩm và độ ẩm cao như hiện tại.
*   **Không nên tự xử lý chỉ dựa vào hình ảnh hoặc chẩn đoán sơ bộ.** Việc tự ý sử dụng thuốc không đúng loại hoặc liều lượng có thể không hiệu quả hoặc gây hại cho cây. Hãy tuân thủ hướng dẫn của cán bộ kỹ thuật địa phương.

---

### Nguồn tham khảo
*   [S12] PubMed: First report of leaf blight caused by Rhizoctonia solani on durian in Vietnam — https://pubmed.ncbi.nlm.nih.gov/30769621/
*   [S13] SPC HCMC: Prevention of leaf",True,False,False,False,True,False,"Chào bà con, với tư cách là chuyên gia tư vấn bệnh cây trồng, tôi xin đưa ra khuyến nghị xử lý khẩn cấp cho tình huống **bệnh thối lá (Leaf Blight)** trên cây sầu riêng với mức độ nhiễm bệnh **nặng (>35% diện tích lá)**.

Đây là tình huống cấp bách vì khi hơn 1/3 tán lá bị tổn thương, khả năng quang hợp của cây suy giảm nghiêm trọng, ảnh hưởng trực tiếp đến năng suất vụ trái sắp tới hoặc sức khỏe của cây trong giai đoạn nuôi trái.

Dưới đây là phác đồ xử lý chi tiết:

### 1. Nguyên nhân và Đặc điểm bệnh

*   **Nguyên nhân chính:** Bệnh thường do nấm *Colletotrichum gloeosporioides* (nấm gây bệnh thán thư) hoặc *Phytophthora palmivora* (nấm gây thối rễ/thối trái, nhưng cũng gây thối lá trong điều kiện ẩm ướt) tấn công.
    *   *Lưu ý:* Ở giai đoạn lá non hoặc lá già trong mùa mưa, nấm *Colletotrichum* là thủ phạm phổ biến nhất gây đốm nâu, lan rộng thành mảng thối.
*   **Điều kiện thuận lợi:**
    *   Độ ẩm không khí cao (>85%), mưa nhiều, sương mù dày.
    *   Vườn cây rậm rạp, thiếu ánh sáng, thông gió kém.
    *   Cây suy yếu do thiếu dinh dưỡng (đặc biệt là Kali và Canxi) hoặc bị sâu bệnh khác tấn công trước đó.
*   **Triệu chứng nhận biết:**
    *   Xuất hiện các đốm nhỏ màu nâu đen trên phiến lá, thường bắt đầu từ mép lá hoặc gân lá.
    *   Đốm bệnh lan nhanh, hợp lại thành những mảng lớn màu nâu sẫm hoặc đen, làm lá bị khô, giòn và rụng sớm.
    *   Nếu nặng, toàn bộ lá non có thể bị cháy khô và rụng hàng loạt.

### 2. Biện pháp quản lý vườn (Xử lý cơ giới và canh tác)

Vì mức độ bệnh đã nặng, việc chỉ phun thuốc là chưa đủ. Bà con cần kết hợp các biện pháp sau ngay lập tức:

*   **Tỉa cành tạo tán:**
    *   Cắt bỏ ngay các cành bị bệnh nặng, lá bị thối, đốm bệnh.
    *   Tỉa thưa những cành nằm sâu trong tán, cành khuất gió để tăng độ thông thoáng và ánh sáng xuyên vào trong tán cây. Đây là bước **quan trọng nhất** để giảm độ ẩm cục bộ.
*   **Vệ sinh vườn:**
    *   Thu gom toàn bộ lá rụng, cành cắt bỏ và **đốt hủy** hoặc chôn vùi sâu dưới đất (không để lại trong vườn vì là nguồn bệnh tái nhiễm).
    *   Làm sạch cỏ dại xung quanh gốc cây để giảm nơi ẩn náu của nấm bệnh và côn trùng trung gian.
*   **Hạn chế tưới nước vào buổi tối:**
    *   Chỉ tưới vào buổi sáng sớm để lá kịp khô trước khi trời tối.
    *   Tránh tưới phun lên tán lá nếu có thể, ưu tiên tưới nhỏ giọt hoặc tưới gốc.

### 3. Có cần phun thuốc hay không? Phun gì?

**Câu trả lời: CÓ, bắt buộc phải phun thuốc hóa học kết hợp với sinh học để kiểm soát dịch bệnh nhanh chóng.**

Do diện tích nhiễm >35%, bà con cần áp dụng **phác đồ 2-3 lần phun**, cách nhau 5-7 ngày.

#### **Lần 1: Phun trị bệnh mạnh (Diệt trừ nguồn bệnh hiện tại)**
*   **Nhóm thuốc đặc trị nấm Colletotrichum/Phytophthora:**
    *   *Chọn 1 trong các hoạt chất sau:*
        *   **Mancozeb 80WP** hoặc **Zinc Mancozeb**: Thuốc phòng trị phổ rộng, tạo màng bảo vệ.
        *   **Propineb 70WP**: Hiệu quả tốt với nấm gây đốm lá.
        *   **Azoxystrobin + Difenoconazole** (ví dụ: Amistar Top, Score): Nhóm thuốc nội hấp, vừa trị vừa phòng, giúp lá xanh lại nhanh.
        *   *Nếu nghi ngờ do Phytophthora:* Dùng **Metalaxyl-M 35WP** hoặc **Dimethomorph**.
*   **Kết hợp:** Có thể pha chung với **Canxi Bo** hoặc **Canxi Magie** để tăng độ bền của lá, giúp lá mau phục hồi.

#### **Lần 2: Phun củng cố và phòng ngừa tái nhiễm (Sau 5-7 ngày)**
*   **Nhóm thuốc sinh",True,True,False,False,True,True
blight_severity_3__WS_PSYLLID_WARM_CONDITIONS,blight,3,WS_PSYLLID_WARM_CONDITIONS,"Chào bạn, tôi là chuyên gia tư vấn bệnh cây trồng. Dựa trên kết quả chẩn đoán và dữ liệu hiện có, dưới đây là khuyến nghị chi tiết cho vườn sầu riêng của bạn:

### 1. Tóm tắt tình trạng bệnh
Cây sầu riêng của bạn đang bị nhiễm **Bệnh cháy lá (Leaf blight)** do nấm *Rhizoctonia solani* hoặc các loài *Rhizoctonia* khác gây ra.
*   **Mức độ nghiêm trọng:** Cao (Severity 3).
*   **Biểu hiện:** Hơn 35% diện tích bề mặt lá bị tổn thương. Các vết bệnh có màu nâu nhạt hoặc nâu, mép vết bệnh không đều, lan rộng. Trong điều kiện ẩm ướt, bạn có thể thấy sợi nấm hoặc mô lá bị dính/cháy. Nếu không xử lý, bệnh có thể làm khô nhiều phần lá.

### 2. Tóm tắt thời tiết sắp tới
*   **Kịch bản:** Đêm ấm kéo dài trong 3 ngày tới.
*   **Đánh giá:** Điều kiện này thuận lợi cho sự phát triển của rầy chổng cánh (psyllid). Tuy nhiên, đối với bệnh cháy lá do nấm *Rhizoctonia*, kịch bản thời tiết này **không thuộc nhóm điều kiện nguy cơ đặc biệt** đã được xác định trong cơ sở dữ liệu hiện tại. Do đó, chúng ta sẽ tiếp tục áp dụng các biện pháp quản lý và theo dõi tiêu chuẩn.

### 3. Việc cần làm ngay
Đây là trường hợp **nguy cơ cao**, bạn cần thực hiện các hành động sau ngay lập tức:

*   **Xác nhận thực địa:** Vì mức độ bệnh đã ở mức nặng (>35% lá bị tổn thương), không nên chỉ dựa vào hình ảnh. Hãy kiểm tra trực tiếp trên cây để chắc chắn về mức độ lây lan.
*   **Vệ sinh vườn:** Ưu tiên cắt bỏ và loại bỏ các lá, cành bị bệnh nặng ra khỏi vườn để giảm nguồn lây nhiễm.
*   **Cải thiện thoát nước:** Đây là bước quan trọng nhất. Hãy khẩn cấp cải thiện hệ thống thoát nước trong vườn để giảm độ ẩm đất và độ ẩm không khí xung quanh tán lá, vì nấm *Rhizoctonia* phát triển mạnh trong môi trường ẩm ướt và thoát nước kém.
*   **Liên hệ chuyên gia:** Do bệnh đã ở mức độ 3, bạn nên liên hệ với cán bộ kỹ thuật địa phương hoặc chuyên gia để được tư vấn chọn lựa biện pháp sinh học hoặc hóa học phù hợp nhất với tình trạng cụ thể của vườn.

### 4. Quản lý
*   Tiếp tục duy trì việc vệ sinh, thu gom và tiêu hủy vật liệu bệnh.
*   Đảm bảo vườn luôn khô ráo, tránh đọng nước.
*   Không tự ý phun thuốc nếu chưa có chỉ định từ chuyên gia, vì bệnh nặng có thể cần phác đồ điều trị đặc thù.

### 5. Phòng ngừa
Để ngăn chặn bệnh tái phát hoặc lây lan sang cây khác:
*   **Duy trì thoát nước tốt:** Luôn đảm bảo vườn không bị úng nước.
*   **Tỉa tán:** Tỉa bỏ các cành lá rậm rạp để tăng độ thông thoáng, giúp lá khô nhanh hơn sau mưa hoặc tưới nước, giảm độ ẩm cục bộ.
*   **Vệ sinh thường xuyên:** Thu gom lá rụng, cành bệnh và hạn chế nguồn lây lan trong vườn.

### 6. Theo dõi
*   **Sau mỗi trận mưa:** Hãy kiểm tra kỹ vườn cây.
*   **Quan sát triệu chứng:** Chú ý xem các vết cháy lá có lan rộng thêm không, hoặc có xuất hiện sợi nấm trong điều kiện ẩm ướt hay không.

### 7. Cảnh báo
*   Bệnh cháy lá nặng có thể tiến triển rất nhanh trong điều kiện mưa ẩm.
*   **Không nên tự xử lý chỉ dựa vào ảnh chụp.** Việc chẩn đoán sai hoặc dùng thuốc không đúng có thể làm bệnh nặng hơn hoặc gây hại cho cây. Hãy luôn tham khảo ý kiến chuyên gia khi bệnh ở mức độ cao.

---
**Nguồn tham khảo:**
*   [S12] PubMed: First report of leaf blight caused by Rhizoctonia solani on durian in Vietnam — https://pubmed.ncbi.nlm.nih.gov/30769621/
*   [S13] SPC HCMC: Prevention of leaf blight disease — https://www.spchcmc.vn/EN/Plant-doctor-Detail/Prevention-Of-Leaf-Blight-Disease-5-8401.html
*   [S14] Sataka: Durian leaf blight — https://sataka.com.vn/en/durian-leaf-blight/
*   [S15] FAO AGRIS: Control of leaf blight of dur",True,False,False,False,True,False,"Chào anh/chị, với tư cách là chuyên gia tư vấn kỹ thuật cây trồng, tôi xin đưa ra phác đồ xử lý khẩn cấp cho tình trạng **bệnh thối lá sầu riêng ở mức độ nặng (>35% diện tích lá bị tổn thương)**.

Mức độ này được coi là **báo động đỏ**. Nếu không xử lý ngay, cây sẽ mất khả năng quang hợp, suy kiệt, rụng lá hàng loạt và có nguy cơ cao dẫn đến chết cành hoặc chết cây, đặc biệt nếu bệnh tấn công vào giai đoạn cây đang mang trái.

Dưới đây là khuyến nghị chi tiết:

---

### 1. Nguyên nhân và Đặc điểm bệnh

*   **Tác nhân gây bệnh:** Thường do nấm **Phytophthora palmivora** hoặc **Phytophthora parasitica**. Đây là nhóm nấm đất nhưng có khả năng lây lan qua nước mưa, gió và tiếp xúc cơ học.
*   **Đặc điểm nhận dạng:**
    *   Vết bệnh thường bắt đầu từ mép lá hoặc đầu lá, màu nâu sẫm, sau đó lan nhanh vào giữa lá.
    *   Vết bệnh có ranh giới rõ rệt giữa phần lá khỏe (xanh) và phần lá bệnh (nâu/vàng).
    *   Trong điều kiện ẩm ướt, trên bề mặt vết bệnh có thể xuất hiện các đốm trắng xám (bào tử nấm).
    *   Lá bị bệnh sẽ khô, giòn và rụng sớm.
*   **Điều kiện thuận lợi:** Trời mưa nhiều, độ ẩm không khí cao (>85%), vườn cây bị úng nước, tán cây quá dày đặc gây bí bách, thiếu ánh sáng.

---

### 2. Biện pháp quản lý vườn (Xử lý cơ giới và canh tác)

Đây là bước **bắt buộc phải thực hiện ngay** trước khi phun thuốc để giảm nguồn bệnh:

1.  **Cắt tỉa và thu gom lá bệnh:**
    *   Cắt bỏ tất cả các lá bị bệnh, cành bị khô héo.
    *   **Quan trọng:** Thu gom toàn bộ lá rụng, lá cắt bỏ ra khỏi vườn. **Không được** để lại trong vườn vì đây là nguồn lây lan chính.
    *   Vùi sâu hoặc đốt bỏ (nếu an toàn) các vật liệu bị bệnh. Tuyệt đối không dùng làm phân bón tươi.

2.  **Thông thoáng tán cây:**
    *   Tỉa thưa cành, cắt bỏ cành sâu trong tán, cành vượt, cành giao nhau để tăng cường ánh sáng và gió lưu thông.
    *   Mục tiêu: Giảm độ ẩm cục bộ trong tán cây, giúp lá khô nhanh sau mưa.

3.  **Quản lý nước:**
    *   Kiểm tra hệ thống thoát nước. Đảm bảo vườn không bị úng nước, đặc biệt là vùng rễ.
    *   Nếu trời đang mưa liên tục, tránh tưới nước bổ sung.

4.  **Cải tạo đất (Dài hạn):**
    *   Bón vôi nông nghiệp (CaCO3) để nâng pH đất, ức chế nấm Phytophthora.
    *   Bổ sung phân hữu cơ sinh học, chế phẩm nấm đối kháng *Trichoderma* vào vùng rễ để cân bằng hệ vi sinh đất.

---

### 3. Có cần phun thuốc không? Phun gì?

**CÓ, BẮT BUỘC PHẢI PHUN THUỐC.** Với mức độ >35%, biện pháp canh tác đơn thuần không đủ để kiểm soát. Cần phun thuốc hóa học có tính **tiêu diệt mạnh** kết hợp với thuốc sinh học để phòng ngừa tái phát.

#### **Lịch trình phun thuốc khẩn cấp:**

**Lần 1: Phun tiêu diệt (Ngay trong 24-48 giờ tới)**
*   **Mục tiêu:** Diệt nhanh nguồn nấm đang phát triển mạnh.
*   **Thuốc hóa học (Chọn 1 trong các hoạt chất sau):**
    *   **Metalaxyl-M 80% WP** (ví dụ: Ridomil Gold, Aliette...): Liều lượng theo hướng dẫn nhà sản xuất (thường 15-20g/16 lít nước). Đây là thuốc đặc trị nấm Phytophthora.
    *   **Hoặc Propineb 70% WP** (ví dụ: Anvil, Rovral...): Hiệu quả tốt với nhiều loại nấm gây bệnh lá.
    *   **Hoặc Mancozeb 80% WP** (ví dụ: Mancozeb 80WP): Thuốc phòng trị phổ rộng, an toàn hơn nhưng tác dụng chậm hơn Metalaxyl.
*   **Lưu ý:** Phun ướt đẫm cả mặt trên và mặt dưới lá, đặc biệt chú ý các vết bệnh.",True,True,False,False,True,True
blight_severity_3__WS_DRY_HOT_WATER_STRESS,blight,3,WS_DRY_HOT_WATER_STRESS,"Chào bạn, với tư cách là chuyên gia tư vấn bệnh cây trồng, tôi xin đưa ra đánh giá và hướng xử lý cho tình trạng bệnh trên lá sầu riêng của bạn dựa trên dữ liệu chẩn đoán và dự báo thời tiết hiện tại.

### 1. Tóm tắt tình trạng bệnh
Cây sầu riêng của bạn đang mắc bệnh **Cháy lá (Leaf blight)**, do nấm *Rhizoctonia solani* hoặc *Rhizoctonia sp.* gây ra.
*   **Mức độ nghiêm trọng:** Cao (Severity 3).
*   **Biểu hiện:** Hơn 35% diện tích bề mặt lá bị tổn thương. Các vết cháy có màu nâu nhạt hoặc nâu, viền không đều và đang lan rộng. Trong điều kiện ẩm, bạn có thể thấy sợi nấm hoặc mô lá bị dính/cháy. Nếu không xử lý, nhiều phần lá sẽ bị khô héo.

### 2. Tóm tắt thời tiết sắp tới
Dự báo thời tiết trong 3 ngày tới là **nắng nóng kéo dài**.
*   **Mức độ rủi ro:** Cảnh báo stress nước (caution_water_stress).
*   **Lưu ý:** Mặc dù nắng nóng không trực tiếp gây ra bệnh cháy lá này (bệnh thường phát triển mạnh trong mưa ẩm), nhưng nắng nóng kéo dài sẽ khiến cây bị thiếu nước, suy yếu hệ miễn dịch và trở nên mẫn cảm hơn với sâu bệnh nói chung.

### 3. Việc cần làm ngay
Do bệnh đã ở mức độ nặng (hơn 35% lá bị hại) và cây đang chịu áp lực từ nắng nóng, bạn cần thực hiện các bước sau ngay lập tức:

*   **Xác nhận thực địa:** Đây là trường hợp nguy cơ cao. Bạn cần kiểm tra kỹ trên đồng ruộng để xác nhận chính xác mức độ lây lan, không nên chỉ dựa vào hình ảnh chụp.
*   **Vệ sinh vườn:** Ưu tiên cắt bỏ và loại bỏ các lá, cành bị bệnh nặng ra khỏi vườn để giảm nguồn lây nhiễm.
*   **Cải thiện thoát nước và giảm ẩm:** Dù trời nắng, nhưng nếu vườn có chỗ đọng nước hoặc tán quá rậm gây bí bách, cần xử lý ngay để giảm độ ẩm cục bộ, tạo điều kiện thông thoáng.
*   **Đảm bảo tưới nước đầy đủ và đều:** Do dự báo nắng nóng kéo dài, cây dễ bị stress nước. Bạn cần tưới nước đủ lượng để duy trì sức khỏe cho cây, giúp cây chống chịu tốt hơn với bệnh và stress nhiệt. Tránh để cây thiếu nước trong giai đoạn này.
*   **Liên hệ chuyên gia:** Vì mức độ bệnh nặng, bạn nên liên hệ với cán bộ kỹ thuật địa phương hoặc chuyên gia để được tư vấn chọn lựa biện pháp sinh học hoặc hóa học phù hợp nhất với tình trạng cụ thể của vườn.

### 4. Quản lý
*   Tiếp tục duy trì việc vệ sinh, loại bỏ vật liệu bệnh.
*   Tập trung cải thiện hệ thống thoát nước và giảm độ ẩm xung quanh gốc cây.
*   Phối hợp với chuyên gia kỹ thuật để áp dụng các biện pháp xử lý bệnh (sinh học/hóa học) an toàn và hiệu quả.

### 5. Phòng ngừa
*   Duy trì hệ thống thoát nước tốt cho toàn bộ vườn.
*   Tỉa tán cây hợp lý để tăng độ thông thoáng, giảm độ ẩm trong tán.
*   Vệ sinh thường xuyên lá và cành bệnh, hạn chế nguồn lây lan bệnh trong vườn.

### 6. Theo dõi
*   Đặc biệt chú ý quan sát sau những cơn mưa (nếu có) hoặc trong điều kiện độ ẩm cao.
*   Theo dõi xem các vết cháy có lan rộng thêm hay không.
*   Quan sát kỹ xem có xuất hiện sợi nấm trên mô lá bị bệnh trong điều kiện ẩm ướt hay không.

### 7. Cảnh báo
Bệnh cháy lá (Blight) ở mức độ nặng có thể tiến triển rất nhanh, đặc biệt trong điều kiện mưa ẩm. **Không nên tự ý xử lý chỉ dựa vào hình ảnh hoặc kinh nghiệm cá nhân khi bệnh đã ở mức độ nghiêm trọng.** Việc chẩn đoán sai hoặc xử lý không đúng cách có thể làm tình trạng bệnh trầm trọng hơn.

### Nguồn tham khảo
• [S12] PubMed: First report of leaf blight caused by Rhizoctonia solani on durian in Vietnam — https://pubmed.ncbi.nlm.nih.gov/30769621/
• [S13] SPC HCMC: Prevention of leaf blight disease — https://www.spchcmc.vn/EN/Plant-doctor-Detail/Prevention-Of-Leaf-Blight-Disease-5-8401.html
• [S14] Sataka: Durian leaf blight — https://sataka.com.vn/en/durian-leaf-blight",False,False,False,False,False,False,"Chào bạn, với tư cách là chuyên gia tư vấn kỹ thuật cây trồng, tôi nhận thấy tình trạng vườn sầu riêng của bạn đang ở mức **cấp bách**. Mức độ tổn thương lá >35% được xếp vào nhóm **nặng**, điều này ảnh hưởng trực tiếp đến khả năng quang hợp, làm suy yếu cây và có thể dẫn đến rụng trái non hoặc giảm năng suất vụ sau nếu không xử lý kịp thời.

Dưới đây là phác đồ xử lý chi tiết cho bệnh thối lá (thường do nấm *Phytophthora palmivora* hoặc *Colletotrichum gloeosporioides* gây ra, phổ biến nhất là *Phytophthora* trong điều kiện ẩm ướt):

### 1. Nguyên nhân và Đặc điểm bệnh

*   **Tác nhân chính:** Trong hầu hết các trường hợp thối lá nặng ở sầu riêng, nguyên nhân chủ yếu là nấm **Phytophthora palmivora**. Nấm này tấn công mạnh khi độ ẩm cao, vườn bị úng nước hoặc thoát nước kém.
*   **Triệu chứng nhận biết:**
    *   Lá xuất hiện các đốm nâu đen, ban đầu nhỏ sau đó lan rộng, làm khô và thối phần thịt lá.
    *   Viền quanh vết bệnh thường có màu vàng hoặc nâu đỏ.
    *   Lá bị thối dễ rụng, đặc biệt là lá non và lá trưởng thành ở tầng dưới cùng của tán cây.
    *   Nếu bệnh nặng, nấm có thể lan xuống cuống lá, cành non và gây thối cành.
*   **Điều kiện thuận lợi cho bệnh phát triển:** Mưa nhiều liên tục, vườn cây bị ngập úng, mật độ cây dày đặc gây bí bách, thiếu ánh sáng, hoặc bón quá nhiều đạm (N) khiến cây mềm yếu, dễ nhiễm bệnh.

### 2. Biện pháp quản lý vườn (Xử lý cơ giới và môi trường)

Đây là bước **bắt buộc** phải thực hiện trước khi phun thuốc để giảm nguồn bệnh:

1.  **Tỉa cành và vệ sinh vườn:**
    *   Cắt bỏ tất cả các lá bị bệnh, cành khô, cành sâu bệnh.
    *   Thu gom toàn bộ tàn dư thực vật (lá rụng, cành cắt) ra khỏi vườn và tiêu hủy (đốt hoặc chôn vùi sâu) để tránh nấm tồn tại và lây lan trở lại.
2.  **Cải thiện thoát nước:**
    *   Kiểm tra hệ thống mương rãnh. Đảm bảo nước không đọng lại quanh gốc cây.
    *   Nếu vườn bị úng, cần đào mương thoát nước ngay lập tức. Nấm *Phytophthora* phát triển mạnh trong môi trường ẩm ướt.
3.  **Tạo thông thoáng tán cây:**
    *   Tỉa thưa những cành nằm sâu trong tán, cành mọc vượt, cành giao nhau để tăng cường ánh sáng và lưu thông không khí. Điều này giúp lá khô nhanh sau mưa, hạn chế nấm phát triển.
4.  **Cân đối dinh dưỡng:**
    *   Tạm ngưng bón phân đạm (N) thuần túy.
    *   Bón bổ sung Kali (K) và Canxi (Ca) để tăng độ bền vững của thành tế bào lá, giúp cây kháng bệnh tốt hơn. Có thể phun phân bón lá chứa Kali và Canxi để hỗ trợ phục hồi lá.

### 3. Có cần phun thuốc hay không? Phun gì?

**Câu trả lời: CÓ, bắt buộc phải phun thuốc.** Với mức độ >35%, biện pháp canh tác đơn thuần không đủ để kiểm soát dịch bệnh. Cần phun thuốc đặc trị kết hợp thuốc phòng ngừa.

#### Phác đồ phun thuốc đề xuất:

**Lần 1: Xử lý diệt nấm (Diệt trừ nguồn bệnh đang hoạt động)**
*   **Hoạt chất khuyến nghị:**
    *   *Mancozeb* (80% WP): Thuốc tiếp xúc, phổ rộng, giúp bảo vệ lá mới và tiêu diệt bào tử nấm trên bề mặt.
    *   Hoặc *Metalaxyl-M* (25% WP) + *Mancozeb*: Kết hợp này rất hiệu quả với *Phytophthora* vì Metalaxyl có tác dụng hệ thống (thấm vào mô cây) và Mancozeb có tác dụng tiếp xúc.
    *   *Alternatives:* Nếu nghi ngờ nấm *Colletotrichum*, có thể dùng *Azoxystrobin* + *Difenoconazole*.
*   **Liều lượng:** Theo hướng dẫn trên bao bì. Thường là 30-50g/16 lít nước.
*   **Cách phun:** Phun kỹ cả mặt trên và mặt dưới lá, phun ướt đẫm tán cây. Tập",True,True,False,False,True,True
phomopsis_severity_1__WS_NORMAL,phomopsis,1,WS_NORMAL,"Chào bạn, với tư cách là chuyên gia tư vấn bệnh cây trồng, tôi xin đưa ra lời khuyên dựa trên kết quả chẩn đoán và điều kiện thời tiết hiện tại cho vườn sầu riêng của bạn.

### 1. Tóm tắt tình trạng bệnh
Vườn sầu riêng của bạn đang bị nhiễm bệnh **Đốm lá Phomopsis** (gây ra bởi nấm *Phomopsis durionis*).
*   **Mức độ nhiễm bệnh:** Nhẹ (Severity 1).
*   **Diện tích tổn thương:** Dưới 10% diện tích bề mặt lá.
*   **Triệu chứng nhận biết:** Trên lá xuất hiện các đốm nhỏ dạng đầu kim hoặc đốm nhỏ, xung quanh vết bệnh có quầng vàng. Bệnh này có đặc tính ""nghiễm tiềm ẩn"", nghĩa là triệu chứng có thể xuất hiện sau một khoảng thời gian không thấy dấu hiệu rõ ràng, hoặc tiến triển thành các đốm lớn hơn, đôi khi có dạng mắt cua (crab-eye). Nếu nặng, nhiều đốm sẽ hợp lại làm giảm diện tích lá khỏe, ảnh hưởng đến quang hợp.

### 2. Tóm tắt thời tiết sắp tới
Hiện tại, thời tiết khu vực vườn của bạn ở trạng thái **bình thường**, không có các yếu tố đặc biệt (như mưa lớn kéo dài, độ ẩm cực cao bất thường) làm tăng nguy cơ bùng phát bệnh. Mức rủi ro thời tiết được đánh giá là **thấp (normal)**. Do đó, bạn không cần áp dụng các biện pháp phòng ngừa khẩn cấp đặc biệt do thời tiết, mà chỉ cần duy trì quy trình quản lý tiêu chuẩn.

### 3. Việc cần làm ngay
*   **Hành động:** Quan sát kỹ các lá cây để tìm các đốm nhỏ có quầng vàng và kiểm tra xem số lượng đốm này có tăng lên không.
*   **Lý do:** Mặc dù thời tiết hiện tại ổn định, nhưng bệnh Phomopsis có khả năng nhiễm tiềm ẩn. Việc theo dõi sát sao ngay từ khi mức độ còn nhẹ giúp bạn phát hiện sớm sự gia tăng của bệnh trước khi nó lan rộng hoặc chuyển sang giai đoạn tiềm ẩn khó kiểm soát hơn.

### 4. Quản lý
Để kiểm soát bệnh hiện tại, bạn nên thực hiện các biện pháp sau:
*   **Cải thiện thông thoáng tán:** Tỉa cành hợp lý để ánh sáng và gió có thể lưu thông tốt trong tán cây, giúp lá khô nhanh hơn.
*   **Giảm tình trạng lá ướt:** Hạn chế tưới nước lên tán lá, ưu tiên tưới gốc để giảm độ ẩm bề mặt lá – điều kiện thuận lợi cho nấm phát triển.
*   **Loại bỏ lá nhiễm:** Nếu thấy vết bệnh mở rộng hoặc lá bị ảnh hưởng nặng, hãy ngắt bỏ và tiêu hủy những lá này để giảm nguồn bệnh trong vườn.

### 5. Phòng ngừa
Để ngăn ngừa bệnh tái phát hoặc lây lan:
*   **Giữ tán thông thoáng:** Duy trì việc tỉa cành định kỳ.
*   **Vệ sinh vật liệu bệnh:** Thu gom và tiêu hủy các tàn dư thực vật, lá bệnh rụng xuống đất để loại bỏ nguồn nấm tồn tại qua mùa.
*   **Giảm ẩm kéo dài trên lá:** Quản lý hệ thống tưới tiêu và thoát nước trong vườn tốt để tránh tình trạng đọng nước hoặc độ ẩm cao kéo dài trên bề mặt lá.

### 6. Theo dõi
*   Tiếp tục quan sát các đốm nhỏ có quầng vàng trên lá.
*   **Tái kiểm tra sau vài ngày hoặc vài tuần:** Vì bệnh có giai đoạn tiềm ẩn, triệu chứng có thể xuất hiện muộn hơn so với thời điểm nhiễm bệnh thực tế. Việc kiểm tra định kỳ giúp bạn nắm bắt tình hình kịp thời.

### 7. Cảnh báo
Mặc dù mức độ bệnh hiện tại là nhẹ, bạn **vẫn cần theo dõi chặt chẽ**. Lý do là nấm *Phomopsis* có thể tồn tại ở dạng tiềm ẩn, nghĩa là cây có thể đã nhiễm bệnh nhưng chưa biểu hiện rõ ràng. Nếu bỏ qua, bệnh có thể bùng phát mạnh khi gặp điều kiện thuận lợi (như mưa ẩm) trong tương lai.

Nếu tình trạng bệnh tiến triển nặng hơn hoặc bạn không chắc chắn về cách xử lý, hãy liên hệ với cán bộ kỹ thuật nông nghiệp địa phương để được hỗ trợ trực tiếp.

### Nguồn tham khảo
*   [S1] Durian leaf disease image dataset / Mendeley Data — https://data.mendeley.com/datasets/pxzvksbwnj/4
*   [S16] Acta Universitatis Agriculturae et Silviculturae Mendelianae Brunensis: Leaf spot characteristics of Phomopsis durionis on durian — https://acta.mendelu.cz/artkey/acu-201601-0022_leaf-spot-characteristics",False,False,False,False,False,False,"Chào bạn, với tư cách là chuyên gia tư vấn kỹ thuật cây trồng, tôi xin đưa ra khuyến nghị xử lý cho tình huống **Bệnh đốm lá Phomopsis** trên cây sầu riêng ở mức độ **nhẹ (<10% diện tích lá bị tổn thương)**.

Ở mức độ này, bệnh chưa gây thiệt hại nghiêm trọng về năng suất, nhưng nếu không kiểm soát tốt, nó có thể lây lan nhanh và chuyển thành bệnh thán thư hoặc gây rụng lá hàng loạt, ảnh hưởng đến khả năng quang hợp và sức khỏe cây.

Dưới đây là phác đồ xử lý chi tiết:

### 1. Nguyên nhân và Đặc điểm bệnh

*   **Tác nhân gây bệnh:** Nấm *Phomopsis sp.* (thường gặp là *Phomopsis mangiferae* hoặc các loài liên quan). Đây là nấm cơ hội, thường phát triển mạnh khi cây suy yếu hoặc điều kiện môi trường thuận lợi.
*   **Điều kiện thuận lợi:**
    *   Độ ẩm không khí cao (>80%), mưa nhiều, sương mù dày đặc.
    *   Vườn cây trồng dày đặc, tán lá rậm rạp, thiếu ánh sáng và thông gió kém.
    *   Cây thiếu dinh dưỡng, đặc biệt là Kali (K) và Canxi (Ca), làm giảm khả năng đề kháng.
    *   Có vết thương cơ giới trên lá (do gió, côn trùng, hoặc thao tác chăm sóc).
*   **Triệu chứng nhận biết:**
    *   Xuất hiện các đốm nhỏ màu nâu vàng hoặc nâu đen trên mặt lá, thường bắt đầu từ mép lá hoặc gân lá.
    *   Đốm bệnh có viền rõ rệt, trung tâm đốm có thể chuyển màu xám hoặc trắng, đôi khi có các chấm nhỏ màu đen (bào tử nấm) ở giữa.
    *   Ở giai đoạn nhẹ, lá vẫn xanh tốt nhưng có nhiều đốm nhỏ. Nếu nặng, đốm lan rộng, lá vàng và rụng sớm.

### 2. Biện pháp quản lý vườn (Vô cùng quan trọng ở giai đoạn nhẹ)

Vì bệnh còn nhẹ, ưu tiên hàng đầu là **cải thiện môi trường vườn** để nấm không có cơ hội phát triển mạnh.

*   **Tỉa cành tạo tán:**
    *   Tỉa bỏ các cành tăm, cành sâu bệnh, cành nằm ngang hoặc chéo gây bí bách.
    *   Mục tiêu: Tăng cường ánh sáng chiếu vào tán trong và tăng lưu thông gió. Nấm Phomopsis rất sợ ánh nắng trực tiếp và gió khô.
*   **Vệ sinh vườn:**
    *   Thu gom và tiêu hủy (đốt hoặc chôn vùi sâu) các lá rụng, lá bệnh dưới gốc cây. Đây là nguồn bệnh chính để nấm lây lan sang lá mới.
    *   Làm cỏ sạch gốc, tránh cỏ cao giữ ẩm cho tán lá.
*   **Tưới nước hợp lý:**
    *   Tránh tưới nước lên tán lá vào buổi chiều tối (khi nhiệt độ giảm, nước đọng lâu tạo môi trường cho nấm phát triển).
    *   Nên tưới vào buổi sáng sớm để lá kịp khô trước khi trời tối.
    *   Đảm bảo thoát nước tốt, không để đọng nước quanh gốc.

### 3. Có cần phun thuốc hay không? Phun gì?

**Câu trả lời: Có thể chưa cần phun thuốc hóa học mạnh ngay lập tức, nhưng nên phun thuốc sinh học hoặc thuốc bảo vệ thực vật nhẹ để kiểm soát và ngăn ngừa lây lan.**

Vì mức độ <10%, bạn có thể áp dụng chiến lược **""Phòng hơn chữa""** với các biện pháp nhẹ nhàng:

#### A. Ưu tiên: Thuốc sinh học / Chế phẩm vi sinh (An toàn, ít kháng thuốc)
*   **Chế phẩm nấm đối kháng:** *Trichoderma spp.* (phun định kỳ 7-10 ngày/lần). Trichoderma sẽ cạnh tranh dinh dưỡng và tiết enzyme tiêu diệt nấm bệnh Phomopsis.
*   **Chế phẩm vi khuẩn đối kháng:** *Bacillus subtilis* hoặc *Streptomyces lydicus*.
*   **Lợi ích:** An toàn cho người phun, an toàn cho thiên địch, không để lại dư lượng, giúp cải thiện đất.

#### B. Nếu bệnh có dấu hiệu lan nhanh (tăng từ 10% lên): Dùng thuốc hóa học nhẹ
Nếu sau 1-2 tuần áp dụng biện pháp sinh học mà bệnh vẫn lan, hãy chuyển sang thuốc hóa học nhóm hoạt chất sau (luân phiên để tránh kháng thuốc):
*   **Nhóm hoạt chất:**
    *   *Mancozeb* (phòng ngừa tổng quát).
    *   *Chlorothalonil* (phòng ngừa và điều trị nhẹ).
    *",True,True,False,False,True,True
phomopsis_severity_1__WS_RAIN_SPORE_DISPERSAL,phomopsis,1,WS_RAIN_SPORE_DISPERSAL,"Chào bạn, với tư cách là chuyên gia tư vấn bệnh cây trồng, tôi xin đưa ra lời khuyên dựa trên kết quả chẩn đoán và dự báo thời tiết hiện tại cho vườn sầu riêng của bạn.

### 1. Tóm tắt tình trạng bệnh
Cây sầu riêng của bạn đang mắc bệnh **Đốm lá do nấm Phomopsis** (*Phomopsis leaf spot*), gây ra bởi nấm *Phomopsis durionis*.
*   **Mức độ nhiễm bệnh:** Nhẹ (Severity 1). Diện tích lá bị tổn thương hiện tại chỉ từ 0–10%.
*   **Triệu chứng nhận biết:** Trên lá xuất hiện các đốm nhỏ dạng đầu kim hoặc đốm nhỏ, xung quanh vết bệnh có quầng vàng. Bệnh có thể tiến triển thành các đốm rõ hơn hoặc kiểu ""mắt cua"" (crab-eye).
*   **Đặc điểm nguy hiểm:** Bệnh có khả năng **nhiễm tiềm ẩn**, nghĩa là triệu chứng có thể xuất hiện sau một giai đoạn không có dấu hiệu rõ ràng, nên cần đặc biệt chú ý theo dõi.

### 2. Tóm tắt thời tiết sắp tới
*   **Dự báo:** Có **mưa đáng kể** trong 3 ngày tới.
*   **Rủi ro:** Mức độ rủi ro tăng cao (increased).
*   **Ảnh hưởng:** Lượng mưa này tạo điều kiện thuận lợi cho bào tử nấm phát tán và nảy mầm, làm tăng nguy cơ lây lan bệnh đốm lá/cháy lá.

### 3. Việc cần làm ngay
Do dự báo có **mưa đáng kể trong 3 ngày tới**, việc quản lý độ ẩm và hạn chế lây lan là ưu tiên hàng đầu:

1.  **Kiểm tra lá sau mỗi đợt mưa:** Mưa giúp bào tử nấm nảy mầm nhanh. Bạn cần đi kiểm tra vườn ngay sau khi mưa tạnh để phát hiện sớm các đốm mới có quầng vàng.
2.  **Tuyệt đối không cắt tỉa hoặc di chuyển trong tán cây khi lá còn ướt:** Hành động này sẽ vô tình làm lây lan bào tử nấm từ lá bệnh sang lá khỏe thông qua tiếp xúc cơ học và nước mưa. Hãy đợi lá khô ráo trước khi thực hiện bất kỳ thao tác chăm sóc nào.
3.  **Đảm bảo vườn thoát nước tốt:** Kiểm tra hệ thống mương rãnh để tránh đọng nước, vì điều kiện ẩm ướt kéo dài là môi trường lý tưởng cho nấm *Phomopsis* phát triển.

### 4. Quản lý
*   **Cải thiện thông thoáng tán cây:** Tỉa bỏ các cành lá quá dày đặc để gió và ánh sáng xuyên vào được, giúp lá khô nhanh hơn sau mưa.
*   **Giảm tình trạng lá ướt:** Hạn chế tưới nước lên tán lá nếu có thể, ưu tiên tưới gốc.
*   **Loại bỏ lá nhiễm:** Nếu thấy vết bệnh mở rộng hoặc nhiều đốm hợp lại làm giảm diện tích lá khỏe, hãy thu gom và tiêu hủy các lá này để giảm nguồn bệnh trong vườn.

### 5. Phòng ngừa
*   **Giữ tán thông thoáng:** Duy trì mật độ tán hợp lý để hạn chế độ ẩm cục bộ.
*   **Vệ sinh vật liệu bệnh:** Thu gom và tiêu hủy sạch sẽ các lá rụng, cành bệnh còn tồn tại trong vườn để ngăn nấm tồn tại qua mùa.
*   **Giảm ẩm kéo dài trên lá:** Đây là yếu tố then chốt để ngăn chặn sự phát triển của nấm *Phomopsis*.

### 6. Theo dõi
*   **Quan sát kỹ các đốm nhỏ có quầng vàng:** Đây là dấu hiệu sớm của bệnh.
*   **Tái kiểm tra định kỳ:** Vì bệnh có giai đoạn tiềm ẩn, bạn cần tái kiểm tra sau vài ngày hoặc vài tuần, ngay cả khi hiện tại triệu chứng có vẻ ổn định. Số lượng đốm có thể tăng lên bất ngờ sau các đợt mưa.

### 7. Cảnh báo
Mặc dù mức độ bệnh hiện tại là nhẹ, nhưng bạn **vẫn cần theo dõi sát sao** vì *Phomopsis* có đặc tính nhiễm tiềm ẩn. Nếu không kiểm soát tốt độ ẩm và vệ sinh vườn trong giai đoạn mưa này, bệnh có thể bùng phát mạnh hơn.

Nếu tình trạng bệnh tiến triển nặng hoặc bạn không chắc chắn về cách xử lý, hãy liên hệ với cán bộ kỹ thuật nông nghiệp địa phương để được hỗ trợ trực tiếp.

---
**Nguồn tham khảo:**
• [S1] Durian leaf disease image dataset / Mendeley Data — https://data.mendeley.com/datasets/pxzvksbwnj/4
• [S16] Acta Universitatis Agriculturae et Silviculturae Mendelianae Brunensis: Leaf spot characteristics of Phomopsis durionis on durian — https://acta",False,False,False,False,False,False,"Chào bạn, với tư cách là chuyên gia tư vấn kỹ thuật cây trồng, tôi xin đưa ra khuyến nghị chi tiết cho tình huống bệnh đốm lá Phomopsis trên cây sầu riêng của bạn.

Vì mức độ nhiễm bệnh hiện tại ở mức **nhẹ (<10% diện tích lá)**, đây là giai đoạn vàng để can thiệp kịp thời, ngăn chặn bệnh lây lan mạnh trong mùa mưa hoặc điều kiện độ ẩm cao. Dưới đây là phác đồ xử lý:

### 1. Nguyên nhân và Đặc điểm bệnh

*   **Tác nhân gây bệnh:** Nấm *Phomopsis sp.* (thường gặp là *Phomopsis mangiferae* hoặc các loài liên quan). Đây là nấm đa ký chủ, có thể gây bệnh trên nhiều loại cây ăn quả khác nhau.
*   **Điều kiện thuận lợi:** Bệnh phát triển mạnh trong điều kiện **độ ẩm cao**, mưa nhiều, vườn cây quá rậm rạp, thiếu ánh sáng và thông gió kém. Nấm tồn tại trên tàn dư thực vật (lá rụng, cành khô) và xâm nhập qua vết thương cơ giới hoặc tự nhiên.
*   **Triệu chứng điển hình:**
    *   Xuất hiện các đốm nhỏ màu nâu sẫm hoặc đen trên phiến lá, thường bắt đầu từ mép lá hoặc gân lá.
    *   Đốm bệnh có thể lan rộng, tạo thành các mảng hoại tử lớn, làm lá bị khô, vàng và rụng sớm.
    *   Nếu nặng, lá non bị biến dạng, còi cọc, ảnh hưởng trực tiếp đến quang hợp và năng suất.

### 2. Biện pháp quản lý vườn (Canh tác)

Đây là bước **quan trọng nhất** khi bệnh còn nhẹ, giúp giảm nguồn nấm và hạn chế điều kiện phát triển của bệnh:

*   **Tỉa cành tạo tán:**
    *   Cắt bỏ các cành sâu bệnh, cành khô, cành tăm, cành vượt nằm sâu trong tán.
    *   Mục tiêu: Tăng độ thông thoáng, giúp ánh sáng mặt trời chiếu sâu vào tán lá, giảm độ ẩm cục bộ – yếu tố kìm hãm sự phát triển của nấm.
*   **Vệ sinh vườn:**
    *   Thu gom và tiêu hủy (đốt hoặc chôn vùi xa vùng trồng) tất cả lá rụng, cành bệnh. Không để tàn dư thực vật nằm dưới tán cây vì đây là ổ chứa nấm cho vụ sau.
*   **Quản lý nước:**
    *   Đảm bảo hệ thống thoát nước tốt, tránh úng rễ. Rễ khỏe giúp cây tăng sức đề kháng.
    *   Tưới nước vào buổi sáng sớm để lá khô nhanh trước khi trời tối, tránh tưới vào buổi chiều tối.
*   **Bón phân cân đối:**
    *   Tránh bón quá nhiều đạm (N) vì làm cây sinh trưởng mạnh, mô non dễ bị nấm tấn công.
    *   Tăng cường bón Kali (K) và Canxi (Ca) để tăng độ bền vững của thành tế bào lá, giúp lá cứng cáp, khó bị nấm xâm nhập.

### 3. Có cần phun thuốc hay không? Phun gì?

**Câu trả lời: Có nên phun thuốc phòng ngừa/kiểm soát, nhưng không cần dùng thuốc mạnh liều cao.**

Vì bệnh mới ở mức nhẹ (<10%), mục tiêu là **ngăn chặn lây lan** chứ không phải tiêu diệt toàn bộ quần thể nấm. Bạn có thể áp dụng theo thứ tự ưu tiên sau:

#### A. Ưu tiên 1: Sử dụng thuốc sinh học (An toàn, bền vững)
Phù hợp nếu vườn đang trong giai đoạn ra hoa, đậu trái non hoặc muốn hướng tới canh tác hữu cơ.

*   **Thuốc:** Nấm đối kháng *Trichoderma spp.*, *Bacillus subtilis*, hoặc chế phẩm sinh học chứa *Streptomyces*.
*   **Cách dùng:** Phun đều lên tán lá, đặc biệt chú ý phần dưới lá. Phun 7-10 ngày/lần, liên tục 2-3 lần.
*   **Lưu ý:** Chỉ phun khi trời quang đãng, không mưa. Hiệu quả chậm hơn hóa học nhưng an toàn và không gây kháng thuốc.

#### B. Ưu tiên 2: Thuốc hóa học (Nếu bệnh có dấu hiệu lan nhanh hoặc thời tiết ẩm ướt kéo dài)
Chỉ dùng khi biện pháp sinh học không kiểm soát được hoặc dự báo mưa nhiều liên tục.

*   **Nhóm thuốc khuyến nghị:**
    1.  **Nhóm protectant (Phòng ngừa):**
        *   *Mancozeb* (0.2%): Phun phòng ngừa định kỳ.
        *   *Chlorothalonil*: Hiệu quả phổ rộng, bám dính tốt.
    2.  **Nhóm systemic (",True,True,False,False,True,True
phomopsis_severity_1__WS_HIGH_HUMIDITY_FUNGAL,phomopsis,1,WS_HIGH_HUMIDITY_FUNGAL,"Chào bạn, với vai trò là chuyên gia tư vấn bệnh cây trồng, tôi xin đưa ra bản đánh giá và hướng xử lý cho tình trạng vườn sầu riêng của bạn dựa trên dữ liệu chẩn đoán và dự báo thời tiết hiện tại.

### 1. Tóm tắt tình trạng bệnh
Vườn của bạn đang bị nhiễm bệnh **Đốm lá do nấm Phomopsis** (tên khoa học: *Phomopsis durionis*).
*   **Mức độ nhiễm bệnh:** Nhẹ (Severity 1). Hiện tại, diện tích lá bị tổn thương chiếm dưới 10% bề mặt lá.
*   **Triệu chứng nhận biết:** Trên lá xuất hiện các đốm nhỏ dạng đầu kim hoặc đốm nhỏ, xung quanh vết bệnh có quầng vàng bao quanh. Nếu không xử lý, các đốm này có thể phát triển to hơn, hợp lại với nhau làm giảm diện tích lá khỏe, ảnh hưởng đến quang hợp.

### 2. Tóm tắt thời tiết sắp tới
*   **Dự báo:** Độ ẩm không khí duy trì ở mức **cao** trong 3 ngày tới.
*   **Rủi ro:** Mức rủi ro tăng cao (increased). Đây là điều kiện thuận lợi để nấm bệnh đốm lá/cháy lá phát sinh mạnh hoặc lan rộng nhanh chóng.

### 3. Việc cần làm ngay
Do **độ ẩm cao kéo dài trong 3 ngày tới** tạo môi trường lý tưởng cho nấm *Phomopsis* phát triển, bạn cần thực hiện ngay các hành động sau để ngăn chặn bệnh lan rộng:

*   **Kiểm tra kỹ tán lá:** Tăng tần suất kiểm tra, đặc biệt chú ý quan sát **mặt dưới của lá** để phát hiện sớm các đốm nhỏ có quầng vàng mới xuất hiện.
*   **Cải thiện thông thoáng:** Tỉa bỏ các cành lá quá dày đặc, giúp không khí lưu thông tốt hơn trong tán cây, giảm độ ẩm cục bộ bám trên lá.
*   **Điều chỉnh tưới nước:** Tuyệt đối **tránh tưới làm ướt lá** vào buổi chiều hoặc tối. Hãy tưới vào buổi sáng sớm để lá kịp khô trước khi trời tối và độ ẩm tăng cao.

### 4. Quản lý
*   **Loại bỏ nguồn bệnh:** Thu gom và tiêu hủy các lá bị nhiễm bệnh nặng hoặc có vết bệnh mở rộng để giảm nguồn nấm tồn tại trong vườn.
*   **Giảm độ ẩm trên lá:** Tiếp tục duy trì việc giữ cho lá khô ráo nhất có thể, đặc biệt là trong giai đoạn độ ẩm cao này.

### 5. Phòng ngừa
*   **Vệ sinh vườn:** Thường xuyên dọn dẹp vật liệu bệnh (lá rụng, cành khô) còn tồn tại trong vườn để cắt đứt nguồn lây nhiễm.
*   **Quản lý tán cây:** Duy trì tán cây thông thoáng, không để quá rậm rạp.
*   **Kiểm soát độ ẩm:** Hạn chế tối đa tình trạng ẩm ướt kéo dài trên bề mặt lá.

### 6. Theo dõi
*   **Quan sát triệu chứng:** Tiếp tục theo dõi sát sao các đốm nhỏ có quầng vàng.
*   **Tái kiểm tra định kỳ:** Vì bệnh *Phomopsis* có khả năng **nhiễm tiềm ẩn** (triệu chứng có thể xuất hiện sau một giai đoạn không có dấu hiệu rõ ràng), bạn cần tái kiểm tra vườn sau vài ngày hoặc mỗi tuần một lần để phát hiện kịp thời các ổ bệnh mới.

### 7. Cảnh báo
Mặc dù mức độ bệnh hiện tại còn nhẹ, nhưng bạn **không được chủ quan**. Do đặc tính tiềm ẩn của nấm *Phomopsis* và điều kiện thời tiết độ ẩm cao đang kéo dài, bệnh có nguy cơ bùng phát mạnh nếu không được theo dõi và quản lý chặt chẽ.

Nếu tình trạng bệnh tiến triển nặng hơn hoặc bạn gặp khó khăn trong việc xử lý, hãy liên hệ ngay với cán bộ kỹ thuật nông nghiệp địa phương để được hỗ trợ cụ thể.

---
**Nguồn tham khảo:**
• [S1] Durian leaf disease image dataset / Mendeley Data — https://data.mendeley.com/datasets/pxzvksbwnj/4
• [S16] Acta Universitatis Agriculturae et Silviculturae Mendelianae Brunensis: Leaf spot characteristics of Phomopsis durionis on durian — https://acta.mendelu.cz/artkey/acu-201601-0022_leaf-spot-characteristics-of-phomopsis-durionis-on-durian-durio-zibethinus-murray-and-latent-infection-of-the.php
• [S4] CTAHR University of Hawaiʻi: Cephaleuros species, the plant-parasitic green algae — https://www.ctahr.hawaii.edu/oc/f",False,False,False,False,False,False,"Chào anh/chị, với tư cách là chuyên gia tư vấn kỹ thuật cây sầu riêng, tôi xin đưa ra khuyến nghị chi tiết cho tình huống **Bệnh đốm lá Phomopsis ở mức độ nhẹ (<10% diện tích lá)**.

Ở mức độ này, bệnh chưa gây thiệt hại nghiêm trọng về năng suất ngay lập tức, nhưng nếu không kiểm soát, nó có thể lan nhanh và tạo điều kiện cho các bệnh khác (như thán thư, loét thân) xâm nhập. Dưới đây là phác đồ xử lý:

### 1. Nguyên nhân và Đặc điểm bệnh

*   **Tác nhân gây bệnh:** Nấm *Phomopsis sp.* (thường gặp là *Phomopsis mangiferae* hoặc các loài liên quan).
*   **Đặc điểm nhận dạng:**
    *   Vết bệnh ban đầu là những đốm nhỏ màu nâu nhạt hoặc vàng, sau đó lan rộng thành hình tròn hoặc không đều.
    *   Trung tâm vết bệnh thường chuyển màu xám trắng hoặc nâu nhạt, có viền nâu sẫm bao quanh.
    *   Trên vết bệnh có thể thấy các chấm đen nhỏ (bào tử nấm) nếu quan sát kỹ.
    *   Lá bị nặng sẽ khô héo, rụng sớm, làm giảm khả năng quang hợp của cây.
*   **Điều kiện thuận lợi:**
    *   Thời tiết nóng ẩm, mưa nhiều, độ ẩm không khí cao (>80%).
    *   Vườn cây trồng dày đặc, thông gió kém, ánh sáng không xuyên sâu vào tán lá.
    *   Cây suy yếu do thiếu dinh dưỡng (đặc biệt là Kali và Canxi) hoặc bị stress do hạn hán/nướclogged.

### 2. Biện pháp quản lý vườn (Vệ sinh và Cải tạo)

Đây là bước **quan trọng nhất** ở giai đoạn bệnh nhẹ, giúp giảm nguồn nấm bệnh trong vườn mà không cần dùng nhiều thuốc hóa học.

*   **Tỉa cành tạo tán:**
    *   Tỉa bỏ các cành sâu bệnh, cành khô, cành tăm, cành mọc vượt nằm sâu trong tán.
    *   Mục đích: Tăng độ thông thoáng, giúp ánh sáng mặt trời chiếu vào sâu trong tán, làm giảm độ ẩm cục bộ – điều kiện bất lợi cho nấm phát triển.
*   **Thu gom và tiêu hủy tàn dư thực vật:**
    *   Dọn sạch lá rụng, lá bệnh dưới gốc và xung quanh tán cây.
    *   Đốt hoặc chôn vùi sâu các phần cây bị bệnh. **Không** để lại trong vườn vì đây là nguồn lây lan chính.
*   **Quản lý nước:**
    *   Đảm bảo hệ thống thoát nước tốt, tránh积水 (ứ đọng nước) quanh gốc.
    *   Tưới nước vào buổi sáng sớm để lá khô nhanh trong ngày, hạn chế nấm phát triển vào ban đêm.
*   **Bón phân cân đối:**
    *   Tăng cường bón phân hữu cơ vi sinh để cải tạo đất, tăng sức đề kháng cho cây.
    *   Bón bổ sung **Kali (K)** và **Canxi (Ca)** để tăng độ dày của biểu bì lá, giúp lá cứng cáp, khó bị nấm xâm nhập hơn.

### 3. Có cần phun thuốc hay không? Phun gì?

**Câu trả lời: Có thể chưa cần phun thuốc hóa học mạnh ngay lập tức, nhưng nên phun thuốc sinh học hoặc thuốc phòng ngừa nhẹ để kiểm soát nguồn bệnh.**

Vì mức độ bệnh chỉ <10%, ưu tiên sử dụng các biện pháp ít độc hại, thân thiện với môi trường và côn trùng có ích.

#### ✅ Khuyến nghị: Phun thuốc sinh học hoặc thuốc phòng ngừa
*   **Nhóm thuốc sinh học (Ưu tiên):**
    *   *Trichoderma spp.*: Giúp đối kháng với nấm bệnh trong đất và trên lá.
    *   *Bacillus subtilis*: Có tác dụng ức chế nấm *Phomopsis*.
    *   *Nấm đối kháng Beauveria bassiana* (nếu có kèm sâu hại).
*   **Nhóm thuốc hóa học nhẹ (Nếu bệnh có dấu hiệu lan nhanh):**
    *   Các hoạt chất như: **Mancozeb**, **Chlorothalonil**, hoặc **Difenoconazole** (liều lượng thấp).
    *   **Lưu ý:** Chỉ phun khi thấy bệnh bắt đầu lan rộng hoặc trong mùa mưa kéo dài. Luân phiên hoạt chất để tránh kháng thuốc.

#### 📅 Lịch phun đề xuất:
*   Phun 1–2 lần, cách nhau 7–10 ngày.
*   Phun vào buổi chiều mát, tránh phun khi trời nắng gắt hoặc sắp mưa.
*   Phun kỹ cả hai mặt lá, đặc biệt là phần tán trong.",True,True,False,False,True,True
phomopsis_severity_1__WS_PROLONGED_WET_SEVERE,phomopsis,1,WS_PROLONGED_WET_SEVERE,"Chào bạn, tôi là chuyên gia tư vấn bệnh cây trồng. Dựa trên kết quả chẩn đoán và dữ liệu thời tiết hiện tại, dưới đây là bản tư vấn chi tiết cho vườn sầu riêng của bạn:

### 1. Tóm tắt tình trạng bệnh
Cây sầu riêng của bạn đang bị nhiễm bệnh **Đốm lá Phomopsis** (do nấm *Phomopsis durionis* gây ra).
*   **Mức độ nhiễm bệnh:** Nhẹ (Severity 1). Diện tích lá bị tổn thương hiện tại chỉ chiếm từ 0–10%.
*   **Triệu chứng nhận biết:** Trên lá xuất hiện các đốm nhỏ dạng đầu kim hoặc đốm nhỏ, xung quanh vết bệnh có quầng vàng. Bệnh có thể tiến triển thành đốm rõ hơn hoặc kiểu ""mắt cua"" (crab-eye). Nếu để nặng, nhiều đốm sẽ hợp lại làm giảm diện tích lá khỏe mạnh.
*   **Đặc điểm nguy hiểm:** Bệnh có khả năng nhiễm tiềm ẩn, nghĩa là triệu chứng có thể xuất hiện sau một giai đoạn không có dấu hiệu rõ ràng.

### 2. Tóm tắt thời tiết sắp tới
*   **Dự báo:** Tổng lượng mưa trong 3 ngày tới **rất lớn**.
*   **Mức độ rủi ro:** Cao (High).
*   **Tác động:** Lượng mưa lớn kết hợp với độ ẩm cao kéo dài sẽ tạo điều kiện thuận lợi khiến bệnh đốm lá/cháy lá lan nhanh hơn bình thường.

### 3. Việc cần làm ngay
Do dự báo có **lượng mưa rất lớn trong 3 ngày tới**, độ ẩm cao sẽ thúc đẩy nấm bệnh phát triển mạnh. Bạn cần thực hiện các hành động sau:

*   **Kiểm tra tán lá hàng ngày:** Quan sát sát các đốm nhỏ có quáng vàng để xem số lượng đốm có tăng đột biến không.
*   **Xử lý thoát nước ngay lập tức:** Ưu tiên khơi thông các điểm thoát nước kém trong vườn để tránh nước đọng, vì nước đọng làm tăng độ ẩm cục bộ, tạo môi trường lý tưởng cho nấm *Phomopsis* xâm nhập và lan rộng.
*   **Ghi nhận và báo cáo:** Nếu thấy vết bệnh có dấu hiệu lan rộng nhanh chóng bất thường, hãy ghi nhận lại và báo ngay cho cán bộ kỹ thuật địa phương để được hỗ trợ xử lý chuyên sâu.

### 4. Quản lý
*   **Cải thiện thông thoáng tán:** Tỉa bỏ các cành lá quá dày đặc để không khí lưu thông tốt, giúp lá khô nhanh hơn sau mưa.
*   **Giảm tình trạng lá ướt:** Hạn chế tưới nước lên tán lá nếu có thể, hoặc tưới vào gốc để giảm thời gian lá bị ẩm ướt.
*   **Loại bỏ lá nhiễm:** Nếu vết bệnh mở rộng hoặc lá bị nhiễm nặng, hãy cắt bỏ và tiêu hủy các lá này để ngăn nguồn bệnh lây lan sang lá khỏe.

### 5. Phòng ngừa
*   **Giữ tán thông thoáng:** Duy trì việc tỉa cành định kỳ để tán cây không quá rậm rạp.
*   **Vệ sinh vật liệu bệnh:** Thu gom và tiêu hủy các lá rụng, cành有病 (bị bệnh) còn tồn tại trong vườn để cắt đứt nguồn lây nhiễm tiềm tàng.
*   **Giảm ẩm kéo dài trên lá:** Đảm bảo vườn cây có hệ thống thoát nước tốt, tránh đọng nước sau mưa.

### 6. Theo dõi
*   **Theo dõi sát sao:** Tập trung quan sát các đốm nhỏ có quầng vàng.
*   **Tái kiểm tra định kỳ:** Vì bệnh có giai đoạn tiềm ẩn, bạn cần tái kiểm tra sau vài ngày hoặc vài tuần nữa, ngay cả khi hiện tại triệu chứng còn nhẹ, để phát hiện sớm nếu bệnh bùng phát trở lại.

### 7. Cảnh báo
Mặc dù mức độ nhiễm bệnh hiện tại còn nhẹ, nhưng bạn **vẫn cần theo dõi chặt chẽ**. Lý do là *Phomopsis* có đặc tính nhiễm tiềm ẩn, nghĩa là nấm có thể đã tồn tại trong mô lá mà chưa biểu hiện rõ, và điều kiện mưa lớn, ẩm ướt sắp tới có thể kích hoạt bệnh bùng phát mạnh.

---

**Nguồn tham khảo:**
• [S1] Durian leaf disease image dataset / Mendeley Data — https://data.mendeley.com/datasets/pxzvksbwnj/4
• [S16] Acta Universitatis Agriculturae et Silviculturae Mendelianae Brunensis: Leaf spot characteristics of Phomopsis durionis on durian — https://acta.mendelu.cz/artkey/acu-201601-0022_leaf-spot-characteristics-of-phomopsis-durionis-on-durian-durio-zibethinus-murray-and-latent-infection-of-the",False,False,False,False,False,False,"Chào bạn, với tư cách là chuyên gia tư vấn kỹ thuật cây trồng, tôi xin đưa ra khuyến nghị chi tiết cho tình huống bệnh đốm lá Phomopsis trên cây sầu riêng của bạn.

Với mức độ nhiễm bệnh **nhẹ (<10% diện tích lá)**, đây là giai đoạn vàng để can thiệp. Mục tiêu chính lúc này không phải là ""tiêu diệt"" bệnh ngay lập tức bằng hóa chất mạnh, mà là **kiểm soát sự lây lan**, tăng sức đề kháng cho cây và ngăn chặn bệnh bùng phát thành dịch khi điều kiện thời tiết thuận lợi (mưa nhiều, ẩm ướt).

Dưới đây là phác đồ xử lý cụ thể:

### 1. Nguyên nhân và Đặc điểm bệnh

*   **Tác nhân gây bệnh:** Nấm *Phomopsis sapida* (đồng nghĩa với *Diaporthe* spp.). Đây là nấm phổ biến, thường tấn công mạnh vào giai đoạn cây ra hoa, đậu trái non hoặc khi cây suy yếu.
*   **Đặc điểm nhận dạng:**
    *   Vết bệnh ban đầu là những chấm nhỏ màu nâu vàng hoặc nâu đỏ trên phiến lá.
    *   Sau đó vết bệnh mở rộng thành hình tròn hoặc không đều, có viền màu nâu sẫm, giữa vết bệnh có thể chuyển màu xám trắng hoặc nâu nhạt.
    *   Trên vết bệnh thường xuất hiện các đốm đen nhỏ (bào tử nấm) nếu trời ẩm ướt.
    *   Lá bị nặng sẽ khô héo, rụng sớm, làm giảm khả năng quang hợp của cây.
*   **Điều kiện thuận lợi:** Thời tiết mưa nhiều, độ ẩm cao (>85%), vườn cây trồng dày đặc, thông gió kém, hoặc cây thiếu dinh dưỡng (đặc biệt là Kali và Canxi).

### 2. Biện pháp quản lý vườn (Canh tác)

Vì mức độ bệnh còn nhẹ, biện pháp canh tác đóng vai trò **quyết định** để đẩy lùi bệnh mà không cần dùng nhiều thuốc:

*   **Tỉa cành tạo tán:**
    *   Cắt bỏ ngay những cành lá bị bệnh, cành khô, cành tăm, cành nằm sâu trong tán cây.
    *   Đưa tất cả cành lá bị cắt ra khỏi vườn và tiêu hủy (đốt hoặc chôn vùi), **không** để lại dưới gốc cây vì đây là nguồn nấm tồn tại qua mùa.
    *   Tạo tán thông thoáng để ánh sáng chiếu sâu vào tán, giảm độ ẩm cục bộ.
*   **Quản lý cỏ dại:**
    *   Cắt cỏ xung quanh gốc và giữa hàng để giảm nơi trú ẩn của nấm và côn trùng trung gian.
    *   Tránh để cỏ quá cao che khuất gốc cây.
*   **Tưới nước hợp lý:**
    *   Tưới nước vào buổi sáng sớm để lá khô nhanh trước khi trời tối.
    *   Tránh tưới nước lên tán lá (tưới nhỏ giọt hoặc tưới gốc là tốt nhất).
    *   Đảm bảo thoát nước tốt, không để积水 (ứ đọng nước) quanh gốc.
*   **Bón phân cân đối:**
    *   Tăng cường bón phân hữu cơ vi sinh để cải tạo đất và tăng sức đề kháng.
    *   Bổ sung **Kali (K)** và **Canxi (Ca)**: Kali giúp thành tế bào lá dày hơn, khó bị nấm xâm nhập; Canxi giúp tăng cường sức bền của mô thực vật.
    *   Hạn chế bón quá nhiều Đạm (N) vì làm cây sinh trưởng quá mạnh, mô non mềm dễ bị nấm tấn công.

### 3. Có cần phun thuốc hay không? Phun gì?

**Câu trả lời: Có nên phun, nhưng ưu tiên thuốc sinh học và tăng sức đề kháng trước.**

Với mức độ <10%, bạn **không cần** dùng ngay các loại thuốc hóa học mạnh (như Mancozeb, Zineb, Tebuconazole...) trừ khi dự báo thời tiết sẽ mưa liên tục trong 3-5 ngày tới.

**Lịch trình phun đề xuất:**

*   **Bước 1: Phun thuốc sinh học + Kích thích miễn dịch (Ưu tiên)**
    *   **Thành phần:**
        *   Nấm đối kháng: *Trichoderma* (loại chế phẩm gốc nước, nồng độ theo hướng dẫn nhà sản xuất, thường 1-2%).
        *   Vi khuẩn đối kháng: *Bacillus subtilis* hoặc *Pseudomonas fluorescens*.
        *   Chất kích thích miễn dịch: Chitosan, Beta-glucan, hoặc Axit Humic/ Fulvic (giúp cây phục hồi nhanh).
    *   **Tần suất:** Phun 2-3 lần, cách nhau 7-10 ngày.
    *",True,True,False,False,True,True
phomopsis_severity_1__WS_PSYLLID_WARM_CONDITIONS,phomopsis,1,WS_PSYLLID_WARM_CONDITIONS,"Chào bạn, với tư cách là chuyên gia tư vấn bệnh cây trồng, tôi xin đưa ra bản đánh giá và khuyến nghị xử lý cho tình trạng bệnh trên vườn sầu riêng của bạn dựa trên dữ liệu chẩn đoán và dự báo thời tiết hiện tại.

### 1. Tóm tắt tình trạng bệnh
Cây sầu riêng của bạn đang mắc bệnh **Phomopsis leaf spot** (do nấm *Phomopsis durionis* gây ra).
*   **Mức độ nhiễm bệnh:** Nhẹ (Severity 1), với diện tích lá bị tổn thương từ 0–10%.
*   **Triệu chứng điển hình:** Xuất hiện các đốm nhỏ dạng đầu kim hoặc đốm nhỏ trên lá, xung quanh vết bệnh có quầng vàng. Bệnh có thể tiến triển thành đốm rõ hơn hoặc dạng ""mắt cua"" (crab-eye). Nếu nặng, các đốm sẽ hợp lại làm giảm diện tích lá khỏe.
*   **Đặc điểm nguy hiểm:** Bệnh có khả năng nhiễm tiềm ẩn, nghĩa là triệu chứng có thể xuất hiện sau một giai đoạn không có dấu hiệu rõ ràng.

### 2. Tóm tắt thời tiết sắp tới
*   **Dự báo:** Đêm ấm kéo dài trong 3 ngày tới.
*   **Ảnh hưởng:** Điều kiện này thuận lợi cho sự phát triển của rầy chổng cánh (psyllid).
*   **Lưu ý quan trọng:** Mặc dù thời tiết này thuận lợi cho sâu hại psyllid, nhưng kịch bản ""Đêm ấm kéo dài"" **không thuộc nhóm điều kiện nguy cơ đặc biệt** đã được xác định trực tiếp đối với bệnh Phomopsis leaf spot trong cơ sở dữ liệu hiện tại. Do đó, chúng ta vẫn áp dụng các quy trình quản lý và theo dõi tiêu chuẩn cho bệnh nấm này.

### 3. Việc cần làm ngay
*   **Hành động:** Theo dõi sát sao các đốm nhỏ có quầng vàng trên lá và kiểm tra xem số lượng đốm có tăng lên không.
*   **Lý do:** Vì bệnh Phomopsis có đặc tính nhiễm tiềm ẩn, việc phát hiện sớm sự gia tăng số lượng đốm ngay cả khi thời tiết hiện tại (đêm ấm) chủ yếu được cảnh báo là thuận lợi cho psyllid, sẽ giúp bạn nắm bắt được diễn biến thực tế của bệnh nấm trước khi nó bùng phát mạnh hơn.

### 4. Quản lý
*   **Cải thiện thông thoáng tán:** Tỉa cành để đảm bảo không khí lưu thông tốt trong tán cây, giúp giảm độ ẩm cục bộ.
*   **Giảm tình trạng lá ướt:** Hạn chế tối đa thời gian nước đọng trên lá (ví dụ: tránh tưới phun mưa vào buổi tối hoặc khi trời ít gió).
*   **Loại bỏ lá nhiễm:** Nếu thấy vết bệnh mở rộng hoặc nhiều lá bị nhiễm nặng, cần cắt bỏ và tiêu hủy các lá này để ngăn nguồn bệnh lây lan.

### 5. Phòng ngừa
*   **Giữ tán thông thoáng:** Duy trì việc tỉa cành định kỳ để tán cây không quá dày đặc.
*   **Vệ sinh vật liệu bệnh:** Thu gom và tiêu hủy các tàn dư thực vật, lá bệnh rơi rụng trong vườn để loại bỏ nguồn nấm bệnh tồn tại.
*   **Giảm ẩm kéo dài trên lá:** Quản lý hệ thống tưới tiêu và thoát nước trong vườn để tránh tình trạng ẩm ướt kéo dài, tạo điều kiện bất lợi cho nấm phát triển.

### 6. Theo dõi
*   **Quan sát triệu chứng:** Tiếp tục theo dõi các đốm nhỏ có quầng vàng trên lá.
*   **Tái kiểm tra định kỳ:** Hãy kiểm tra lại vườn sau vài ngày hoặc vài tuần. Do bệnh có giai đoạn tiềm ẩn, triệu chứng mới có thể xuất hiện sau một khoảng thời gian không có dấu hiệu rõ ràng, nên sự kiên trì trong việc quan sát là rất cần thiết.

### 7. Cảnh báo
*   Mặc dù mức độ bệnh hiện tại chỉ ở mức nhẹ, bạn vẫn cần theo dõi chặt chẽ vì *Phomopsis* có khả năng nhiễm tiềm ẩn. Nếu tình trạng bệnh tiến triển nặng hoặc bạn không thể xác định rõ nguyên nhân gây hại khác (như psyllid do thời tiết ấm), hãy liên hệ với cán bộ kỹ thuật địa phương để được hỗ trợ xử lý chuyên sâu.

### Nguồn tham khảo
*   [S1] Durian leaf disease image dataset / Mendeley Data — https://data.mendeley.com/datasets/pxzvksbwnj/4
*   [S16] Acta Universitatis Agriculturae et Silviculturae Mendelianae Brunensis: Leaf spot characteristics of Phomopsis durionis on durian — https://acta.mendelu.cz/artkey/acu-201601-0022_leaf-spot-characteristics-of-phom",False,False,False,False,True,False,"Chào bạn, với tư cách là chuyên gia tư vấn kỹ thuật cây trồng, tôi xin đưa ra khuyến nghị chi tiết cho tình huống **Bệnh đốm lá Phomopsis** trên cây sầu riêng với mức độ nhiễm bệnh nhẹ (<10% diện tích lá).

Ở mức độ này, bệnh chưa gây thiệt hại kinh tế lớn nhưng là dấu hiệu cảnh báo sớm. Nếu không kiểm soát, nấm *Phomopsis* có thể lây lan nhanh, gây rụng lá, suy giảm quang hợp và tạo điều kiện cho bệnh thán thư hoặc bệnh đốm lá khác tấn công.

Dưới đây là phác đồ xử lý và quản lý:

### 1. Nguyên nhân và Đặc điểm bệnh

*   **Tác nhân gây bệnh:** Nấm *Phomopsis sp.* (thường gặp là *Phomopsis mangiferae* hoặc các loài liên quan).
*   **Đặc điểm triệu chứng:**
    *   Xuất hiện các đốm nhỏ màu nâu sẫm hoặc đen trên phiến lá, thường bắt đầu từ mép lá hoặc gân lá.
    *   Đốm bệnh có thể lan rộng, tạo thành các mảng hoại tử không đều, xung quanh đốm có quầng vàng.
    *   Lá bị nặng sẽ khô, giòn và rụng sớm.
    *   Bệnh phát triển mạnh trong điều kiện **ẩm ướt, mưa nhiều, độ ẩm cao (>85%)** và vườn cây bị che khuất, thiếu ánh sáng.
*   **Nguồn lây lan:** Nấm tồn tại trên tàn dư thực vật (lá rụng, cành khô) và lây lan qua nước mưa, gió hoặc côn trùng.

### 2. Biện pháp quản lý vườn (Canh tác) – Ưu tiên hàng đầu

Vì mức độ bệnh còn nhẹ, biện pháp canh tác là chìa khóa để kiểm soát mà không cần dùng nhiều thuốc hóa học:

*   **Tỉa cành tạo tán:**
    *   Tỉa bỏ các cành sâu bệnh, cành khô, cành tăm, cành vượt nằm trong tán.
    *   Mục tiêu: Tăng độ thông thoáng, giúp ánh sáng xuyên sâu vào tán lá, giảm độ ẩm cục bộ – môi trường thuận lợi cho nấm phát triển.
*   **Vệ sinh vườn:**
    *   Thu gom và tiêu hủy (đốt hoặc chôn vùi sâu) tất cả lá rụng, cành bệnh dưới gốc cây. Đây là nguồn nấm chính để tái nhiễm.
*   **Quản lý nước:**
    *   Đảm bảo hệ thống thoát nước tốt, tránh đọng nước quanh gốc.
    *   Tưới nước vào buổi sáng sớm để lá khô nhanh trước khi đêm đến.
*   **Bón phân cân đối:**
    *   Tránh bón thừa đạm (N) vì làm cây sinh trưởng mạnh, lá non mềm, dễ bị nấm tấn công.
    *   Tăng cường bón Kali (K) và Canxi (Ca) để tăng cường độ bền của vách tế bào lá, giúp cây kháng bệnh tốt hơn.

### 3. Có cần phun thuốc hay không? Phun gì?

**Câu trả lời:** Với mức độ <10%, **không nhất thiết phải phun thuốc hóa học mạnh ngay lập tức** nếu vườn đã được vệ sinh và tỉa cành tốt. Tuy nhiên, để ngăn chặn bùng phát, nên áp dụng biện pháp **phòng ngừa chủ động** bằng các chế phẩm sinh học hoặc thuốc trừ nấm nhẹ.

#### Khuyến nghị phun thuốc (Nếu quyết định phun):

**Ưu tiên 1: Chế phẩm sinh học / Thuốc gốc đồng (An toàn, ít kháng thuốc)**
*   **Thuốc gốc đồng:** Mancozeb, Copper Hydroxide, hoặc Copper Oxychloride.
    *   *Liều lượng:* Theo hướng dẫn trên bao bì.
    *   *Lưu ý:* Phun ướt đều cả hai mặt lá. Không phun khi trời nắng gắt hoặc sắp mưa.
*   **Chế phẩm sinh học:** Trichoderma, Bacillus subtilis, hoặc các sản phẩm chứa nấm đối kháng.
    *   *Ưu điểm:* An toàn tuyệt đối, không gây ô nhiễm, hỗ trợ hệ vi sinh đất.
    *   *Cách dùng:* Phun định kỳ 7–10 ngày/lần trong giai đoạn ẩm ướt.

**Ưu tiên 2: Thuốc hóa học (Chỉ dùng nếu bệnh có dấu hiệu lan nhanh sau 1–2 tuần)**
*   **Hoạt chất:** Azoxystrobin + Difenoconazole, hoặc Tebuconazole.
    *   *Lưu ý:* Chỉ dùng khi thật sự cần thiết. Luân phiên hoạt chất để tránh kháng thuốc. Tuân thủ thời gian cách ly.

**Lịch phun đề xuất:**
*   Phun 1 lần ngay bây giờ bằng thuốc gốc đồng hoặc chế phẩm sinh học.
*   Nếu sau 7",True,True,False,False,True,True
phomopsis_severity_1__WS_DRY_HOT_WATER_STRESS,phomopsis,1,WS_DRY_HOT_WATER_STRESS,"Chào bạn, dựa trên kết quả chẩn đoán và dự báo thời tiết, dưới đây là tư vấn chi tiết về tình trạng bệnh trên vườn sầu riêng của bạn:

### 1. Tóm tắt tình trạng bệnh
Cây sầu riêng của bạn đang mắc bệnh **Đốm lá Phomopsis** (do nấm *Phomopsis durionis* gây ra).
*   **Mức độ nhiễm bệnh:** Nhẹ (Severity 1). Diện tích lá bị tổn thương hiện tại chiếm dưới 10%.
*   **Triệu chứng nhận biết:** Trên lá xuất hiện các đốm nhỏ dạng đầu kim hoặc đốm nhỏ, xung quanh vết bệnh có quầng vàng. Bệnh có thể tiến triển thành đốm rõ hơn hoặc dạng mắt cua (crab-eye). Nếu nặng, nhiều đốm sẽ hợp lại làm giảm diện tích lá khỏe.
*   **Đặc điểm nguy hiểm:** Bệnh có khả năng nhiễm tiềm ẩn, nghĩa là triệu chứng có thể xuất hiện sau một giai đoạn không có dấu hiệu rõ ràng.

### 2. Tóm tắt thời tiết sắp tới
*   **Dự báo:** Nắng nóng kéo dài trong 3 ngày tới.
*   **Rủi ro:** Mức cảnh báo về stress nước (thiếu nước).
*   **Lưu ý:** Nắng nóng không trực tiếp gây ra bệnh Phomopsis, nhưng khiến cây bị stress, suy yếu và dễ mẫn cảm hơn với sâu bệnh nói chung.

### 3. Việc cần làm ngay
*   **Tưới nước đầy đủ và đều đặn:** Do dự báo nắng nóng kéo dài trong 3 ngày tới, cây dễ bị thiếu nước và stress. Việc đảm bảo tưới nước đầy đủ giúp cây duy trì sức khỏe, giảm thiểu tình trạng suy yếu do mất nước, từ đó hạn chế khả năng cây trở nên mẫn cảm hơn với các tác nhân gây bệnh.
*   **Kiểm tra số lượng đốm:** Theo dõi sát sao các đốm nhỏ có quầng vàng đã xuất hiện. Kiểm tra xem số lượng đốm có tăng lên hay không trong những ngày nắng nóng này.

### 4. Quản lý
*   **Cải thiện thông thoáng tán:** Tỉa cành để tán cây thông thoáng, giúp giảm độ ẩm cục bộ và hạn chế môi trường thuận lợi cho nấm phát triển.
*   **Giảm tình trạng lá ướt:** Hạn chế tưới nước lên lá vào buổi tối hoặc những lúc cây không cần thiết, giữ cho lá khô ráo.
*   **Loại bỏ lá nhiễm:** Nếu thấy vết bệnh mở rộng hoặc nhiều đốm hợp lại, hãy thu gom và loại bỏ những lá bị nhiễm bệnh ra khỏi vườn để giảm nguồn bệnh.

### 5. Phòng ngừa
*   **Vệ sinh vườn trồng:** Thu gom và tiêu hủy vật liệu bệnh (lá rụng, cành khô) còn tồn tại trong vườn để cắt đứt nguồn lây lan.
*   **Giữ tán thông thoáng:** Duy trì việc tỉa cành định kỳ để ánh sáng và gió lưu thông tốt.
*   **Kiểm soát độ ẩm:** Tránh để độ ẩm kéo dài trên bề mặt lá, đặc biệt là sau những lần tưới nước hoặc mưa.

### 6. Theo dõi
*   **Quan sát triệu chứng:** Tiếp tục theo dõi các đốm nhỏ có quầng vàng trên lá.
*   **Tái kiểm tra định kỳ:** Vì bệnh có giai đoạn tiềm ẩn, bạn cần tái kiểm tra sau vài ngày hoặc vài tuần nữa để phát hiện sớm các triệu chứng mới xuất hiện sau giai đoạn không có dấu hiệu.

### 7. Cảnh báo
Mặc dù mức độ bệnh hiện tại còn nhẹ, nhưng bạn vẫn cần theo dõi chặt chẽ vì *Phomopsis* có khả năng nhiễm tiềm ẩn. Nếu tình trạng bệnh tiến triển nặng hoặc bạn không tự xử lý được, hãy liên hệ với cán bộ kỹ thuật địa phương để được hỗ trợ cụ thể.

### Nguồn tham khảo
• [S1] Durian leaf disease image dataset / Mendeley Data — https://data.mendeley.com/datasets/pxzvksbwnj/4
• [S16] Acta Universitatis Agriculturae et Silviculturae Mendelianae Brunensis: Leaf spot characteristics of Phomopsis durionis on durian — https://acta.mendelu.cz/artkey/acu-201601-0022_leaf-spot-characteristics-of-phomopsis-durionis-on-durian-durio-zibethinus-murray-and-latent-infection-of-the.php
• [W1] Iowa State University Extension: It Takes Three to Make a Plant Sick (Disease Triangle) — https://www.extension.iastate.edu/news/2007/jan/071001.htm",False,False,False,False,False,False,"Chào anh/chị, với tư cách là chuyên gia tư vấn kỹ thuật cây trồng, tôi xin đưa ra khuyến nghị xử lý cho tình huống **Bệnh đốm lá Phomopsis** ở mức độ **nhẹ (<10% diện tích lá bị tổn thương)** như sau:

### 1. Nguyên nhân và Đặc điểm bệnh

*   **Tác nhân gây bệnh:** Nấm *Phomopsis mangiferae* (đôi khi được phân loại lại hoặc liên quan đến nhóm nấm *Lasiodiplodia* trong giai đoạn đầu, nhưng *Phomopsis* là tên gọi phổ biến trong thực tế canh tác). Nấm này là cơ hội, thường tấn công khi cây suy yếu hoặc điều kiện môi trường thuận lợi.
*   **Đặc điểm nhận biết:**
    *   Vết bệnh ban đầu là những chấm nhỏ màu nâu sẫm hoặc đen trên phiến lá.
    *   Vết bệnh lan rộng tạo thành hình tròn hoặc không đều, trung tâm vết bệnh có thể chuyển màu xám hoặc trắng, viền ngoài màu nâu đậm.
    *   Ở giai đoạn nặng, vết bệnh có thể làm rách lá, rụng lá non, ảnh hưởng đến quang hợp và sức khỏe tổng thể của cây.
    *   Bệnh thường xuất hiện mạnh vào mùa mưa, độ ẩm cao, vườn cây rậm rạp, thiếu ánh sáng.

### 2. Biện pháp quản lý vườn (Ưu tiên hàng đầu)

Vì mức độ bệnh còn **nhẹ (<10%)**, biện pháp cơ học và quản lý vườn là **quan trọng nhất**, giúp giảm nguồn nấm và hạn chế lây lan mà không cần lạm dụng hóa chất.

*   **Tỉa cành tạo tán:**
    *   Tỉa bỏ các cành sâu bệnh, cành khô, cành tăm, cành mọc quá dày đặc bên trong tán cây.
    *   Mục đích: Tăng độ thông thoáng, giảm độ ẩm cục bộ trong tán, giúp ánh sáng chiếu sâu vào trong, tạo môi trường bất lợi cho nấm phát triển.
*   **Vệ sinh vườn:**
    *   Thu gom và tiêu hủy (đốt hoặc chôn vùi sâu) các lá rụng, cành cắt bỏ có dấu hiệu bệnh. **Không** để lại trong vườn vì đây là nguồn nấm tồn tại qua mùa.
*   **Quản lý nước và bón phân:**
    *   Đảm bảo hệ thống thoát nước tốt, tránh úng rễ (rễ yếu làm cây dễ nhiễm bệnh).
    *   Bón cân đối N-P-K, đặc biệt chú ý bổ sung **Canxi (Ca)** và **Magie (Mg)** để tăng cường độ bền của thành tế bào lá, giúp lá khỏe mạnh, kháng bệnh tốt hơn. Hạn chế bón quá nhiều đạm (N) khi trời mưa nhiều.

### 3. Có cần phun thuốc không? Phun gì?

**Khuyến nghị:** Với mức độ <10%, **KHÔNG CẦN PHUN THUỐC HÓA HỌC NGAY LẬP TỨC** nếu vườn đã được vệ sinh và tỉa cành kỹ. Tuy nhiên, nếu bệnh có dấu hiệu lan nhanh hoặc sắp vào mùa mưa kéo dài, nên phun phòng ngừa bằng các chế phẩm sinh học hoặc thuốc trừ nấm nhẹ.

**Nếu quyết định phun (phòng ngừa hoặc kiểm soát sớm):**

*   **Ưu tiên nhóm thuốc sinh học hoặc thuốc gốc đồng (ít độc hại, ít kháng thuốc):**
    1.  **Thuốc gốc Đồng (Copper-based):**
        *   *Chế phẩm:* Copper Hydroxide (Kocide), Copper Oxychloride (Copper Zinc), hoặc Mancozeb (tác dụng phòng ngừa tốt).
        *   *Liều lượng:* Theo hướng dẫn trên bao bì. Phun ướt đều cả mặt trên và mặt dưới lá.
        *   *Lưu ý:* Không phun khi trời nắng gắt hoặc sắp mưa to.
    2.  **Chế phẩm sinh học:**
        *   *Chế phẩm:* Trichoderma spp., Bacillus subtilis, hoặc các sản phẩm chứa nấm đối kháng.
        *   *Ưu điểm:* An toàn, không gây ô nhiễm, giúp cân bằng hệ vi sinh vật trên lá.
        *   *Cách dùng:* Phun định kỳ 7–10 ngày/lần trong giai đoạn ẩm ướt.

*   **Tránh sử dụng:** Các loại thuốc hóa học mạnh như nhóm triazole (tebuconazole, difenoconazole...) ở giai đoạn này vì chưa cần thiết, dễ gây lãng phí và nguy cơ kháng thuốc về sau.

### 4. Phòng ngừa và Theo dõi

*   **Theo dõi định kỳ:**
    *   Kiểm tra vườn 7–10 ngày/lần, đặc biệt sau những trận mưa lớn.
    *   Quan sát kỹ lá non và lá già ở tầng dưới",True,True,False,False,True,True
phomopsis_severity_2__WS_NORMAL,phomopsis,2,WS_NORMAL,"Chào bạn, với vai trò là chuyên gia tư vấn bệnh cây trồng, tôi xin đưa ra bản chẩn đoán và khuyến nghị xử lý cho vườn sầu riêng của bạn dựa trên dữ liệu đã cung cấp.

### 1. Tóm tắt tình trạng bệnh
Cây sầu riêng của bạn đang nhiễm bệnh **Đốm lá Phomopsis** (do nấm *Phomopsis durionis* gây ra).
*   **Mức độ nhiễm bệnh:** Trung bình (Severity 2).
*   **Biểu hiện:** Diện tích lá bị tổn thương chiếm từ **10–35%**. Bạn sẽ thấy các đốm nhỏ dạng đầu kim hoặc đốm nhỏ trên lá, xung quanh vết bệnh có **quầng vàng**. Bệnh có thể tiến triển thành dạng đốm rõ hơn hoặc kiểu ""mắt cua"" (crab-eye). Nếu nặng, nhiều đốm sẽ hợp lại làm giảm diện tích lá khỏe, ảnh hưởng đến quang hợp.
*   **Đặc điểm nguy hiểm:** Bệnh có khả năng nhiễm tiềm ẩn, nghĩa là triệu chứng có thể xuất hiện sau một khoảng thời gian không có dấu hiệu rõ ràng.

### 2. Tóm tắt thời tiết sắp tới
Hiện tại, điều kiện thời tiết ở khu vực vườn của bạn ở mức **bình thường**, không có các yếu tố đặc biệt (như mưa lớn kéo dài, độ ẩm cực cao bất thường...) làm tăng nguy cơ bùng phát bệnh đột ngột. Do đó, áp lực bệnh hiện tại chủ yếu đến từ nguồn bệnh còn tồn tại trong vườn và điều kiện vi khí hậu trong tán cây.

### 3. Việc cần làm ngay
**Hành động:** Kiểm tra kỹ các lá gần đó để phát hiện sớm các đốm có quầng vàng hoặc dạng ""mắt cua"".

**Lý do:** Vì bệnh Phomopsis có đặc tính **nhiễm tiềm ẩn**, việc chỉ nhìn thấy một vài lá bệnh không có nghĩa là bệnh đã dừng lại. Các lá xung quanh có thể đã bị nhiễm nhưng chưa biểu hiện triệu chứng rõ ràng. Việc kiểm tra ngay bây giờ giúp bạn khoanh vùng và xử lý kịp thời trước khi bệnh lan rộng trong tán cây, đặc biệt trong điều kiện thời tiết bình thường này, chúng ta cần chủ động ngăn chặn sự lây lan tự nhiên thay vì chờ đợi các yếu tố thời tiết thuận lợi cho nấm phát triển mạnh.

### 4. Quản lý
Để kiểm soát bệnh ở mức độ trung bình hiện tại, bạn cần thực hiện các biện pháp sau:
*   **Loại bỏ vật liệu bệnh:** Thu gom và tiêu hủy các lá bị bệnh nếu điều kiện cho phép, nhằm giảm nguồn nấm tồn tại trong vườn.
*   **Cải thiện thông thoáng:** Tỉa cành để tán cây thông thoáng, giúp giảm độ ẩm cục bộ trong tán, tạo môi trường bất lợi cho nấm phát triển.
*   **Vệ sinh dụng cụ:** Đảm bảo dụng cụ cắt tỉa được vệ sinh sạch sẽ sau mỗi lần sử dụng để tránh phát tán vật liệu bệnh sang các cây khác.
*   **Tham khảo ý kiến chuyên gia:** Nếu bạn thấy triệu chứng lan rộng nhanh chóng, hãy tham khảo khuyến cáo cụ thể từ cán bộ kỹ thuật địa phương.

### 5. Phòng ngừa
Để ngăn bệnh tái phát hoặc lây lan sang các cây khác:
*   **Giữ tán thông thoáng:** Duy trì việc tỉa cành định kỳ để ánh sáng và gió lưu thông tốt.
*   **Vệ sinh vườn:** Thường xuyên thu gom và xử lý vật liệu bệnh (lá rụng, cành cắt).
*   **Kiểm soát độ ẩm:** Tránh để lá bị ẩm ướt kéo dài (ví dụ: tưới nước vào buổi tối hoặc tưới trực tiếp lên tán lá).

### 6. Theo dõi
*   **Dấu hiệu cần lưu ý:** Quan sát kỹ các đốm nhỏ có quầng vàng trên lá mới và lá già.
*   **Tần suất:** Tái kiểm tra sau **vài ngày đến một tuần**. Vì bệnh có giai đoạn tiềm ẩn, các triệu chứng mới có thể xuất hiện sau một khoảng thời gian ngắn kể từ lần kiểm tra trước.

### 7. Cảnh báo
Mức độ nhiễm bệnh trung bình hiện tại phản ánh rằng **áp lực bệnh đang tồn tại trong tán cây**. Nếu không quản lý và theo dõi sát sao, bệnh có thể tiến triển nặng hơn, làm giảm diện tích lá khỏe, ảnh hưởng đến sức khỏe tổng thể của cây và năng suất vụ sau.

---
**Nguồn tham khảo:**
• [S1] Durian leaf disease image dataset / Mendeley Data — https://data.mendeley.com/datasets/pxzvksbwnj/4
• [S16] Acta Universitatis Agriculturae et Silviculturae Mendelianae Brunensis: Leaf spot characteristics of Phomopsis durionis on durian — https://acta.mendelu.cz/art",False,False,False,False,False,False,"Chào bạn, với tư cách là chuyên gia tư vấn kỹ thuật cây trồng, tôi xin đưa ra phác đồ xử lý chi tiết cho tình huống **Bệnh đốm lá Phomopsis** trên cây sầu riêng với mức độ nhiễm bệnh trung bình (>10–35% diện tích lá).

Mức độ này được coi là **cảnh báo vàng**. Nếu không can thiệp kịp thời, bệnh sẽ lan nhanh, làm giảm khả năng quang hợp, suy yếu cây và tạo điều kiện cho các bệnh hại khác (như thán thư, cháy lá) tấn công, đặc biệt nguy hiểm khi cây chuẩn bị ra hoa hoặc đang nuôi trái.

Dưới đây là khuyến nghị xử lý toàn diện:

---

### 1. Nguyên nhân và Đặc điểm bệnh

*   **Tác nhân gây bệnh:** Nấm *Phomopsis sp.* (thường gặp là *Phomopsis mangiferae* hoặc các loài liên quan).
*   **Điều kiện thuận lợi:**
    *   Thời tiết nóng ẩm, mưa nhiều, độ ẩm không khí cao (>80%).
    *   Vườn cây trồng dày đặc, thông gió kém, ánh sáng không xuyên sâu.
    *   Cây thiếu dinh dưỡng, đặc biệt là Kali (K) và Canxi (Ca), làm lá mỏng và dễ nhiễm bệnh.
    *   Có nguồn bệnh tồn tại từ vụ trước (lá rụng, cành khô còn lại trong vườn).
*   **Triệu chứng nhận biết:**
    *   Xuất hiện các đốm nhỏ màu nâu sẫm hoặc đen trên lá non và lá trưởng thành.
    *   Đốm bệnh lan rộng, trung tâm đốm có thể chuyển màu xám trắng hoặc vàng nhạt, viền ngoài màu nâu đậm.
    *   Lá bị nhiễm nặng sẽ bị cháy khô, rụng sớm.
    *   Bệnh có thể lan sang cuống lá, cành non gây chết cành.

---

### 2. Biện pháp quản lý vườn (Vệ sinh và Chăm sóc)

Đây là bước **bắt buộc** trước khi phun thuốc để giảm nguồn bệnh và tăng hiệu quả xử lý.

1.  **Cắt tỉa và vệ sinh vườn:**
    *   Cắt bỏ tất cả các lá, cành bị nhiễm bệnh nặng, lá già, lá sâu bệnh.
    *   **Quan trọng:** Thu gom toàn bộ tàn dư thực vật (lá rụng, cành cắt) và **đốt hủy** hoặc chôn vùi sâu ra khỏi vườn. Không để lại trong gốc cây vì nấm sẽ tồn tại qua mùa.
2.  **Tạo tán thông thoáng:**
    *   Tỉa thưa tán cây, cắt bỏ cành tăm, cành vượt, cành nằm ngang hoặc chúc xuống đất.
    *   Đảm bảo ánh sáng mặt trời chiếu sâu vào tán và gió lưu thông tốt để làm khô lá nhanh sau mưa.
3.  **Bón phân cân đối:**
    *   Tăng cường bón phân hữu cơ hoai mục để cải tạo đất.
    *   Bón bổ sung **Kali (K)** và **Canxi (Ca)** qua lá hoặc gốc để tăng độ dày của biểu bì lá, giúp lá cứng cáp, kháng bệnh tốt hơn.
    *   Tránh bón thừa Nitơ (N) vì sẽ làm cây phát triển quá nhanh, lá mềm, dễ nhiễm nấm.

---

### 3. Có cần phun thuốc hay không? Phun gì?

**Câu trả lời: CÓ, cần phun thuốc ngay lập tức.**

Với mức độ nhiễm >10–35%, biện pháp canh tác đơn thuần không đủ để kiểm soát. Cần phun thuốc hóa học/bio kết hợp để diệt nấm và ngăn lây lan.

#### ✅ Nguyên tắc phun thuốc:
*   **Xoay vòng nhóm thuốc:** Không dùng cùng một loại thuốc liên tục để tránh kháng thuốc.
*   **Phun kỹ:** Phun ướt đều cả mặt trên và mặt dưới lá, đặc biệt là các nách lá, nơi nấm thường ẩn náu.
*   **Thời điểm:** Phun vào buổi sáng sớm hoặc chiều mát, tránh phun lúc nắng gắt hoặc sắp mưa.

#### 📋 Phác đồ thuốc đề xuất (Lựa chọn 1 trong các nhóm sau):

**Nhóm 1: Thuốc đặc trị nấm Phomopsis & Thán thư (Khuyến nghị ưu tiên)**
*   **Hóa chất:**
    *   *Azoxystrobin + Difenoconazole* (Ví dụ: Amistar Top, Score Neo, hay các sản phẩm tương đương).
    *   *Trifloxystrobin + Tebuconazole* (Ví dụ: Funguran, hay các sản phẩm chứa hoạt chất này).
    *   *Propineb + Mancozeb* (Thuốc phòng ngừa và điều trị tổng quát, an toàn hơn).
*   **",True,True,False,False,True,True
phomopsis_severity_2__WS_RAIN_SPORE_DISPERSAL,phomopsis,2,WS_RAIN_SPORE_DISPERSAL,"Chào bạn, với vai trò là chuyên gia tư vấn bệnh cây trồng, tôi xin đưa ra báo cáo chẩn đoán và hướng xử lý cho vườn sầu riêng của bạn dựa trên dữ liệu hiện tại.

### 1. Tóm tắt tình trạng bệnh
Cây sầu riêng của bạn đang bị nhiễm **Bệnh đốm lá do nấm Phomopsis** (tên khoa học: *Phomopsis durionis*).
*   **Mức độ nghiêm trọng:** Mức 2 (Trung bình).
*   **Diện tích tổn thương:** Từ 10–35% diện tích bề mặt lá bị ảnh hưởng.
*   **Triệu chứng nhận biết:** Xuất hiện các đốm nhỏ dạng đầu kim hoặc đốm nhỏ trên lá, xung quanh vết bệnh có quầng vàng. Bệnh có thể tiến triển thành các đốm rõ rệt hơn hoặc dạng mắt cua (crab-eye). Nếu nặng, nhiều đốm sẽ hợp lại làm giảm diện tích lá khỏe, ảnh hưởng đến quang hợp.
*   **Đặc điểm nguy hiểm:** Bệnh có khả năng nhiễm tiềm ẩn, nghĩa là triệu chứng có thể xuất hiện sau một giai đoạn không có dấu hiệu rõ ràng.

### 2. Tóm tắt thời tiết sắp tới
*   **Dự báo:** Có mưa đáng kể trong 3 ngày tới.
*   **Mức rủi ro:** Tăng cao (increased).
*   **Tác động:** Lượng mưa này tạo điều kiện ẩm ướt, giúp phát tán bào tử nấm và thúc đẩy chúng nảy mầm, gây bệnh đốm lá/cháy lá lan rộng nhanh chóng.

### 3. Việc cần làm ngay
Do dự báo có **mưa đáng kể trong 3 ngày tới**, tạo môi trường ẩm ướt lý tưởng cho nấm *Phomopsis* phát tán và nảy mầm, bạn cần thực hiện ngay các hành động sau để hạn chế lây lan:

1.  **Kiểm tra lá kỹ lưỡng:** Quan sát các lá gần đó để phát hiện sớm các đốm nhỏ có quầng vàng hoặc dạng mắt cua.
2.  **Tuyệt đối không cắt tỉa hoặc di chuyển trong tán cây khi lá còn ướt:** Việc này sẽ vô tình phát tán bào tử nấm từ lá bệnh sang lá khỏe thông qua tiếp xúc hoặc nước bắn tung tóe.
3.  **Đảm bảo thoát nước tốt:** Kiểm tra hệ thống thoát nước trong vườn để tránh đọng nước, vì điều kiện ẩm ướt kéo dài là nguyên nhân chính làm bệnh nặng thêm.

### 4. Quản lý bệnh
*   **Loại bỏ vật liệu bệnh:** Thu gom và tiêu hủy các lá bị bệnh nếu điều kiện cho phép, nhằm giảm nguồn nấm tồn tại trong vườn.
*   **Cải thiện thông thoáng:** Tỉa cành hợp lý (khi thời tiết khô ráo) để tán cây thông thoáng, giảm độ ẩm cục bộ trong tán.
*   **Vệ sinh dụng cụ:** Vệ sinh sạch sẽ dụng cụ cắt tỉa và áp dụng các biện pháp xử lý để tránh phát tán vật liệu bệnh sang các cây khác.
*   **Hỗ trợ chuyên môn:** Nếu thấy triệu chứng lan rộng hoặc khó kiểm soát, hãy tham khảo khuyến cáo từ cán bộ kỹ thuật địa phương.

### 5. Phòng ngừa
*   **Giữ tán thông thoáng:** Duy trì khoảng cách giữa các cành để gió lưu thông tốt, giúp lá khô nhanh sau mưa.
*   **Vệ sinh vườn:** Thường xuyên thu gom và tiêu hủy vật liệu bệnh (lá rụng, cành khô) để cắt đứt nguồn lây nhiễm.
*   **Giảm ẩm trên lá:** Hạn chế tưới nước lên tán lá, ưu tiên tưới gốc để giảm thời gian ẩm ướt trên bề mặt lá.

### 6. Theo dõi
*   **Quan sát triệu chứng:** Theo dõi sát sao sự xuất hiện của các đốm nhỏ có quầng vàng.
*   **Tái kiểm tra định kỳ:** Do bệnh có giai đoạn tiềm ẩn, bạn cần tái kiểm tra sau vài ngày hoặc vài tuần, ngay cả khi không thấy triệu chứng rõ ràng ban đầu. Đặc biệt cần kiểm tra kỹ sau mỗi đợt mưa.

### 7. Cảnh báo
Mức độ bệnh hiện tại ở mức trung bình phản ánh áp lực bệnh đang tồn tại trong tán cây. Nếu không quản lý và theo dõi sát sao, bệnh có nguy cơ bùng phát mạnh hơn, đặc biệt trong điều kiện thời tiết mưa ẩm như dự báo.

---
**Nguồn tham khảo:**
• [S1] Durian leaf disease image dataset / Mendeley Data — https://data.mendeley.com/datasets/pxzvksbwnj/4
• [S16] Acta Universitatis Agriculturae et Silviculturae Mendelianae Brunensis: Leaf spot characteristics of Phomopsis durionis on durian — https://acta.mendelu.cz/artkey/acu-20160",False,False,False,False,False,False,"Chào bạn, với tư cách là chuyên gia tư vấn kỹ thuật cây trồng, tôi xin đưa ra phác đồ xử lý chi tiết cho tình huống **Bệnh đốm lá Phomopsis** trên cây sầu riêng với mức độ nhiễm bệnh trung bình (>10–35% diện tích lá).

Đây là mức độ cảnh báo vàng. Nếu không can thiệp kịp thời, bệnh sẽ lan nhanh, làm giảm khả năng quang hợp, suy yếu cây và tạo điều kiện cho các bệnh khác (như thán thư, nấm hồng) tấn công, đặc biệt nguy hiểm khi cây chuẩn bị ra hoa hoặc đang nuôi trái.

Dưới đây là khuyến nghị xử lý:

### 1. Nguyên nhân và Đặc điểm bệnh

*   **Tác nhân gây bệnh:** Nấm *Phomopsis spp.* (thường gặp là *Phomopsis mangiferae* hoặc các loài liên quan). Đây là nấm cơ hội, thường tấn công mạnh khi cây suy yếu hoặc trong điều kiện thời tiết thuận lợi.
*   **Đặc điểm nhận biết:**
    *   Vết bệnh ban đầu là những chấm nhỏ màu nâu nhạt hoặc xám tro, thường xuất hiện ở mép lá hoặc giữa phiến lá.
    *   Vết bệnh lan rộng thành hình tròn hoặc không đều, màu nâu sẫm đến đen, có thể có viền vàng bao quanh.
    *   Ở giai đoạn nặng, vết bệnh khô giòn, dễ rách, lá rụng sớm.
    *   Nấm thường xâm nhập qua các vết thương cơ giới, vết cắn của côn trùng hoặc qua khí khổng khi độ ẩm cao.
*   **Điều kiện thuận lợi:**
    *   Độ ẩm không khí cao (>85%), mưa nhiều, sương mù dày.
    *   Vườn cây trồng dày đặc, tán lá rậm rạp, thiếu ánh sáng và thông gió kém.
    *   Cây thiếu dinh dưỡng (đặc biệt là Kali và Canxi), suy yếu do sâu bệnh khác.

### 2. Biện pháp quản lý vườn (Vệ sinh và Cải tạo)

Đây là bước **quan trọng nhất** để giảm nguồn nấm trong vườn trước khi phun thuốc.

*   **Tỉa cành tạo tán:**
    *   Tỉa bỏ các cành khô, cành bệnh, cành mọc quá dày bên trong tán để tăng độ thông thoáng và ánh sáng chiếu vào gốc.
    *   Cắt bỏ các lá bị nhiễm bệnh nặng (>50% diện tích lá) và thu gom ra khỏi vườn.
*   **Vệ sinh vườn:**
    *   Thu gom toàn bộ lá rụng, cành cắt bỏ và **phun thuốc diệt nấm lên đống lá này** trước khi chôn vùi hoặc đốt (nếu được phép). Không để lá bệnh nằm dưới gốc cây vì đây là nguồn lây lan chính.
    *   Làm cỏ sạch gốc, tránh cỏ cao che khuất ánh sáng và giữ ẩm cho nấm phát triển.
*   **Bón phân cân đối:**
    *   Tăng cường bón phân hữu cơ vi sinh để cải tạo đất.
    *   Bón bổ sung **Kali (K)** và **Canxi (Ca)** để tăng độ dày của biểu bì lá, giúp lá cứng cáp, khó bị nấm xâm nhập hơn. Tránh bón thừa Đạm (N) vì sẽ làm cây ra lá non mềm, dễ nhiễm bệnh.

### 3. Có cần phun thuốc hay không? Phun gì?

**Câu trả lời: CÓ, cần phun thuốc ngay.**

Với mức độ nhiễm >10–35%, biện pháp canh tác đơn thuần không đủ để kiểm soát. Cần phun thuốc bảo vệ thực vật (BVTV) để ngăn chặn sự lây lan và tiêu diệt nấm đang hoạt động.

#### Nguyên tắc phun:
*   **Xịt ướt đều cả hai mặt lá**, đặc biệt là mặt dưới lá.
*   Phun vào lúc sáng sớm hoặc chiều mát, tránh phun lúc nắng gắt hoặc sắp mưa.
*   Luân phiên hoạt chất để tránh nấm kháng thuốc.

#### Khuyến nghị thuốc (Lựa chọn 1 trong các nhóm sau, luân phiên giữa các lần phun):

**Lần 1: Phun trị bệnh mạnh (Diệt nấm đang hoạt động)**
*   **Hoạt chất:** *Azoxystrobin + Difenoconazole* hoặc *Trifloxystrobin + Tebuconazole*.
    *   *Ví dụ:* Amistar Top, Score, Aliette (kết hợp với thuốc trị nấm khác).
    *   *Cơ chế:* Vừa trị vừa phòng, có tác dụng hệ thống (thấm vào lá).
*   **Hoặc:** *Mancozeb + Propineb* (nhóm tiếp xúc, an toàn, ít kháng thuốc).
    *   *Ví dụ:* Mancozeb 80WP, Zineb.

**",True,True,False,False,True,True
phomopsis_severity_2__WS_HIGH_HUMIDITY_FUNGAL,phomopsis,2,WS_HIGH_HUMIDITY_FUNGAL,"Chào bạn, với tư cách là chuyên gia tư vấn bệnh cây trồng, tôi xin đưa ra bản chẩn đoán và hướng xử lý cho vườn sầu riêng của bạn dựa trên dữ liệu hiện tại.

### 1. Tóm tắt tình trạng bệnh
Vườn sầu riêng của bạn đang bị nhiễm **Bệnh đốm lá do nấm Phomopsis** (*Phomopsis leaf spot*), gây ra bởi nấm *Phomopsis durionis*.
*   **Mức độ nghiêm trọng:** Trung bình (Severity 2). Hiện tại, khoảng **10–35% diện tích bề mặt lá** đã bị tổn thương.
*   **Triệu chứng nhận biết:** Trên lá xuất hiện các đốm nhỏ dạng đầu kim hoặc đốm nhỏ, xung quanh vết bệnh có **vòng quầng vàng**. Bệnh có thể tiến triển thành các đốm lớn hơn hoặc dạng ""mắt cua"" (crab-eye). Nếu nặng, nhiều đốm sẽ hợp lại làm giảm diện tích lá khỏe, ảnh hưởng đến quang hợp.
*   **Đặc điểm nguy hiểm:** Bệnh này có khả năng **nhiễm tiềm ẩn**, nghĩa là nấm đã xâm nhập nhưng triệu chứng có thể chưa xuất hiện ngay, hoặc xuất hiện sau một khoảng thời gian không có dấu hiệu rõ ràng.

### 2. Tóm tắt thời tiết sắp tới
*   **Dự báo:** Độ ẩm duy trì ở mức **cao kéo dài trong 3 ngày tới**.
*   **Rủi ro:** Mức rủi ro **tăng cao (increased)**.
*   **Tác động:** Điều kiện ẩm ướt kéo dài là môi trường cực kỳ thuận lợi cho nấm bệnh đốm lá/cháy lá phát sinh mạnh mẽ hoặc lan rộng nhanh chóng trong vườn.

### 3. Việc cần làm ngay
Do dự báo độ ẩm cao kéo dài trong 3 ngày tới tạo điều kiện lý tưởng cho nấm *Phomopsis* phát triển, bạn cần thực hiện ngay các hành động sau để ngăn chặn sự lây lan:

1.  **Kiểm tra kỹ tán lá:** Hãy đi kiểm tra các lá gần khu vực đã phát hiện bệnh. Tập trung quan sát **mặt dưới lá** để tìm các đốm nhỏ có quầng vàng hoặc dạng ""mắt cua"". Việc này giúp phát hiện sớm các ổ bệnh mới trước khi chúng lan rộng do độ ẩm cao.
2.  **Cải thiện thông thoáng:** Tỉa bớt cành lá quá dày đặc để gió có thể lưu thông tốt hơn, giúp lá khô nhanh sau khi ngưng ẩm. Tán cây bí bách sẽ giữ ẩm lâu, khiến bệnh nặng thêm.
3.  **Điều chỉnh cách tưới:** **Tránh tưới nước làm ướt lá vào buổi chiều hoặc tối.** Nếu phải tưới, hãy tưới vào buổi sáng sớm để lá kịp khô trước khi trời tối và độ ẩm tăng cao. Nước đọng trên lá qua đêm là nguồn dinh dưỡng cho nấm phát triển.

### 4. Quản lý
*   **Loại bỏ vật liệu bệnh:** Thu gom và tiêu hủy các lá bị bệnh nặng (nếu phù hợp với điều kiện vườn) để giảm nguồn nấm tồn tại trong vườn.
*   **Vệ sinh dụng cụ:** Đảm bảo dụng cụ cắt tỉa được vệ sinh sạch sẽ sau khi tiếp xúc với cây bệnh để tránh phát tán nấm sang cây khỏe.
*   **Hỗ trợ kỹ thuật:** Nếu bạn thấy triệu chứng lan rộng nhanh chóng hoặc không kiểm soát được bằng các biện pháp trên, hãy liên hệ ngay với cán bộ kỹ thuật nông nghiệp địa phương để được hỗ trợ cụ thể hơn.

### 5. Phòng ngừa
*   **Duy trì tán thông thoáng:** Thường xuyên tỉa cành để ánh sáng và gió lưu thông tốt, giảm độ ẩm cục bộ trong tán.
*   **Giảm ẩm trên lá:** Tránh để nước đọng trên lá trong thời gian dài, đặc biệt là vào ban đêm.
*   **Vệ sinh vườn:** Thường xuyên thu gom vật liệu bệnh (lá rụng, cành khô) để phá vỡ chu kỳ lây lan của nấm.

### 6. Theo dõi
*   **Quan sát sát sao:** Tiếp tục theo dõi các đốm nhỏ có quầng vàng trên lá mới và lá già.
*   **Tái kiểm tra định kỳ:** Vì bệnh có tính chất tiềm ẩn, bạn cần tái kiểm tra vườn sau vài ngày hoặc một tuần nữa. Triệu chứng có thể xuất hiện muộn sau giai đoạn nhiễm bệnh ban đầu.

### 7. Cảnh báo
Mức độ bệnh hiện tại (trung bình) phản ánh áp lực bệnh đang tồn tại trong tán cây. Nếu không quản lý tốt kết hợp với điều kiện thời tiết ẩm ướt dự báo, bệnh có nguy cơ tiến triển nặng hơn. Cần quản lý và theo dõi sát sao để tránh thiệt hại lớn về năng suất.

---
**Nguồn tham khảo:**
• [S1] Durian leaf disease image dataset / Mendeley",False,False,False,False,False,False,"Chào bạn, với tư cách là chuyên gia tư vấn bệnh cây trồng, tôi xin đưa ra khuyến nghị chi tiết cho tình huống bệnh **Đốm lá Phomopsis** trên cây sầu riêng của bạn.

Mức độ nhiễm bệnh **>10–35% diện tích lá** được đánh giá là ở mức **trung bình**. Đây là giai đoạn ""cảnh báo vàng"": bệnh chưa gây rụng lá hàng loạt làm chết cây ngay lập tức, nhưng nếu không kiểm soát, nó sẽ lan nhanh, làm giảm khả năng quang hợp, suy yếu cây và tạo điều kiện cho các bệnh hại khác (như thán thư, tuyến trùng) tấn công.

Dưới đây là phác đồ xử lý và quản lý:

---

### 1. Nguyên nhân & Đặc điểm bệnh

*   **Tác nhân gây bệnh:** Nấm *Phomopsis spp.* (thường gặp là *Phomopsis mangiferae* hoặc các loài liên quan).
*   **Điều kiện thuận lợi:**
    *   Thời tiết ẩm ướt, mưa nhiều, độ ẩm không khí cao (>80%).
    *   Vườn trồng dày, tán lá rậm rạp, thiếu ánh sáng xuyên qua tán.
    *   Cây thiếu dinh dưỡng (đặc biệt là Kali và Canxi), sức đề kháng kém.
    *   Có nguồn bệnh tồn tại từ lá già, cành khô hoặc quả cũ chưa được dọn dẹp.
*   **Triệu chứng nhận biết:**
    *   Xuất hiện các đốm nhỏ màu nâu sẫm hoặc đen trên lá non và lá trưởng thành.
    *   Đốm bệnh thường có viền màu vàng hoặc nâu nhạt bao quanh.
    *   Khi bệnh nặng, các đốm nối liền nhau tạo thành mảng lớn, làm lá bị khô, cháy mép và rụng sớm.
    *   Bệnh có thể lan sang cuống lá, cành non và cả quả non (gây thối quả).

---

### 2. Biện pháp quản lý vườn (Canh tác)

Đây là bước **quan trọng nhất** để giảm nguồn bệnh và ngăn tái nhiễm:

1.  **Tỉa cành tạo tán:**
    *   Tỉa bỏ các cành sâu bệnh, cành khô, cành mọc quá dày đặc bên trong tán.
    *   Mục tiêu: Tăng cường thông thoáng, ánh sáng chiếu vào trong tán, giúp lá khô nhanh sau mưa, giảm độ ẩm cục bộ.
2.  **Vệ sinh vườn:**
    *   Thu gom và tiêu hủy (đốt hoặc chôn vùi) tất cả lá rụng, cành bệnh, quả rụng có dấu hiệu bệnh. **Không** để lại trong vườn vì đây là nguồn nấm tồn tại qua mùa.
3.  **Quản lý nước:**
    *   Đảm bảo hệ thống thoát nước tốt, tránh ngập úng根部 (gốc cây).
    *   Tưới nước vào buổi sáng sớm để lá kịp khô trước khi trời tối.
4.  **Bón phân cân đối:**
    *   Tăng cường bón phân hữu cơ vi sinh để cải tạo đất và tăng sức đề kháng.
    *   Bón bổ sung **Kali (K)** và **Canxi (Ca)** giúp thành tế bào lá dày hơn, khó bị nấm xâm nhập.
    *   Hạn chế bón quá nhiều Đạm (N) khi thời tiết ẩm ướt vì làm cây sinh trưởng mạnh, mềm yếu, dễ nhiễm bệnh.

---

### 3. Có cần phun thuốc hay không? Phun gì?

**Câu trả lời: CÓ, cần phun thuốc.**

Với mức độ nhiễm >10%, biện pháp canh tác đơn thuần chưa đủ để kiểm soát nhanh. Cần kết hợp phun thuốc bảo vệ thực vật để dập tắt nguồn bệnh hiện tại.

#### Nguyên tắc phun:
*   **Xoay vòng thuốc:** Không dùng một loại thuốc liên tục để tránh nấm kháng thuốc.
*   **Phun kỹ:** Phun ướt đều cả mặt trên và mặt dưới lá, đặc biệt là các nách lá, nơi nấm dễ ẩn náu.
*   **Thời điểm:** Phun vào buổi sáng sớm hoặc chiều mát, tránh phun khi trời nắng gắt hoặc sắp mưa.

#### Gợi ý nhóm thuốc (Lựa chọn 1 trong các nhóm sau, luân phiên):

| Nhóm thuốc | Hoạt chất | Tên thương mại tham khảo | Ghi chú |
|------------|-----------|--------------------------|---------|
| **Nhóm vô cơ / Đồng** | Mancozeb, Copper Hydroxide | Mancozeb 80WP, Kocide, Cuprozin | Dùng để phòng ngừa và trị bệnh nhẹ. An toàn, ít kháng thuốc. |
| **Nhóm hữu cơ / Hệ thống** | Azoxystrobin + Difenoconazole | Amistar Top, Score 250EC + Aliette",True,True,False,False,True,True
phomopsis_severity_2__WS_PROLONGED_WET_SEVERE,phomopsis,2,WS_PROLONGED_WET_SEVERE,"Chào bạn, dựa trên kết quả chẩn đoán và dự báo thời tiết, dưới đây là tư vấn chi tiết cho vườn sầu riêng của bạn:

### 1. Tóm tắt tình trạng bệnh
Cây sầu riêng của bạn đang bị nhiễm bệnh **Đốm lá do nấm Phomopsis** (*Phomopsis leaf spot*), gây ra bởi nấm *Phomopsis durionis*.
*   **Mức độ nhiễm bệnh:** Mức 2 (Trung bình). Khoảng **10–35%** diện tích bề mặt lá bị tổn thương.
*   **Triệu chứng nhận biết:** Trên lá xuất hiện các đốm nhỏ (kích thước khoảng 1–10 mm), có thể dạng đầu kim hoặc đốm nhỏ, xung quanh vết bệnh có **vòng quầng vàng**. Bệnh có thể tiến triển thành các đốm lớn hơn hoặc dạng ""mắt cua"" (crab-eye). Nếu nặng, nhiều đốm sẽ hợp lại làm giảm diện tích lá khỏe, ảnh hưởng đến quang hợp.
*   **Đặc điểm nguy hiểm:** Bệnh có khả năng **nhiễm tiềm ẩn**, nghĩa là nấm đã xâm nhập nhưng triệu chứng có thể xuất hiện muộn hơn sau giai đoạn không có dấu hiệu rõ ràng.

### 2. Tóm tắt thời tiết sắp tới
*   **Dự báo:** Tổng lượng mưa trong 3 ngày tới **rất lớn**.
*   **Rủi ro:** Mức rủi ro **Cao (High)**.
*   **Tác động:** Lượng mưa lớn kết hợp với độ ẩm cao kéo dài tạo điều kiện lý tưởng khiến bệnh đốm lá/cháy lá lan nhanh hơn bình thường.

### 3. Việc cần làm ngay
Do dự báo **lượng mưa rất lớn trong 3 ngày tới** và độ ẩm cao sẽ thúc đẩy nấm phát triển mạnh, bạn cần thực hiện ngay các việc sau:

1.  **Kiểm tra tán lá hàng ngày:** Quan sát kỹ các lá gần đó để phát hiện sớm các đốm nhỏ có quầng vàng hoặc dạng ""mắt cua"". Việc này giúp phát hiện kịp thời các ổ bệnh mới xuất hiện do thời tiết ẩm ướt kích hoạt.
2.  **Xử lý thoát nước:** Ưu tiên kiểm tra và xử lý ngay các khu vực trong vườn có **thoát nước kém**. Nước đọng sẽ làm tăng độ ẩm cục bộ, tạo môi trường thuận lợi cho nấm *Phomopsis* nhân lên nhanh chóng trong đợt mưa này.
3.  **Ghi nhận và báo cáo:** Nếu thấy vết bệnh có dấu hiệu lan rộng nhanh chóng trong giai đoạn mưa này, hãy ghi nhận lại và báo ngay cho cán bộ kỹ thuật địa phương để được hỗ trợ xử lý kịp thời, tránh bệnh bùng phát mạnh.

### 4. Quản lý bệnh
*   **Loại bỏ vật liệu bệnh:** Thu gom và tiêu hủy các lá bị bệnh nếu điều kiện cho phép, nhằm giảm nguồn nấm tồn tại trong vườn.
*   **Cải thiện thông thoáng:** Tỉa cành hợp lý để tán cây thông thoáng, giúp giảm độ ẩm đọng trên lá và hạn chế môi trường sống của nấm.
*   **Vệ sinh dụng cụ:** Vệ sinh sạch sẽ dụng cụ cắt tỉa và thực hiện các biện pháp xử lý dụng cụ để tránh phát tán vật liệu bệnh từ cây này sang cây khác.
*   **Tham khảo ý kiến chuyên gia:** Nếu triệu chứng lan rộng hoặc không kiểm soát được bằng biện pháp canh tác, hãy tham khảo khuyến cáo cụ thể từ cán bộ kỹ thuật địa phương.

### 5. Phòng ngừa
*   **Giữ tán thông thoáng:** Duy trì việc tỉa cành định kỳ để ánh sáng và không khí lưu thông tốt trong tán cây.
*   **Vệ sinh vườn tược:** Thường xuyên thu gom và tiêu hủy vật liệu bệnh (lá rụng, cành khô) để giảm nguồn nấm tồn dư.
*   **Giảm ẩm trên lá:** Hạn chế tình trạng nước đọng trên lá bằng cách cải thiện hệ thống thoát nước và quản lý tưới tiêu hợp lý, đặc biệt quan trọng trong mùa mưa.

### 6. Theo dõi
*   **Quan sát triệu chứng:** Theo dõi sát sao sự xuất hiện của các đốm nhỏ có quầng vàng trên lá.
*   **Tái kiểm tra định kỳ:** Cần tái kiểm tra sau vài ngày hoặc vài tuần. Do bệnh có khả năng **nhiễm tiềm ẩn**, các triệu chứng mới có thể xuất hiện sau một khoảng thời gian không có dấu hiệu rõ ràng, đặc biệt là sau các đợt mưa lớn.

### 7. Cảnh báo
Mức độ nhiễm bệnh hiện tại (Mức 2) phản ánh áp lực bệnh đang tồn tại trong tán cây. Bạn cần quản lý chặt chẽ và theo dõi sát sao, đặc biệt trong bối cảnh thời tiết mưa lớn sắp tới, để ngăn chặn bệnh tiến triển sang mức độ nặng hơn.

---

### Nguồn",False,False,False,True,False,True,"Chào bác nông dân, với tư cách là chuyên gia tư vấn kỹ thuật cây trồng, tôi xin đưa ra khuyến nghị chi tiết cho tình huống bệnh đốm lá Phomopsis trên vườn sầu riêng của bác.

Với mức độ nhiễm bệnh **10–35% diện tích lá**, đây là mức độ **trung bình**. Bệnh chưa gây rụng lá hàng loạt nhưng nếu không kiểm soát kịp thời, nó sẽ làm giảm khả năng quang hợp, suy yếu cây và tạo điều kiện cho bệnh xâm nhập vào trái (gây thối trái, đốm nâu) hoặc cành non. Do đó, cần có biện pháp can thiệp chủ động ngay lập tức.

---

### 1. Nguyên nhân và Đặc điểm bệnh

*   **Tác nhân gây bệnh:** Nấm *Phomopsis sp.* (thường gặp là *Phomopsis mangiferae* hoặc các loài liên quan trong chi *Phomopsis*).
*   **Điều kiện thuận lợi:**
    *   Thời tiết nóng ẩm, mưa nhiều, độ ẩm không khí cao (>80%).
    *   Vườn cây trồng dày đặc, thông gió kém, ánh sáng không xuyên xuống tán lá.
    *   Cây thiếu dinh dưỡng, đặc biệt là Kali (K) và Canxi (Ca), làm lá mỏng, dễ bị nấm tấn công.
    *   Tồn dư tàn dư thực vật (lá rụng, trái rụng) trên mặt đất hoặc trong tán cây.
*   **Triệu chứng điển hình:**
    *   Trên lá: Xuất hiện các đốm nhỏ màu nâu sẫm hoặc đen, thường bắt đầu từ mép lá hoặc gân lá. Đốm bệnh có thể lan rộng, tạo thành các mảng hoại tử lớn, làm lá vàng và rụng sớm.
    *   Trên trái (nếu có): Gây đốm nâu, thối cục bộ, làm giảm phẩm chất thương phẩm.
    *   Trên cành non: Gây khô đầu cành, chết cành.

---

### 2. Biện pháp quản lý vườn (Vệ sinh và Chăm sóc)

Đây là bước **quan trọng nhất** để giảm nguồn bệnh và ngăn tái nhiễm:

1.  **Cắt tỉa thông thoáng:**
    *   Tỉa bỏ các cành lá bị bệnh nặng, cành tăm, cành vượt, cành nằm sâu trong tán không nhận đủ ánh sáng.
    *   Mục tiêu: Tăng cường lưu thông gió và ánh sáng mặt trời chiếu vào tán lá, giúp lá khô nhanh sau mưa, hạn chế nấm phát triển.
2.  **Vệ sinh vườn sạch sẽ:**
    *   Thu gom và tiêu hủy (đốt hoặc chôn vùi xa vườn) tất cả lá rụng, trái rụng, cành bệnh. **Không để tàn dư bệnh nằm lại trong vườn.**
    *   Làm cỏ sạch gốc, tránh cỏ cao che khuất ánh sáng và giữ ẩm quá mức cho tán lá.
3.  **Bón phân cân đối:**
    *   Tăng cường bón **Kali (K)** và **Canxi (Ca)** để tăng độ dày của biểu bì lá, giúp lá khỏe mạnh, kháng bệnh tốt hơn.
    *   Tránh bón thừa Nitơ (N) vào giai đoạn mưa nhiều, vì N làm lá mềm, mọng nước, dễ bị nấm tấn công.
4.  **Tưới nước hợp lý:**
    *   Tránh tưới phun mưa lên tán lá vào buổi chiều tối. Nên tưới gốc vào buổi sáng để lá khô nhanh trước khi trời tối.

---

### 3. Có cần phun thuốc không? Phun gì?

**Câu trả lời: CÓ, cần phun thuốc.**

Với mức độ nhiễm 10–35%, biện pháp canh tác đơn thuần chưa đủ để kiểm soát nhanh. Cần phun thuốc bảo vệ thực vật (BVTV) để tiêu diệt nguồn nấm đang hoạt động và ngăn chặn lây lan.

#### **Lựa chọn thuốc:**

Nên sử dụng thuốc có hoạt chất **tiếp xúc + nội hấp** hoặc **nội hấp mạnh** để xử lý cả bệnh biểu hiện và bệnh tiềm ẩn.

**Nhóm 1: Thuốc phòng trừ nấm đa năng (Khuyến nghị ưu tiên)**
*   **Hoạt chất:** *Azoxystrobin + Difenoconazole* (Ví dụ: Amistar Top, Score Rung, Aliette...)
    *   *Ưu điểm:* Hiệu quả cao, có tác dụng kích thích sinh trưởng, giúp lá xanh bóng, tăng sức đề kháng.
    *   *Liều lượng:* Theo hướng dẫn trên bao bì (thường 15–20ml/16 lít nước).
*   **Hoạt chất:** *Mancozeb + Metalaxyl-M* (Ví dụ: Ridomil Gold, Mancozeb 80WP + Metalaxyl 35WP)
    *  ",True,True,False,False,True,True
phomopsis_severity_2__WS_PSYLLID_WARM_CONDITIONS,phomopsis,2,WS_PSYLLID_WARM_CONDITIONS,"Chào bạn, tôi là chuyên gia tư vấn bệnh cây trồng. Dựa trên kết quả chẩn đoán và dữ liệu thời tiết hiện tại, dưới đây là tư vấn chi tiết cho vườn sầu riêng của bạn:

### 1. Tóm tắt tình trạng bệnh
Cây sầu riêng của bạn đang bị nhiễm bệnh **Đốm lá Phomopsis** (do nấm *Phomopsis durionis* gây ra).
*   **Mức độ nghiêm trọng:** Trung bình (Severity 2).
*   **Biểu hiện:** Diện tích lá bị tổn thương chiếm từ 10–35%. Trên lá xuất hiện các đốm nhỏ (kích thước khoảng 1–10 mm), có thể dạng đầu kim hoặc dạng ""mắt cua"" (crab-eye), xung quanh vết bệnh có quầng vàng.
*   **Đặc điểm nguy hiểm:** Bệnh có thể tồn tại ở dạng tiềm ẩn, nghĩa là triệu chứng có thể xuất hiện muộn sau khi cây đã nhiễm, nên cần đặc biệt chú ý theo dõi.

### 2. Tóm tắt thời tiết sắp tới
*   **Kịch bản:** Dự báo đêm ấm kéo dài trong 3 ngày tới.
*   **Đánh giá rủi ro:** Điều kiện này thuận lợi cho rầy chổng cánh (psyllid) phát triển. Tuy nhiên, đối với bệnh đốm lá Phomopsis, kịch bản thời tiết này không nằm trong nhóm điều kiện nguy cơ đặc biệt cao nhất đã được xác định trong cơ sở dữ liệu. Do đó, chúng ta vẫn áp dụng các biện pháp quản lý và theo dõi tiêu chuẩn.

### 3. Việc cần làm ngay
*   **Hành động:** Kiểm tra kỹ các lá xung quanh khu vực bị bệnh để phát hiện sớm các đốm nhỏ có quầng vàng hoặc đốm dạng ""mắt cua"".
*   **Lý do:** Vì bệnh có khả năng nhiễm tiềm ẩn và triệu chứng có thể xuất hiện sau một khoảng thời gian không rõ dấu hiệu, việc kiểm tra sớm giúp phát hiện nguồn lây lan trước khi bệnh bùng phát mạnh hơn.

### 4. Quản lý
*   **Vệ sinh vườn:** Loại bỏ và tiêu hủy các lá bệnh nếu điều kiện cho phép để giảm nguồn nấm bệnh.
*   **Quản lý tán cây:** Tỉa cành để cải thiện độ thông thoáng, giúp giảm độ ẩm trong tán cây – điều kiện thuận lợi cho nấm phát triển.
*   **Vệ sinh dụng cụ:** Làm sạch dụng cụ cắt tỉa sau khi sử dụng để tránh phát tán vật liệu bệnh sang các cây khỏe.
*   **Hỗ trợ chuyên môn:** Nếu thấy triệu chứng lan rộng hoặc khó kiểm soát, hãy tham khảo ý kiến cán bộ kỹ thuật địa phương.

### 5. Phòng ngừa
*   Duy trì tán cây thông thoáng, tránh để tán quá dày đặc.
*   Thường xuyên vệ sinh, thu gom vật liệu bệnh (lá rụng, cành khô) trong vườn.
*   Hạn chế tình trạng ẩm ướt kéo dài trên bề mặt lá (ví dụ: tránh tưới nước lên lá vào buổi tối).

### 6. Theo dõi
*   Quan sát sát sao các đốm nhỏ có quầng vàng trên lá.
*   Tái kiểm tra vườn sau vài ngày hoặc vài tuần, vì bệnh có thể xuất hiện triệu chứng rõ rệt sau giai đoạn tiềm ẩn.

### 7. Cảnh báo
Mức độ nhiễm bệnh hiện tại (trung bình) phản ánh áp lực bệnh đang tồn tại trong tán cây. Bạn cần quản lý chặt chẽ và theo dõi sát sao để ngăn chặn bệnh tiến triển nặng hơn.

---
**Nguồn tham khảo:**
• [S1] Durian leaf disease image dataset / Mendeley Data — https://data.mendeley.com/datasets/pxzvksbwnj/4
• [S16] Acta Universitatis Agriculturae et Silviculturae Mendelianae Brunensis: Leaf spot characteristics of Phomopsis durionis on durian — https://acta.mendelu.cz/artkey/acu-201601-0022_leaf-spot-characteristics-of-phomopsis-durionis-on-durian-durio-zibethinus-murray-and-latent-infection-of-the.php",False,False,False,True,False,True,"Chào bạn, với tư cách là chuyên gia tư vấn kỹ thuật cây trồng, tôi xin đưa ra phác đồ xử lý chi tiết cho tình huống **Bệnh đốm lá do nấm *Phomopsis*** trên cây sầu riêng với mức độ nhiễm bệnh trung bình (>10–35% diện tích lá).

Mức độ này được xem là **cảnh báo vàng**. Nếu không can thiệp kịp thời, bệnh sẽ lan nhanh, làm giảm khả năng quang hợp, suy yếu cây và tạo điều kiện cho các bệnh hại khác (như thán thư, cháy lá) tấn công, đặc biệt nguy hiểm khi cây chuẩn bị ra hoa hoặc đang nuôi trái.

Dưới đây là khuyến nghị xử lý toàn diện:

---

### 1. Nguyên nhân và Đặc điểm bệnh

*   **Tác nhân gây bệnh:** Nấm *Phomopsis sp.* (thường gặp là *Phomopsis mangiferae* hoặc các loài liên quan trong chi *Phomopsis*).
*   **Điều kiện thuận lợi:**
    *   Thời tiết ẩm ướt, mưa nhiều, độ ẩm không khí cao (>85%).
    *   Vườn cây trồng dày đặc, tán lá rậm rạp, thiếu ánh sáng và gió lưu thông kém.
    *   Cây thiếu hụt dinh dưỡng, đặc biệt là Kali (K) và Canxi (Ca), làm giảm sức đề kháng.
    *   Có nguồn bệnh tồn tại từ vụ trước (lá bệnh rụng xuống đất, cành khô chết).
*   **Triệu chứng nhận biết:**
    *   Xuất hiện các đốm nhỏ màu nâu sẫm hoặc đen trên phiến lá, thường bắt đầu từ mép lá hoặc gân lá.
    *   Đốm bệnh mở rộng, trung tâm đốm có thể chuyển màu xám tro hoặc trắng, viền ngoài màu nâu đậm.
    *   Trên đốm bệnh có thể thấy các chấm đen nhỏ (bào tử nấm) khi trời ẩm.
    *   Lá bị nhiễm nặng sẽ vàng, khô và rụng sớm, gây hiện tượng ""trụi lá"" cục bộ.

---

### 2. Biện pháp quản lý vườn (Canh tác)

Đây là bước **quan trọng nhất** để giảm nguồn bệnh và ngăn ngừa tái phát.

1.  **Tỉa cành tạo tán:**
    *   Cắt bỏ ngay những cành khô, cành bệnh, cành quá dày đặc bên trong tán cây.
    *   Mục tiêu: Tăng độ thông thoáng, giúp ánh sáng chiếu vào sâu trong tán và gió lưu thông tốt, làm giảm độ ẩm cục bộ – môi trường sống của nấm.
2.  **Vệ sinh vườn:**
    *   Thu gom và tiêu hủy (đốt hoặc chôn vùi sâu) tất cả lá bệnh rụng xuống đất và cành cắt bỏ. **Không** để lá bệnh nằm lại dưới gốc vì đây là nguồn lây lan chính cho vụ sau.
3.  **Quản lý nước:**
    *   Tránh tưới nước lên tán lá vào buổi chiều tối. Nên tưới gốc vào buổi sáng để lá khô nhanh trước khi đêm đến.
    *   Đảm bảo hệ thống thoát nước tốt, tránh úng rễ làm suy yếu cây.
4.  **Bổ sung dinh dưỡng cân đối:**
    *   Tăng cường bón **Kali (K)** và **Canxi (Ca)** để tăng độ dày của biểu bì lá, giúp lá cứng cáp, khó bị nấm xâm nhập.
    *   Bón thêm phân hữu cơ vi sinh để cải tạo đất, tăng sức đề kháng tổng thể cho cây.

---

### 3. Có cần phun thuốc hay không? Phun gì?

**Câu trả lời: CÓ, cần phun thuốc ngay.**

Với mức độ nhiễm >10–35%, biện pháp canh tác đơn thuần không đủ để kiểm soát tốc độ lây lan. Cần kết hợp phun thuốc bảo vệ thực vật (BVTV) để dập tắt ổ bệnh.

#### Nguyên tắc chọn thuốc:
*   Kết hợp giữa **thuốc đặc trị nấm** (diệt khuẩn) và **thuốc phòng ngừa** (ngăn chặn bào tử nảy mầm).
*   Luân phiên hoạt chất để tránh kháng thuốc.
*   Ưu tiên các loại thuốc có tính hệ thống (thấm sâu vào mô lá) hoặc tiếp xúc mạnh.

#### Đề xuất công thức phun (Lựa chọn 1 trong các nhóm sau):

**Nhóm 1: Thuốc đặc trị nấm Phomopsis/Thán thư (Ưu tiên)**
*   **Haloxylo + Mancozeb:** (Ví dụ: Score 250EC + Mancozeb 80WP). Đây là công thức kinh điển, hiệu quả cao với nấm Phomopsis.
*   **Azoxystrobin + Difenoconazole:** (Ví dụ: Amistar Top 325SC).",True,True,False,False,True,True
phomopsis_severity_2__WS_DRY_HOT_WATER_STRESS,phomopsis,2,WS_DRY_HOT_WATER_STRESS,"Chào bạn, với vai trò là chuyên gia tư vấn bệnh cây trồng, tôi xin đưa ra bản chẩn đoán và hướng xử lý cho tình trạng bệnh trên lá sầu riêng của vườn bạn như sau:

### 1. Tóm tắt tình trạng bệnh
Cây sầu riêng của bạn đang bị nhiễm bệnh **Phomopsis leaf spot** (do nấm *Phomopsis durionis* gây ra).
*   **Mức độ nhiễm bệnh:** Trung bình (Severity 2).
*   **Diện tích tổn thương:** Khoảng hơn 10–35% bề mặt lá bị ảnh hưởng.
*   **Triệu chứng nhận biết:** Xuất hiện các đốm nhỏ dạng đầu kim hoặc đốm nhỏ trên lá, xung quanh vết bệnh có quầng vàng. Bệnh có thể tiến triển thành dạng đốm rõ hơn hoặc kiểu ""mắt cua"" (crab-eye). Nếu nặng, nhiều đốm có thể hợp lại làm giảm diện tích lá khỏe mạnh.
*   **Đặc điểm nguy hiểm:** Bệnh có khả năng nhiễm tiềm ẩn, nghĩa là triệu chứng có thể xuất hiện sau một giai đoạn không có dấu hiệu rõ ràng.

### 2. Tóm tắt thời tiết sắp tới
*   **Dự báo:** Nắng nóng kéo dài trong 3 ngày tới.
*   **Rủi ro:** Mức cảnh báo về stress nước (thiếu nước).
*   **Tác động:** Nắng nóng không trực tiếp gây ra bệnh Phomopsis, nhưng sẽ khiến cây bị stress do thiếu nước, làm cây suy yếu và dễ mẫn cảm hơn với sâu bệnh nói chung.

### 3. Việc cần làm ngay
**Hành động:** Kiểm tra kỹ các lá xung quanh khu vực bị bệnh để phát hiện sớm các đốm nhỏ có quầng vàng hoặc dạng ""mắt cua"".

**Lý do liên hệ với thời tiết:**
Do dự báo **nắng nóng kéo dài trong 3 ngày tới**, cây đang chịu áp lực mất nước. Việc cây bị stress nước sẽ làm giảm sức đề kháng, khiến bệnh Phomopsis (vốn có thể tồn tại tiềm ẩn) dễ bùng phát hoặc lan rộng hơn nếu không được kiểm soát kịp thời. Do đó, việc kiểm tra sớm giúp bạn nắm bắt tình hình trước khi cây suy yếu quá mức.

### 4. Quản lý
*   **Vệ sinh vườn:** Loại bỏ các vật liệu lá bệnh (nếu phù hợp với điều kiện vườn) để giảm nguồn bệnh.
*   **Cải thiện môi trường:** Tăng cường thông thoáng cho tán cây và giảm độ ẩm cục bộ.
*   **Vệ sinh dụng cụ:** Vệ sinh sạch sẽ dụng cụ cắt tỉa hoặc xử lý chúng sau khi sử dụng để tránh phát tán vật liệu bệnh sang cây khác.
*   **Hỗ trợ kỹ thuật:** Nếu thấy triệu chứng lan rộng, hãy tham khảo ý kiến cán bộ kỹ thuật địa phương.

### 5. Phòng ngừa
*   **Quản lý tán cây:** Duy trì tán cây thông thoáng để hạn chế ẩm tích tụ.
*   **Vệ sinh:** Thường xuyên thu gom và xử lý vật liệu bệnh.
*   **Kiểm soát ẩm:** Tránh để lá bị ẩm ướt kéo dài.

### 6. Theo dõi
*   **Quan sát:** Theo dõi sát các đốm nhỏ có quầng vàng xuất hiện mới.
*   **Tái kiểm tra:** Cần tái kiểm tra sau vài ngày hoặc vài tuần vì bệnh có đặc tính tiềm ẩn, có thể xuất hiện triệu chứng sau một khoảng thời gian không có dấu hiệu.

### 7. Cảnh báo
Mức độ nhiễm bệnh trung bình hiện tại phản ánh áp lực bệnh đang tồn tại trong tán cây. Bạn cần quản lý chặt chẽ và theo dõi sát sao để ngăn chặn bệnh tiến triển nặng hơn, đặc biệt trong bối cảnh cây đang chịu stress do nắng nóng.

---
**Nguồn tham khảo:**
• [S1] Durian leaf disease image dataset / Mendeley Data — https://data.mendeley.com/datasets/pxzvksbwnj/4
• [S16] Acta Universitatis Agriculturae et Silviculturae Mendelianae Brunensis: Leaf spot characteristics of Phomopsis durionis on durian — https://acta.mendelu.cz/artkey/acu-201601-0022_leaf-spot-characteristics-of-phomopsis-durionis-on-durian-durio-zibethinus-murray-and-latent-infection-of-the.php
• [W1] Iowa State University Extension: It Takes Three to Make a Plant Sick (Disease Triangle) — https://www.extension.iastate.edu/news/2007/jan/071001.htm",False,False,False,False,False,False,"Chào bạn, với tư cách là chuyên gia tư vấn kỹ thuật cây trồng, tôi xin đưa ra phác đồ xử lý chi tiết cho tình huống **Bệnh đốm lá Phomopsis** trên cây sầu riêng với mức độ nhiễm bệnh trung bình (>10–35% diện tích lá).

Mức độ này cho thấy bệnh đã bắt đầu ảnh hưởng rõ rệt đến khả năng quang hợp của cây, nếu không kiểm soát kịp thời, bệnh có thể lan rộng gây rụng lá, suy yếu cây và tạo điều kiện cho nấm xâm nhập vào quả (gây thối quả).

Dưới đây là khuyến nghị xử lý:

### 1. Nguyên nhân và Đặc điểm bệnh

*   **Tác nhân gây bệnh:** Nấm *Phomopsis sapindae* (đồng nghĩa với *Diaporthe* spp.). Đây là một loại nấm phổ biến, thường tấn công mạnh trong điều kiện ẩm ướt.
*   **Đặc điểm nhận dạng:**
    *   Vết bệnh ban đầu là những chấm nhỏ màu nâu sẫm hoặc đen.
    *   Phát triển thành các đốm tròn hoặc hình bất quy tắc, trung tâm vết bệnh thường có màu xám trắng hoặc nâu nhạt, viền ngoài màu nâu sẫm.
    *   Vết bệnh có thể lan rộng, nối liền nhau gây cháy lá, khô lá và rụng lá sớm.
    *   Bệnh thường xuất hiện nhiều trên lá già, nhưng cũng có thể tấn công lá non nếu mật độ nấm cao.
*   **Điều kiện thuận lợi:**
    *   Thời tiết mưa nhiều, độ ẩm không khí cao (>80%).
    *   Vườn cây rậm rạp, thiếu ánh sáng, thông gió kém.
    *   Cây thiếu dinh dưỡng (đặc biệt là Kali và Canxi), sức đề kháng kém.
    *   Có nguồn bệnh tồn tại từ lá rụng, cành khô hoặc quả thối chưa được dọn dẹp.

### 2. Biện pháp quản lý vườn (Vệ sinh và Chăm sóc)

Đây là bước **quan trọng nhất** để giảm nguồn bệnh và ngăn ngừa tái nhiễm:

*   **Vệ sinh vườn:**
    *   Dọn dẹp và tiêu hủy (đốt hoặc chôn vùi sâu) tất cả lá rụng, cành khô, quả thối có dấu hiệu bệnh.
    *   Cắt tỉa cành bị bệnh, cành sâu, cành tăm, cành vượt để vườn thông thoáng, ánh sáng xuyên sâu vào tán cây.
*   **Quản lý nước:**
    *   Đảm bảo hệ thống thoát nước tốt, tránh đọng nước quanh gốc cây.
    *   Tưới nước vào buổi sáng sớm, tránh tưới vào buổi chiều tối để lá khô nhanh, giảm độ ẩm bề mặt lá.
*   **Bón phân cân đối:**
    *   Tăng cường bón phân hữu cơ vi sinh để cải tạo đất và tăng sức đề kháng cho cây.
    *   Bổ sung phân bón lá chứa **Kali (K)**, **Canxi (Ca)** và **Silic** để tăng độ dày và cứng của lá, giúp lá khó bị nấm xâm nhập hơn.
    *   Tránh bón thừa Nitơ (N) vì sẽ làm cây sinh trưởng quá mức, lá mềm và dễ nhiễm bệnh.

### 3. Có cần phun thuốc hay không? Phun gì?

**Câu trả lời: CÓ, cần phun thuốc.**

Với mức độ nhiễm >10–35%, biện pháp canh tác đơn thuần không đủ để kiểm soát. Cần kết hợp phun thuốc hóa học/bio để dập tắt nguồn bệnh và bảo vệ lá mới.

#### **Lịch trình phun thuốc đề xuất:**

*   **Lần 1 (Xử lý ngay):** Sử dụng thuốc có tính **diệt khuẩn/nấm mạnh** để tiêu diệt nguồn bệnh đang hoạt động.
    *   *Gợi ý thuốc:*
        *   **Hóa học:** Difenoconazole (Score 250EC, Anvil 5SC) + Azoxystrobin (Amistar Top 325SC).
        *   *Hoặc:* Propineb (Antracol 70WP) + Mancozeb (Mancozeb 80WP) – dùng khi bệnh mới phát triển, ít độc hại hơn.
    *   *Liều lượng:* Theo hướng dẫn trên bao bì. Phun kỹ cả hai mặt lá, đặc biệt là mặt dưới lá.

*   **Lần 2 (Cách lần 1 7–10 ngày):** Sử dụng thuốc có tính **bảo vệ và điều trị**, ưu tiên nhóm thuốc sinh học hoặc ít độc hại hơn để bảo vệ lá mới.
    *   *Gợi ý thuốc:*
        *   **Sinh học:** Nấm đối kháng *Trichoderma* (dạng bột hoặc nước) + Vi",True,True,False,False,True,True
phomopsis_severity_3__WS_NORMAL,phomopsis,3,WS_NORMAL,"Chào bạn, dựa trên kết quả phân tích hình ảnh và dữ liệu hiện có, tôi xin tư vấn cụ thể về tình trạng bệnh trên vườn sầu riêng của bạn như sau:

### 1. Tóm tắt tình trạng bệnh
Cây sầu riêng của bạn đang bị nhiễm bệnh **Phomopsis leaf spot** (do nấm *Phomopsis durionis* gây ra).
*   **Mức độ nghiêm trọng:** Mức 3 (Nặng).
*   **Dấu hiệu nhận biết:** Trên lá xuất hiện các đốm nhỏ dạng đầu kim hoặc đốm nhỏ, xung quanh vết bệnh có quầng vàng. Các đốm này có thể tiến triển thành dạng đốm rõ hơn hoặc kiểu ""mắt cua"" (crab-eye).
*   **Tình hình hiện tại:** Hơn 35% diện tích bề mặt lá đã bị tổn thương. Bệnh có đặc tính nhiễm tiềm ẩn, nghĩa là triệu chứng có thể xuất hiện sau một giai đoạn không có dấu hiệu rõ ràng, và nhiều đốm có thể hợp lại làm giảm diện tích lá khỏe.

### 2. Tóm tắt thời tiết sắp tới
Hiện tại, thời tiết khu vực vườn của bạn ở mức **bình thường**, không có yếu tố đặc biệt nào (như mưa lớn kéo dài hay độ ẩm cực cao bất thường) làm tăng nguy cơ lây lan bệnh một cách đột ngột. Điều kiện thời tiết hiện tại không tạo ra rủi ro đặc biệt cho đối tượng bệnh này.

### 3. Việc cần làm ngay
*   **Kiểm tra thực địa và xác nhận chẩn đoán:** Bạn cần ra vườn kiểm tra trực tiếp cây trồng.
    *   *Lý do:* Mặc dù thời tiết hiện tại bình thường, nhưng mức độ bệnh đã ở mức nặng (>35% lá bị tổn thương). Việc xác nhận thực địa là bắt buộc để đảm bảo chẩn đoán từ hình ảnh là chính xác, đặc biệt nếu bạn thấy vết bệnh lan nhanh. Không nên chỉ dựa vào dự đoán từ ảnh để xử lý ngay lập tức.
*   **Vệ sinh vườn:** Ưu tiên thu gom và loại bỏ các vật liệu bệnh nặng (lá rụng, cành khô có bệnh) nếu điều kiện cho phép.
    *   *Lý do:* Loại bỏ nguồn bệnh giúp giảm lượng nấm tồn tại trong vườn, hạn chế nguy cơ tái nhiễm.

### 4. Quản lý
Do thời tiết hiện tại không có rủi ro đặc biệt, bạn tiếp tục áp dụng các biện pháp quản lý tiêu chuẩn:
*   **Giảm độ ẩm:** Cần hạn chế tình trạng lá bị ướt kéo dài.
*   **Tư vấn chuyên sâu:** Vì mức độ bệnh đã nặng, bạn nên **liên hệ cán bộ kỹ thuật địa phương** để được tư vấn chọn hướng quản lý và các biện pháp xử lý phù hợp nhất với vườn của bạn.

### 5. Phòng ngừa
Để ngăn chặn bệnh tái phát hoặc lây lan sang các cây khác:
*   **Thông thoáng tán cây:** Tỉa cành để tán cây thông thoáng, giúp giảm độ ẩm cục bộ.
*   **Vệ sinh thường xuyên:** Thu gom và xử lý vật liệu bệnh (lá, cành khô).
*   **Kiểm soát độ ẩm:** Tránh để lá bị ẩm ướt trong thời gian dài.

### 6. Theo dõi
*   **Quan sát kỹ:** Theo dõi sát sao các đốm nhỏ có quầng vàng trên lá mới và lá già.
*   **Tái kiểm tra định kỳ:** Hãy kiểm tra lại sau vài ngày hoặc vài tuần.
    *   *Lý do:* Bệnh Phomopsis có khả năng nhiễm tiềm ẩn, nghĩa là triệu chứng có thể xuất hiện muộn sau giai đoạn không có dấu hiệu. Việc theo dõi sát giúp phát hiện sớm các ổ bệnh mới.

### 7. Cảnh báo
*   **Không tự ý xử lý nặng dựa trên ảnh:** Không nên áp dụng các biện pháp quản lý mạnh (như phun thuốc đặc trị liều cao) chỉ dựa vào dự đoán từ hình ảnh. Bắt buộc phải có sự xác nhận thực địa để tránh lãng phí hoặc gây hại không cần thiết cho cây.

---
**Nguồn tham khảo:**
• [S1] Durian leaf disease image dataset / Mendeley Data — https://data.mendeley.com/datasets/pxzvksbwnj/4
• [S16] Acta Universitatis Agriculturae et Silviculturae Mendelianae Brunensis: Leaf spot characteristics of Phomopsis durionis on durian — https://acta.mendelu.cz/artkey/acu-201601-0022_leaf-spot-characteristics-of-phomopsis-durionis-on-durian-durio-zibethinus-murray-and-latent-infection-of-the.php",True,False,False,False,True,False,"Chào bạn, với tư cách là chuyên gia tư vấn kỹ thuật cây trồng, tôi xin đưa ra khuyến nghị xử lý khẩn cấp cho tình huống bệnh đốm lá Phomopsis (*Phomopsis mangiferae*) trên cây sầu riêng của bạn.

**Cảnh báo:** Mức độ nhiễm bệnh >35% diện tích lá được xếp vào mức **NẶNG**. Nếu không xử lý kịp thời, bệnh sẽ lan nhanh, làm giảm khả năng quang hợp, gây rụng lá non, ảnh hưởng trực tiếp đến năng suất vụ trái sắp tới hoặc làm suy kiệt sức cây.

Dưới đây là phác đồ xử lý chi tiết:

### 1. Nguyên nhân và Đặc điểm bệnh

*   **Tác nhân:** Nấm *Phomopsis mangiferae* (đồng nghĩa với *Pestalotiopsis* trong một số phân loại cũ, nhưng thường được gọi chung là nhóm nấm gây đốm lá do Phomopsis/Pestalotiopsis).
*   **Đặc điểm nhận dạng:**
    *   Vết bệnh ban đầu là những chấm nhỏ màu nâu vàng hoặc nâu sẫm trên phiến lá.
    *   Vết bệnh mở rộng thành hình tròn hoặc không đều, trung tâm vết bệnh thường chuyển màu xám trắng hoặc nâu nhạt, có viền màu nâu sẫm bao quanh.
    *   Trên vết bệnh có thể thấy các chấm đen nhỏ (bào tử nấm).
    *   Lá bị nhiễm nặng sẽ khô, giòn và rụng sớm.
*   **Nguyên nhân bùng phát mạnh:**
    *   Độ ẩm không khí cao (>80%), mưa nhiều, sương mù dày đặc.
    *   Vườn cây trồng dày đặc, tán lá rậm rạp, thiếu ánh sáng và gió lưu thông kém.
    *   Cây thiếu dinh dưỡng (đặc biệt là Kali và Canxi), sức đề kháng kém.
    *   Tồn tại tàn dư thực vật (lá bệnh rụng xuống) chưa được dọn dẹp.

### 2. Biện pháp quản lý vườn (Vệ sinh và Cải tạo)

Đây là bước **BẮT BUỘC** phải thực hiện trước khi phun thuốc để giảm nguồn bệnh:

1.  **Dọn dẹp tàn dư thực vật:**
    *   Thu gom toàn bộ lá bệnh rụng dưới gốc và lá bệnh còn trên cây (nếu có thể).
    *   Đốt hoặc chôn vùi sâu các tàn dư này ra khỏi vườn. **Không** để lại trong vườn vì đây là nguồn nấm lây lan cho vụ sau.
2.  **Tỉa cành tạo tán:**
    *   Tỉa bỏ các cành sâu bệnh, cành khô, cành mọc dày đặc bên trong tán.
    *   Mục tiêu: Tăng cường ánh sáng và gió lưu thông vào trong tán cây, giúp lá khô nhanh sau mưa, giảm độ ẩm cục bộ.
3.  **Bón phân cân đối:**
    *   Tăng cường bón phân hữu cơ vi sinh để cải tạo đất.
    *   Bón bổ sung phân bón lá chứa **Kali (K)** và **Canxi (Ca)** để tăng độ dày của thành tế bào lá, giúp lá cứng cáp, khó bị nấm xâm nhập hơn.
    *   Hạn chế bón quá nhiều Đạm (N) khi cây đang bệnh, vì đạm làm lá mềm, mọng nước, dễ bị nấm tấn công.

### 3. Có cần phun thuốc không? Phun gì?

**CÓ, BẮT BUỘC PHẢI PHUN THUỐC.** Với mức độ >35%, biện pháp canh tác đơn thuần không đủ để kiểm soát. Cần phun thuốc hóa học kết hợp với sinh học.

#### A. Lựa chọn thuốc hóa học (Xử lý đợt 1 - Khẩn cấp)
Chọn 1 trong các hoạt chất sau (luân phiên để tránh kháng thuốc):

1.  **Hồng định (Mancozeb) + Hoạt chất khác:**
    *   Ví dụ: *Mancozeb + Propineb* hoặc *Mancozeb + Azoxystrobin*.
    *   Ưu điểm: Phun phòng và trị bệnh, bám dính tốt.
2.  **Nhóm hoạt chất Azoxystrobin:**
    *   Ví dụ: *Amistar Top*, *Kasumin* (kết hợp với thuốc khác).
    *   Ưu điểm: Có tác dụng nội hấp, bảo vệ lá mới và trị bệnh hiệu quả.
3.  **Nhóm hoạt chất Difenoconazole:**
    *   Ví dụ: *Score 250EC*.
    *   Lưu ý: Chỉ dùng khi cần thiết, tuân thủ liều lượng, tránh phun khi trời quá nóng.
4.  **Nhóm hoạt chất Tebuconazole:**
    *   Ví dụ: *Folicur*.
    *   Hiệu quả ca",True,True,False,False,True,True
phomopsis_severity_3__WS_RAIN_SPORE_DISPERSAL,phomopsis,3,WS_RAIN_SPORE_DISPERSAL,"Chào bạn, với vai trò là chuyên gia tư vấn bệnh cây trồng, tôi xin đưa ra bản đánh giá và hướng xử lý cho tình trạng bệnh trên lá sầu riêng của bạn dựa trên dữ liệu chẩn đoán và dự báo thời tiết hiện tại.

### 1. Tóm tắt tình trạng bệnh
Cây sầu riêng của bạn đang bị nhiễm bệnh **Đốm lá do nấm Phomopsis** (*Phomopsis leaf spot*, tác nhân *Phomopsis durionis*).
*   **Mức độ nghiêm trọng:** Cao (Severity 3). Diện tích lá bị tổn thương đã vượt quá 35%.
*   **Triệu chứng nhận biết:** Xuất hiện các đốm nhỏ dạng đầu kim hoặc đốm nhỏ trên lá, xung quanh vết bệnh có quầng vàng. Bệnh có thể tiến triển thành các đốm lớn hơn hoặc dạng mắt cua (crab-eye). Khi bệnh nặng, nhiều đốm sẽ hợp lại làm giảm đáng kể diện tích lá khỏe, ảnh hưởng đến quang hợp.
*   **Đặc điểm nguy hiểm:** Bệnh có khả năng nhiễm tiềm ẩn, nghĩa là triệu chứng có thể xuất hiện sau một giai đoạn không có dấu hiệu rõ ràng.

### 2. Tóm tắt thời tiết sắp tới
*   **Dự báo:** Có **mưa đáng kể** trong 3 ngày tới.
*   **Rủi ro:** Mức rủi ro **tăng cao** (increased).
*   **Tác động:** Lượng mưa này sẽ giúp phát tán bào tử nấm và tạo điều kiện ẩm ướt lý tưởng cho bào tử nảy mầm, làm bệnh đốm lá/cháy lá lan nhanh hơn.

### 3. Việc cần làm ngay
Do dự báo có **mưa đáng kể trong 3 ngày tới**, việc quản lý độ ẩm và ngăn chặn lây lan là ưu tiên hàng đầu:

1.  **Kiểm tra thực địa ngay:** Cần ra vườn xác nhận lại chẩn đoán, đặc biệt nếu thấy tổn thương lan nhanh. Không nên chỉ dựa vào hình ảnh để quyết định phương án xử lý nặng.
2.  **Vệ sinh vườn trồng:** Ưu tiên thu gom và loại bỏ các vật liệu bệnh nặng (lá rụng, cành bệnh) nếu điều kiện cho phép, để giảm nguồn nấm tồn tại trong vườn.
3.  **Cải thiện thoát nước:** Đảm bảo hệ thống thoát nước trong vườn hoạt động tốt để tránh úng nước, giảm độ ẩm kéo dài.
4.  **Hạn chế tác động cơ học:** **Không cắt tỉa, không di chuyển hoặc chạm vào tán cây khi lá còn ướt** do mưa. Việc này sẽ vô tình làm lây lan bào tử nấm từ cây này sang cây khác hoặc từ lá này sang lá khác.
5.  **Liên hệ chuyên gia:** Do mức độ bệnh nặng (>35% diện tích lá) và điều kiện thời tiết thuận lợi cho nấm, bạn nên liên hệ cán bộ kỹ thuật địa phương để được tư vấn chọn hướng quản lý và thuốc phù hợp nhất với thực địa.

### 4. Quản lý
*   **Giảm độ ẩm:** Tập trung vào việc giảm thời gian lá bị ướt kéo dài.
*   **Thông thoáng tán cây:** Tạo điều kiện cho không khí lưu thông, giúp lá khô nhanh hơn sau mưa.
*   **Xử lý vật liệu bệnh:** Tiếp tục loại bỏ các bộ phận cây bị bệnh nặng ra khỏi vườn để cắt đứt nguồn lây nhiễm.

### 5. Phòng ngừa
*   **Duy trì tán thông thoáng:** Thường xuyên tỉa cành hợp lý (khi thời tiết khô ráo) để ánh sáng và gió xuyên qua tán cây.
*   **Vệ sinh vườn:** Thu gom và tiêu hủy vật liệu bệnh định kỳ.
*   **Kiểm soát ẩm:** Tránh tưới nước lên lá vào buổi tối hoặc khi trời sắp mưa để giảm độ ẩm bề mặt lá.

### 6. Theo dõi
*   **Quan sát triệu chứng:** Chú ý theo dõi sự xuất hiện của các đốm nhỏ có quầng vàng trên lá mới và lá già.
*   **Tái kiểm tra định kỳ:** Do bệnh có tính tiềm ẩn, bạn cần tái kiểm tra vườn sau vài ngày hoặc mỗi tuần một lần, ngay cả khi triệu chứng hiện tại có vẻ ổn định. Đặc biệt cần kiểm tra kỹ sau mỗi đợt mưa.

### 7. Cảnh báo
*   **Không tự ý xử lý nặng:** Không nên áp dụng các biện pháp quản lý mạnh (như phun thuốc đặc trị liều cao) chỉ dựa vào dự đoán từ ảnh chụp. Bắt buộc phải có sự xác nhận thực địa từ người có chuyên môn hoặc cán bộ kỹ thuật để tránh lãng phí hoặc gây hại cho cây.

---

**Nguồn tham khảo:**
• [S1] Durian leaf disease image dataset / Mendeley Data — https://data.mendeley.com/datasets/pxzvksbwnj/4
•",True,False,False,False,True,False,"Chào bạn, với tư cách là chuyên gia tư vấn kỹ thuật cây trồng, tôi xin đưa ra khuyến nghị xử lý khẩn cấp cho tình trạng **bệnh đốm lá Phomopsis** trên vườn sầu riêng của bạn.

Mức độ nhiễm bệnh **>35% diện tích lá** được xếp vào mức **NẶNG**. Đây là dấu hiệu cảnh báo đỏ vì bệnh không chỉ làm giảm khả năng quang hợp, suy yếu cây, mà còn là nguồn lây lan mạnh sang hoa, trái và gây thán thư (Anthracnose) về sau nếu không kiểm soát kịp thời.

Dưới đây là phác đồ xử lý chi tiết:

---

### 1. Nguyên nhân và Đặc điểm bệnh

*   **Tác nhân gây bệnh:** Nấm *Phomopsis mangiferae* (cùng nhóm với nấm gây bệnh thán thư *Colletotrichum gloeosporioides*). Hai loại nấm này thường cộng sinh và cùng phát triển mạnh trong điều kiện ẩm ướt.
*   **Đặc điểm nhận biết:**
    *   Vết bệnh ban đầu là những chấm nhỏ màu nâu sẫm hoặc đen, sau đó lan rộng thành các đốm tròn hoặc không đều, viền ngoài màu nâu sẫm, phần giữa màu xám tro hoặc trắng xám.
    *   Khi bệnh nặng, các đốm bệnh hợp lại làm cháy lá, lá vàng và rụng sớm.
    *   Bệnh thường xuất hiện mạnh vào mùa mưa, độ ẩm cao (>85%), vườn cây rậm rạp, thiếu ánh sáng.
*   **Hậu quả:** Lá rụng nhiều làm cây suy kiệt, giảm năng suất vụ sau. Nếu nấm này tồn tại trên lá, nó sẽ là nguồn bệnh chính gây thối trái, thán thư trái khi cây ra hoa đậu quả.

---

### 2. Biện pháp quản lý vườn (Vệ sinh và Cải tạo môi trường)

Đây là bước **BẮT BUỘC** phải thực hiện trước khi phun thuốc, nếu không thuốc sẽ chỉ có tác dụng tạm thời.

1.  **Tỉa cành, tạo tán:**
    *   Tỉa bỏ ngay tất cả các cành khô, cành bị bệnh, lá già, lá bệnh.
    *   Tạo tán thông thoáng để ánh sáng chiếu sâu vào tán cây, giúp lá khô nhanh sau mưa, giảm độ ẩm cục bộ.
2.  **Vệ sinh vườn:**
    *   Thu gom toàn bộ lá rụng, cành bệnh dưới gốc và **đốt bỏ** hoặc chôn vùi sâu. **Tuyệt đối không** để lá bệnh nằm lại trong vườn vì đây là ổ bệnh tái nhiễm.
3.  **Quản lý nước:**
    *   Kiểm tra hệ thống thoát nước, đảm bảo vườn không bị úng đọng nước sau mưa.
    *   Tưới nước vào buổi sáng sớm để lá kịp khô trước khi trời tối.
4.  **Bón phân cân đối:**
    *   Tránh bón thừa đạm (N) vì làm cây sinh trưởng mạnh, mô non dễ bị nấm tấn công.
    *   Tăng cường bón Kali (K) và Canxi (Ca) để tăng độ dày của biểu bì lá, giúp lá cứng cáp, kháng bệnh tốt hơn.

---

### 3. Có cần phun thuốc hay không? Phun gì?

**CÓ, BẮT BUỘC PHẢI PHUN THUỐC.**
Với mức độ >35%, biện pháp canh tác đơn thuần không thể kiểm soát được tốc độ lây lan. Cần phun thuốc đặc trị kết hợp thuốc phòng ngừa.

#### **Lịch trình phun thuốc đề xuất:**

**Lần 1: Phun đặc trị (Khẩn cấp)**
*   **Mục tiêu:** Tiêu diệt nguồn nấm đang hoạt động mạnh.
*   **Nhóm thuốc:** Chọn 1 trong các hoạt chất sau (luân phiên để tránh kháng thuốc):
    *   *Azoxystrobin + Difenoconazole* (Ví dụ: Amistar Top, Score Neo...)
    *   *Mancozeb + Propineb* (Ví dụ: Mancozeb 80WP kết hợp với thuốc đặc trị khác)
    *   *Trifloxystrobin + Tebuconazole* (Ví dụ: Tilt Super, Amistar Top...)
    *   *Chlorothalonil* (Ví dụ: Dithane M45) – dùng làm thuốc tiếp xúc hỗ trợ.
*   **Liều lượng:** Theo hướng dẫn trên bao bì, pha đủ nước để phun ướt đều cả mặt trên và mặt dưới lá.

**Lần 2: Phun tiếp sau 7-10 ngày**
*   **Mục tiêu:** Tiêu diệt nốt các bào tử nấm còn sót lại và ngăn tái nhiễm.
*   **Thuốc:** Luân phiên nhóm thuốc khác",True,True,False,False,True,True
phomopsis_severity_3__WS_HIGH_HUMIDITY_FUNGAL,phomopsis,3,WS_HIGH_HUMIDITY_FUNGAL,"Chào bạn, với tư cách là chuyên gia tư vấn bệnh cây trồng, tôi xin đưa ra bản đánh giá và hướng xử lý dựa trên dữ liệu chẩn đoán và dự báo thời tiết hiện tại cho vườn sầu riêng của bạn.

### 1. Tóm tắt tình trạng bệnh
Cây sầu riêng của bạn đang bị nhiễm bệnh **Đốm lá do nấm Phomopsis** (*Phomopsis leaf spot*), gây ra bởi nấm *Phomopsis durionis*.
*   **Mức độ nghiêm trọng:** Mức 3 (Nặng).
*   **Dấu hiệu nhận biết:** Trên lá xuất hiện các đốm nhỏ dạng đầu kim hoặc đốm nhỏ, xung quanh vết bệnh có quầng vàng. Bệnh có thể tiến triển thành các đốm rõ ràng hơn hoặc kiểu ""mắt cua"" (crab-eye).
*   **Tình trạng tổn thương:** Hơn 35% diện tích bề mặt lá đã bị tổn thương. Nhiều đốm có thể hợp lại làm giảm diện tích lá khỏe, ảnh hưởng đến quang hợp.
*   **Đặc điểm nguy hiểm:** Bệnh có khả năng nhiễm tiềm ẩn, nghĩa là triệu chứng có thể xuất hiện sau một giai đoạn không có dấu hiệu rõ ràng.

### 2. Tóm tắt thời tiết sắp tới
*   **Dự báo:** Độ ẩm duy trì ở mức cao trong 3 ngày tới.
*   **Mức rủi ro:** Tăng cao (increased).
*   **Tác động:** Điều kiện ẩm ướt kéo dài là môi trường thuận lợi để nấm bệnh đốm lá/cháy lá phát sinh mạnh và lan rộng nhanh chóng.

### 3. Việc cần làm ngay
Do dự báo độ ẩm cao kéo dài trong 3 ngày tới tạo điều kiện lý tưởng cho nấm *Phomopsis* phát triển, bạn cần thực hiện ngay các hành động sau để ngăn chặn dịch bệnh bùng phát:

1.  **Kiểm tra thực địa ngay:** Xác nhận lại chẩn đoán tại vườn, đặc biệt chú ý kiểm tra mặt dưới lá và các tán lá dày đặc. Việc này cần thiết vì bệnh có thể lan nhanh trong điều kiện ẩm ướt.
2.  **Cải thiện thông thoáng tán:** Tỉa bỏ các cành lá quá dày, lá già, lá bệnh nặng để tăng độ thông thoáng, giúp lá khô nhanh hơn và giảm độ ẩm cục bộ trong tán cây.
3.  **Vệ sinh vườn:** Thu gom và tiêu hủy (đốt hoặc chôn vùi) các vật liệu bệnh (lá rụng, cành bệnh) còn tồn tại trong vườn để loại bỏ nguồn nấm bệnh.
4.  **Điều chỉnh tưới tiêu:** Tránh tưới nước làm ướt lá vào buổi chiều hoặc tối. Nên tưới vào buổi sáng để lá kịp khô trước khi trời tối, hạn chế thời gian lá bị ướt – điều kiện thuận lợi cho nấm xâm nhập.

### 4. Quản lý
*   **Ưu tiên vệ sinh:** Việc loại bỏ vật liệu bệnh nặng là biện pháp cơ học quan trọng nhất để giảm nguồn lây lan.
*   **Kiểm soát độ ẩm:** Tiếp tục duy trì việc giảm độ ẩm và thời gian lá ướt kéo dài thông qua quản lý tưới tiêu và tỉa tán.
*   **Hỗ trợ chuyên môn:** Vì mức độ bệnh đã ở mức nặng (Severity 3) và điều kiện thời tiết bất lợi, bạn nên **liên hệ cán bộ kỹ thuật địa phương** để được hướng dẫn cụ thể về các biện pháp quản lý tổng hợp hoặc sử dụng thuốc phù hợp với tình hình thực tế tại vườn.

### 5. Phòng ngừa
*   Duy trì tán cây thông thoáng thường xuyên.
*   Vệ sinh sạch sẽ vật liệu bệnh sau mỗi lần tỉa cành hoặc thu hoạch.
*   Quản lý nước tưới hợp lý để tránh độ ẩm kéo dài trên bề mặt lá.

### 6. Theo dõi
*   Quan sát kỹ các đốm nhỏ có quầng vàng trên lá mới và lá già.
*   Tái kiểm tra vườn sau vài ngày hoặc một tuần, vì bệnh có thể xuất hiện triệu chứng rõ ràng sau giai đoạn nhiễm tiềm ẩn.
*   Tăng tần suất kiểm tra trong những ngày độ ẩm cao.

### 7. Cảnh báo
*   **Không tự ý xử lý nặng chỉ dựa vào hình ảnh:** Việc quản lý bệnh Phomopsis ở mức độ nặng cần sự xác nhận thực địa chính xác. Không nên tự ý phun thuốc mạnh hoặc áp dụng biện pháp khắc nghiệt nếu chưa được cán bộ kỹ thuật xác nhận, vì có thể gây hại cho cây hoặc không hiệu quả.

---

### Nguồn tham khảo
• [S1] Durian leaf disease image dataset / Mendeley Data — https://data.mendeley.com/datasets/pxzvksbwnj/4
• [S16] Acta Universitatis Agriculturae et Silviculturae Mendelianae Brunensis: Leaf spot characteristics",True,False,False,False,True,False,"Chào bạn, với tư cách là chuyên gia tư vấn kỹ thuật cây trồng, tôi xin đưa ra khuyến nghị xử lý khẩn cấp cho tình trạng **Bệnh đốm lá Phomopsis** trên vườn sầu riêng của bạn.

Với mức độ tổn thương **>35% diện tích lá**, đây được xem là tình trạng **NẶNG**. Nếu không xử lý kịp thời, bệnh sẽ lan nhanh, làm giảm khả năng quang hợp, gây rụng lá, suy yếu cây và tạo điều kiện cho các bệnh hại khác (như thán thư, nấm hồng) xâm nhập.

Dưới đây là phác đồ xử lý chi tiết:

---

### 1. Nguyên nhân và Đặc điểm bệnh

*   **Tác nhân gây bệnh:** Nấm *Phomopsis sp.* (thường gặp là *Phomopsis longicolla* hoặc các loài liên quan).
*   **Điều kiện thuận lợi:**
    *   Thời tiết mưa nhiều, độ ẩm không khí cao (>85%).
    *   Vườn cây trồng dày đặc, thông gió kém, ánh sáng mặt trời không xuyên sâu vào tán lá.
    *   Cây bị suy yếu do thiếu dinh dưỡng (đặc biệt là Kali và Canxi) hoặc bị stress do hạn hán/lũ lụt.
*   **Triệu chứng nhận biết:**
    *   Xuất hiện các đốm nhỏ màu nâu sẫm hoặc đen trên phiến lá, thường bắt đầu từ mép lá hoặc đầu lá.
    *   Đốm bệnh lan rộng, có viền màu vàng nhạt bao quanh.
    *   Ở giai đoạn nặng, các đốm hợp lại thành mảng lớn, làm lá khô héo, vàng và rụng sớm.
    *   Có thể thấy các thể quả nấm nhỏ màu đen trong vùng đốm bệnh khi quan sát kỹ dưới kính lúp.

---

### 2. Biện pháp quản lý vườn (Vệ sinh và Cải tạo môi trường)

Đây là bước **bắt buộc** phải thực hiện trước khi phun thuốc để giảm nguồn bệnh và tăng hiệu quả xử lý:

1.  **Cắt tỉa cành tạo tán:**
    *   Cắt bỏ tất cả cành lá bị bệnh nặng, lá rụng, lá khô.
    *   Tỉa thưa tán lá để tăng độ thông thoáng, giúp ánh sáng mặt trời chiếu sâu vào vườn, giảm độ ẩm cục bộ.
    *   *Lưu ý:* Dụng cụ cắt phải được khử trùng bằng dung dịch sát khuẩn (như nước Javel pha loãng hoặc cồn 70 độ) sau mỗi cây để tránh lây lan.

2.  **Vệ sinh vườn:**
    *   Thu gom và tiêu hủy (đốt hoặc chôn vùi sâu) tất cả tàn dư thực vật bị bệnh. **Không** để lá bệnh nằm dưới gốc cây vì đây là nguồn nấm tồn tại qua mùa.
    *   Làm cỏ sạch gốc, tránh cỏ dại giữ ẩm và che khuất ánh sáng.

3.  **Cải thiện dinh dưỡng:**
    *   Bón bổ sung phân hữu cơ vi sinh và phân bón lá chứa **Kali (K)** và **Canxi (Ca)** để tăng cường sức đề kháng cho lá, giúp lá dày và cứng hơn, khó bị nấm xâm nhập.

---

### 3. Có cần phun thuốc không? Phun gì?

**CÓ, bắt buộc phải phun thuốc.** Với mức độ >35%, biện pháp canh tác đơn thuần không đủ để kiểm soát bệnh. Cần phun thuốc phòng trừ nấm bệnh theo nguyên tắc **xoay vòng hoạt chất** để tránh kháng thuốc.

#### A. Nhóm thuốc đặc trị (Xử lý khi bệnh đang phát triển mạnh):

Chọn 1 trong các hoạt chất sau, ưu tiên các loại có tác dụng tiếp xúc và hệ thống:

1.  **Hoạt chất: Azoxystrobin + Difenoconazole**
    *   *Tên thương mại tham khảo:* Amistar Top, Score, Aliette (tùy vùng).
    *   *Cơ chế:* Tác dụng nhanh, vừa phòng ngừa vừa trị bệnh, bảo vệ lá mới.
    *   *Liều lượng:* Theo hướng dẫn trên bao bì (thường 10-15 ml/16 lít nước).

2.  **Hoạt chất: Tebuconazole + Trifloxystrobin**
    *   *Tên thương mại tham khảo:* Folicur, Nativo.
    *   *Cơ chế:* Hiệu quả cao với nấm Phomopsis, có tác dụng kéo dài.

3.  **Hoạt chất: Mancozeb + Zineb (hoặc các đồng hợp chất đồng)**
    *   *Tên thương mại tham khảo:* Mancozeb 80WP, Zineb 80WP.
    *   *Lưu ý:* Đây là thuốc",True,True,False,False,True,True
phomopsis_severity_3__WS_PROLONGED_WET_SEVERE,phomopsis,3,WS_PROLONGED_WET_SEVERE,"Chào bạn, với tư cách là chuyên gia tư vấn bệnh cây trồng, tôi xin đưa ra lời khuyên dựa trên kết quả chẩn đoán và dự báo thời tiết hiện tại cho vườn sầu riêng của bạn.

### 1. Tóm tắt tình trạng bệnh
Cây sầu riêng của bạn đang bị nhiễm bệnh **Đốm lá do nấm Phomopsis (Phomopsis leaf spot)**.
*   **Mức độ nghiêm trọng:** Cao (Severity 3).
*   **Diện tích tổn thương:** Hơn 35% bề mặt lá đã bị ảnh hưởng.
*   **Triệu chứng nhận biết:** Trên lá xuất hiện các đốm nhỏ (kích thước khoảng 1–10 mm), có thể dạng đầu kim hoặc đốm rõ hơn, xung quanh vết bệnh có **quầng vàng**. Khi bệnh nặng, nhiều đốm có thể hợp lại làm giảm diện tích lá khỏe, ảnh hưởng đến khả năng quang hợp của cây. Bệnh này có thể tồn tại ở dạng tiềm ẩn, nghĩa là triệu chứng có thể xuất hiện sau một khoảng thời gian không thấy dấu hiệu rõ ràng.

### 2. Tóm tắt thời tiết sắp tới
*   **Dự báo:** Tổng lượng mưa trong 3 ngày tới **rất lớn**.
*   **Rủi ro:** Mức độ rủi ro cao (High).
*   **Tác động:** Lượng mưa lớn kết hợp với độ ẩm cao kéo dài sẽ tạo điều kiện thuận lợi cho nấm bệnh lan nhanh hơn bình thường.

### 3. Việc cần làm ngay
Do dự báo có **lượng mưa rất lớn trong 3 ngày tới**, độ ẩm trong vườn sẽ tăng cao và lá cây bị ướt lâu, đây là điều kiện lý tưởng để nấm Phomopsis bùng phát mạnh. Vì vậy, bạn cần thực hiện ngay các hành động sau:

1.  **Kiểm tra thực địa ngay:** Xác nhận lại chẩn đoán bằng mắt thường, đặc biệt chú ý xem vết bệnh có lan nhanh không. Không nên chỉ dựa vào ảnh chụp để quyết định xử lý nặng.
2.  **Xử lý thoát nước:** Ưu tiên kiểm tra và xử lý ngay các điểm **thoát nước kém** trong vườn. Nước đọng sẽ làm tăng độ ẩm gốc và tán lá, khiến bệnh nặng thêm.
3.  **Vệ sinh vườn:** Nếu có thể, loại bỏ các vật liệu bệnh nặng (lá rụng, cành khô có bệnh) để giảm nguồn nấm tồn tại trong vườn.

### 4. Quản lý
*   **Giảm độ ẩm:** Cố gắng giảm tình trạng lá ướt kéo dài.
*   **Thông thoáng tán cây:** Tỉa cành để tán cây thông thoáng, giúp gió lưu thông và lá khô nhanh hơn sau mưa.
*   **Liên hệ chuyên gia:** Do mức độ bệnh nặng (trên 35% lá bị tổn thương) và điều kiện thời tiết bất lợi, bạn nên **liên hệ cán bộ kỹ thuật địa phương** để được tư vấn cụ thể về hướng quản lý và các biện pháp can thiệp phù hợp nhất với vườn của bạn.

### 5. Phòng ngừa
*   Duy trì tán cây thông thoáng thường xuyên.
*   Vệ sinh sạch sẽ vật liệu bệnh (lá, cành rụng) trong vườn.
*   Quản lý độ ẩm, tránh để lá bị ướt kéo dài.

### 6. Theo dõi
*   Quan sát kỹ các **đốm nhỏ có quầng vàng** trên lá.
*   Tái kiểm tra sau vài ngày hoặc mỗi tuần một lần. Vì bệnh có khả năng nhiễm tiềm ẩn, triệu chứng mới có thể xuất hiện sau giai đoạn không có dấu hiệu rõ ràng.
*   Ghi nhận sớm nếu thấy vết bệnh lan rộng để báo cáo kịp thời.

### 7. Cảnh báo
*   **Không nên** tự ý áp dụng các biện pháp quản lý nặng (như phun thuốc đặc trị mạnh) chỉ dựa vào dự đoán từ ảnh chụp.
*   Bắt buộc phải **xác nhận thực địa** trước khi đưa ra quyết định xử lý cuối cùng.

---

**Nguồn tham khảo:**
• [S1] Durian leaf disease image dataset / Mendeley Data — https://data.mendeley.com/datasets/pxzvksbwnj/4
• [S16] Acta Universitatis Agriculturae et Silviculturae Mendelianae Brunensis: Leaf spot characteristics of Phomopsis durionis on durian — https://acta.mendelu.cz/artkey/acu-201601-0022_leaf-spot-characteristics-of-phomopsis-durionis-on-durian-durio-zibethinus-murray-and-latent-infection-of-the.php
• [S12] PubMed: First report of leaf blight caused by Rhizoctonia solani on durian in Vietnam — https://pubmed.ncbi.nlm.nih.gov/307",True,False,False,True,True,True,"Chào bạn, với tư cách là chuyên gia tư vấn kỹ thuật cây trồng, tôi xin đưa ra phác đồ xử lý khẩn cấp cho tình trạng **Bệnh đốm lá Phomopsis** trên vườn sầu riêng của bạn.

Với mức độ nhiễm bệnh **>35% diện tích lá (nặng)**, đây là tình huống cấp bách. Bệnh không chỉ làm giảm khả năng quang hợp, suy yếu cây mà còn là nguồn bệnh chính gây ra **bệnh thán thư (Phomopsis blight)** trên trái – mối đe dọa lớn nhất đối với năng suất và chất lượng sầu riêng.

Dưới đây là khuyến nghị chi tiết:

### 1. Nguyên nhân và Đặc điểm bệnh

*   **Tác nhân gây bệnh:** Nấm *Phomopsis sapida* (còn gọi là *Peyronellaea sapida*). Đây là cùng một loại nấm gây bệnh thán thư trên trái sầu riêng.
*   **Điều kiện thuận lợi:**
    *   Thời tiết nóng ẩm, mưa nhiều, độ ẩm không khí cao (>85%).
    *   Vườn cây rậm rạp, thiếu ánh sáng, thông gió kém.
    *   Cây suy yếu do thiếu dinh dưỡng (đặc biệt là Kali và Canxi) hoặc bị stress do hạn hán/nướclogged.
*   **Triệu chứng điển trị:**
    *   Xuất hiện các đốm nhỏ màu nâu sẫm hoặc đen trên lá non và lá già.
    *   Đốm bệnh mở rộng, trung tâm đốm có thể chuyển màu xám hoặc trắng, viền ngoài màu nâu đậm.
    *   Lá bị nhiễm nặng sẽ khô héo, rụng sớm.
    *   **Điểm nguy hiểm:** Nấm từ lá sẽ lan xuống cuống trái, gây thối cuống và thán thư trái.

### 2. Biện pháp quản lý vườn (Vệ sinh thực vật - Ưu tiên hàng đầu)

Vì bệnh đã nặng (>35%), việc phun thuốc đơn thuần sẽ không hiệu quả nếu không kết hợp với vệ sinh vườn triệt để.

*   **Cắt tỉa và thu gom tàn dư:**
    *   Cắt bỏ tất cả các cành lá bị nhiễm bệnh nặng, lá rụng dưới gốc.
    *   **Quan trọng:** Đốt hoặc chôn vùi sâu các tàn dư thực vật bị bệnh. **Không** để lại trong vườn vì đây là ổ chứa bào tử nấm cho vụ sau.
*   **Tỉa cành tạo tán:**
    *   Tỉa thưa tán cây để tăng cường ánh sáng và lưu thông không khí.
    *   Loại bỏ các cành sâu bệnh, cành tăm, cành vượt.
    *   Mục tiêu: Làm cho tán cây khô ráo nhanh hơn sau mưa, giảm độ ẩm vi khí hậu.
*   **Quản lý nước:**
    *   Đảm bảo hệ thống thoát nước tốt, tránh úng rễ.
    *   Tưới nước vào buổi sáng sớm để lá khô nhanh trước khi trời tối.
*   **Bón phân cân đối:**
    *   Tăng cường bón phân hữu cơ vi sinh để cải tạo đất.
    *   Bón bổ sung **Kali (K)** và **Canxi (Ca)** để tăng cường thành tế bào lá, giúp lá cứng cáp, kháng bệnh tốt hơn. Tránh bón thừa Đạm (N) vì sẽ làm cây sinh trưởng quá mức, lá mềm, dễ nhiễm bệnh.

### 3. Có cần phun thuốc hay không? Phun gì?

**CÓ, BẮT BUỘC PHẢI PHUN THUỐC.** Với mức độ >35%, đây là biện pháp bắt buộc để kiểm soát nguồn bệnh lan rộng và bảo vệ trái (nếu có).

#### Nguyên tắc phun:
*   **Liều lượng:** Dùng liều cao nhất cho phép theo hướng dẫn trên nhãn thuốc.
*   **Tần suất:** Phun 2-3 lần, cách nhau 7-10 ngày.
*   **Thời điểm:** Phun vào buổi chiều mát hoặc sáng sớm, tránh phun khi trời nắng gắt hoặc sắp mưa.
*   **Kỹ thuật:** Phun ướt đều cả mặt trên và mặt dưới lá, đặc biệt chú ý các nách lá và cuống lá.

#### Nhóm thuốc khuyến nghị (Xoay vòng hoạt chất để tránh kháng thuốc):

**Lần 1 (Xử lý khẩn cấp):**
*   **Hoạt chất:** **Azoxystrobin + Difenoconazole** (Ví dụ: Amistar Top, Score + Anvil...) hoặc **Trifloxystrobin + Tebuconazole**.
*   **Lý do:** Đây là nhóm thuốc có tác dụng tiếp xúc và nội hấp mạnh, vừa diệt nấm trên bề mặt vừa xâm nhập vào mô cây để tiêu diệt nấm đang phát triển bên trong.

**Lần",True,True,False,False,True,True
phomopsis_severity_3__WS_PSYLLID_WARM_CONDITIONS,phomopsis,3,WS_PSYLLID_WARM_CONDITIONS,"Chào bạn, dựa trên kết quả phân tích hình ảnh và dữ liệu thời tiết hiện tại, tôi xin đưa ra tư vấn cụ thể cho vườn sầu riêng của bạn như sau:

### 1. Tóm tắt tình trạng bệnh
Cây sầu riêng của bạn đang bị nhiễm bệnh **Phomopsis leaf spot** (do nấm *Phomopsis durionis* gây ra) ở mức độ **Nặng (Severity 3)**.
*   **Biểu hiện:** Trên lá xuất hiện nhiều đốm nhỏ (kích thước khoảng 1–10 mm), có quầng vàng bao quanh. Các đốm này có thể hợp lại thành những vết bệnh lớn hơn, làm giảm diện tích lá khỏe mạnh.
*   **Đặc điểm nguy hiểm:** Bệnh có khả năng nhiễm tiềm ẩn, nghĩa là nấm có thể đã tồn tại trong lá nhưng chưa biểu hiện rõ, sau đó mới phát triển thành các đốm bệnh khi điều kiện thuận lợi. Hiện tại, hơn 35% diện tích bề mặt lá đã bị tổn thương.

### 2. Tóm tắt thời tiết sắp tới
*   **Dự báo:** Đêm ấm kéo dài trong 3 ngày tới.
*   **Đánh giá rủi ro:** Điều kiện này thuận lợi cho sự phát triển của rầy chổng cánh (psyllid). Tuy nhiên, kịch bản thời tiết này không thuộc nhóm điều kiện nguy cơ đặc biệt đã được xác định trực tiếp đối với bệnh Phomopsis trong cơ sở dữ liệu hiện tại. Do đó, chúng ta vẫn tiếp tục áp dụng các khuyến nghị quản lý và theo dõi tiêu chuẩn cho bệnh này.

### 3. Việc cần làm ngay
*   **Kiểm tra thực địa và xác nhận chẩn đoán:** Bạn cần ra vườn kiểm tra kỹ lưỡng để xác nhận lại tình trạng bệnh, đặc biệt nếu thấy tổn thương lan nhanh.
    *   *Lý do:* Việc chẩn đoán chỉ dựa vào ảnh có thể chưa chính xác 100%. Việc xác nhận thực địa giúp đảm bảo rằng các biện pháp xử lý sau này đúng với nguyên nhân gây bệnh thực tế, tránh lãng phí và sai sót.

### 4. Quản lý
*   **Vệ sinh vườn:** Ưu tiên thu gom và loại bỏ các vật liệu bệnh nặng (lá rụng, cành bị bệnh) nếu điều kiện cho phép.
*   **Kiểm soát độ ẩm:** Cần có biện pháp giảm độ ẩm và hạn chế tình trạng lá bị ướt kéo dài, vì đây là điều kiện thuận lợi cho nấm phát triển.
*   **Hỗ trợ chuyên môn:** Vì mức độ bệnh khá nặng, bạn nên **liên hệ cán bộ kỹ thuật địa phương** để được tư vấn chọn hướng quản lý và các biện pháp kỹ thuật phù hợp nhất với vườn nhà bạn.

### 5. Phòng ngừa
*   **Thông thoáng tán lá:** Tỉa cành hợp lý để giữ cho tán cây thông thoáng, giúp gió lưu thông và ánh sáng xuyên qua, giảm độ ẩm cục bộ.
*   **Vệ sinh thường xuyên:** Duy trì việc vệ sinh vật liệu bệnh trong vườn để giảm nguồn nấm tồn tại.
*   **Giảm ẩm trên lá:** Tránh tưới nước lên lá vào buổi tối hoặc những thời điểm độ ẩm cao, đảm bảo lá khô nhanh sau khi mưa hoặc tưới.

### 6. Theo dõi
*   **Quan sát triệu chứng:** Chú ý theo dõi sự xuất hiện của các đốm nhỏ có quầng vàng trên lá mới và lá già.
*   **Tái kiểm tra định kỳ:** Hãy kiểm tra lại vườn sau vài ngày hoặc vài tuần. Do bệnh có tính chất tiềm ẩn, các triệu chứng có thể xuất hiện muộn hơn sau giai đoạn không có dấu hiệu rõ ràng.

### 7. Cảnh báo
*   **Không tự ý xử lý nặng dựa trên dự đoán:** Không nên áp dụng các biện pháp quản lý mạnh (như phun thuốc đặc trị liều cao) chỉ dựa vào kết quả dự đoán từ ảnh. Bắt buộc phải có sự xác nhận thực địa để đảm bảo an toàn và hiệu quả.

### Nguồn tham khảo
• [S1] Durian leaf disease image dataset / Mendeley Data — https://data.mendeley.com/datasets/pxzvksbwnj/4
• [S16] Acta Universitatis Agriculturae et Silviculturae Mendelianae Brunensis: Leaf spot characteristics of Phomopsis durionis on durian — https://acta.mendelu.cz/artkey/acu-201601-0022_leaf-spot-characteristics-of-phomopsis-durionis-on-durian-durio-zibethinus-murray-and-latent-infection-of-the.php",True,False,False,True,True,True,"Chào bạn, với tư cách là chuyên gia tư vấn bệnh cây trồng, tôi nhận thấy tình huống của bạn đang ở mức **cấp bách**. Khi diện tích lá bị tổn thương do bệnh đốm lá *Phomopsis* vượt quá 35%, cây sầu riêng đang mất khả năng quang hợp nghiêm trọng, sức đề kháng suy giảm, và nguy cơ lây lan sang các bộ phận khác (như quả, cành non) hoặc gây rụng lá hàng loạt là rất cao.

Dưới đây là khuyến nghị xử lý chi tiết và khẩn cấp cho tình huống này:

---

### 1. Nguyên nhân và Đặc điểm bệnh

*   **Tác nhân gây bệnh:** Nấm *Phomopsis sp.* (thường gặp là *Phomopsis longicolla* hoặc các loài liên quan). Đây là nấm cơ hội, phát triển mạnh trong điều kiện ẩm ướt, mưa nhiều, vườn cây rậm rạp, thiếu ánh sáng.
*   **Triệu chứng điển hình:**
    *   Xuất hiện các đốm nhỏ màu nâu xám hoặc nâu đen trên mặt lá, thường bắt đầu từ mép lá hoặc gân lá.
    *   Đốm bệnh lan rộng, trung tâm đốm có thể chuyển màu xám trắng hoặc vàng nhạt, xung quanh có viền nâu đậm.
    *   Khi bệnh nặng (>35% diện tích lá), các đốm bệnh hợp lại thành mảng lớn, làm lá bị khô héo, vàng và rụng sớm.
    *   Lá non dễ bị tổn thương hơn lá già.
*   **Điều kiện thuận lợi:** Nhiệt độ 25–30°C, độ ẩm không khí >80%, mưa liên tục, vườn cây thông gió kém, bón thừa đạm.

---

### 2. Biện pháp quản lý vườn (Xử lý cơ học và canh tác)

Do mức độ bệnh đã nặng, biện pháp cơ học phải được thực hiện **ngay lập tức** để giảm nguồn nấm bệnh trước khi phun thuốc:

1.  **Cắt tỉa và thu gom tàn dư thực vật:**
    *   Cắt bỏ tất cả các lá bị bệnh nặng, cành khô, cành sâu bệnh.
    *   **Quan trọng:** Thu gom toàn bộ lá rụng, cành cắt bỏ và **đốt hủy hoặc chôn vùi sâu** (không để lại trong vườn). Không vứt bừa bãi vì đây là nguồn nấm bệnh tái nhiễm.
2.  **Thông thoáng vườn cây:**
    *   Tỉa cành tạo tán để ánh sáng chiếu sâu vào tán cây, giảm độ ẩm cục bộ trong tán lá.
    *   Cắt bỏ các cành giao nhau, cành mọc vào trong tán.
3.  **Vệ sinh vườn:**
    *   Làm sạch cỏ dại xung quanh gốc cây (cỏ dại là nơi ẩn náu của nấm bệnh).
    *   Đảm bảo hệ thống thoát nước tốt, tránh đọng nước quanh gốc cây.
4.  **Điều chỉnh dinh dưỡng:**
    *   Tạm ngừng bón phân chứa nhiều đạm (N) vì đạm làm cây sinh trưởng mạnh, mô mềm, dễ bị nấm tấn công.
    *   Tăng cường bón kali (K) và canxi (Ca) để tăng độ bền thành tế bào, giúp lá cứng cáp, kháng bệnh tốt hơn.

---

### 3. Có cần phun thuốc không? Phun gì?

**CÓ, bắt buộc phải phun thuốc ngay.** Với mức độ >35%, biện pháp canh tác đơn thuần không đủ để kiểm soát dịch bệnh. Cần phun thuốc phòng trừ nấm bệnh theo nguyên tắc **xử lý + phòng ngừa**.

#### Nguyên tắc phun:
*   Phun ướt đẫm cả hai mặt lá, đặc biệt là mặt dưới lá (nơi nấm thường xâm nhập qua khí khổng).
*   Phun vào lúc trời râm mát, không mưa, tốt nhất là buổi sáng sớm hoặc chiều tối.
*   Luân phiên hoạt chất để tránh kháng thuốc.

#### Khuyến nghị thuốc hóa học (Lựa chọn 1 trong các nhóm sau, luân phiên phun cách nhau 7–10 ngày):

**Nhóm 1: Thuốc tiếp xúc + nội hấp (Khuyến nghị ưu tiên cho giai đoạn xử lý nặng)**
*   **Azoxystrobin + Difenoconazole** (Ví dụ: Amistar Top, Score, Aliette...): Hiệu quả cao, vừa tiêu diệt nấm đang hoạt động vừa phòng ngừa lây lan.
*   **Tebuconazole + Trifloxystrobin** (Ví dụ: Folicur, Amistar...): Tác dụng mạnh, thấm sâu vào mô lá.

**Nhóm 2: Thuốc gốc đồng (Đồng thời xử lý và phòng ngừa)**
*   **Mancozeb + Copper Oxychloride** hoặc **Mancozeb + Zineb**: Giúp tiêu diệt nấm trên bề mặt lá",True,True,False,True,True,True
phomopsis_severity_3__WS_DRY_HOT_WATER_STRESS,phomopsis,3,WS_DRY_HOT_WATER_STRESS,"Chào bạn, với tư cách là chuyên gia tư vấn bệnh cây trồng, tôi xin đưa ra lời khuyên dựa trên chẩn đoán hình ảnh và dữ liệu thời tiết hiện tại cho vườn sầu riêng của bạn.

### 1. Tóm tắt tình trạng bệnh
Cây sầu riêng của bạn đang bị nhiễm bệnh **Phomopsis leaf spot** (do nấm *Phomopsis durionis* gây ra).
*   **Mức độ nghiêm trọng:** Cao (Severity 3).
*   **Triệu chứng:** Hơn 35% diện tích bề mặt lá bị tổn thương. Bạn có thể thấy các đốm nhỏ dạng đầu kim hoặc đốm nhỏ trên lá, xung quanh vết bệnh có quầng vàng. Các đốm này có thể tiến triển thành dạng đốm rõ hơn hoặc kiểu ""mắt cua"" (crab-eye). Khi bệnh nặng, nhiều đốm sẽ hợp lại làm giảm diện tích lá khỏe, ảnh hưởng đến quang hợp.
*   **Đặc điểm nguy hiểm:** Bệnh này có khả năng nhiễm tiềm ẩn, nghĩa là triệu chứng có thể xuất hiện sau một giai đoạn không có dấu hiệu rõ ràng.

### 2. Tóm tắt thời tiết sắp tới
*   **Dự báo:** Nắng nóng kéo dài trong 3 ngày tới.
*   **Rủi ro:** Mức cảnh báo về stress nước (caution_water_stress).
*   **Lưu ý:** Mặc dù nắng nóng không trực tiếp gây ra bệnh Phomopsis, nhưng nó khiến cây bị thiếu nước, suy yếu hệ miễn dịch và trở nên dễ mẫn cảm hơn với sâu bệnh nói chung.

### 3. Việc cần làm ngay
Do dự báo **nắng nóng kéo dài trong 3 ngày tới** gây ra nguy cơ **stress nước** cho cây, bạn cần thực hiện ngay các hành động sau để ngăn cây suy yếu thêm:

1.  **Đảm bảo tưới nước đầy đủ và đều:** Đây là việc quan trọng nhất hiện tại. Nắng nóng làm cây mất nước nhanh, nếu thiếu nước kéo dài, cây sẽ suy kiệt và dễ bị tấn công bởi các loại sâu bệnh khác hoặc làm bệnh Phomopsis tiến triển nhanh hơn do cây không đủ sức đề kháng.
2.  **Kiểm tra thực địa và xác nhận chẩn đoán:** Vì mức độ bệnh được đánh giá là cao (>35% lá bị tổn thương), bạn cần ra vườn kiểm tra trực tiếp để xác nhận lại triệu chứng (đốm nhỏ, quầng vàng). Đặc biệt cần lưu ý nếu thấy tổn thương lan nhanh.
3.  **Vệ sinh vườn:** Nếu có thể, hãy loại bỏ các vật liệu bệnh nặng (lá rụng, cành khô có bệnh) để giảm nguồn nấm tồn tại trong vườn.

### 4. Quản lý
*   **Giảm độ ẩm và lá ướt kéo dài:** Mặc dù đang nắng, nhưng nếu có tưới nước, hãy tránh làm ướt lá quá lâu hoặc tưới vào buổi tối khiến lá ẩm ướt qua đêm, tạo điều kiện cho nấm phát triển.
*   **Liên hệ cán bộ kỹ thuật:** Do mức độ bệnh nặng và có yếu tố thời tiết phức tạp (nắng nóng gây stress), bạn nên liên hệ với cán bộ kỹ thuật địa phương để được tư vấn cụ thể về hướng quản lý và các biện pháp hỗ trợ cây phục hồi sức khỏe tổng thể.

### 5. Phòng ngừa
*   **Giữ tán thông thoáng:** Tỉa cành hợp lý để ánh sáng và gió lưu thông tốt, giúp lá khô nhanh sau khi tưới hoặc mưa, giảm độ ẩm cục bộ.
*   **Vệ sinh vật liệu bệnh:** Thu gom và tiêu hủy các lá, cành bệnh để ngăn nguồn nấm lây lan.
*   **Quản lý độ ẩm:** Tránh để lá bị ẩm ướt kéo dài.

### 6. Theo dõi
*   **Quan sát triệu chứng:** Theo dõi sát các đốm nhỏ có quầng vàng trên lá.
*   **Tái kiểm tra định kỳ:** Vì bệnh có thể ở dạng tiềm ẩn, bạn cần tái kiểm tra sau vài ngày hoặc vài tuần nữa. Có thể triệu chứng sẽ xuất hiện rõ rệt hơn sau giai đoạn này.

### 7. Cảnh báo
*   **Không tự ý xử lý nặng dựa solely vào hình ảnh:** Không nên quyết định phun thuốc hay xử lý mạnh chỉ dựa vào dự đoán từ ảnh chụp. Bệnh Phomopsis ở mức độ nặng cần được xác nhận lại bằng mắt thường tại thực địa để tránh nhầm lẫn với các bệnh khác và có biện pháp phù hợp.

---
**Nguồn tham khảo:**
• [S1] Durian leaf disease image dataset / Mendeley Data — https://data.mendeley.com/datasets/pxzvksbwnj/4
• [S16] Acta Universitatis Agriculturae et Silviculturae Mendelianae Brunensis: Leaf spot characteristics of Phomopsis durionis on durian",True,False,False,False,True,False,"Chào bạn, với tư cách là chuyên gia tư vấn kỹ thuật cây trồng, tôi nhận thấy tình huống của bạn đang ở mức **cấp bách**. Mức độ nhiễm bệnh >35% diện tích lá được đánh giá là **nặng**. Nếu không xử lý kịp thời, cây sẽ suy kiệt do mất diện tích quang hợp, dẫn đến giảm năng suất vụ sau, thậm chí gây chết cành hoặc rụng trái non nếu cây đang trong giai đoạn mang trái.

Dưới đây là phác đồ xử lý chi tiết cho bệnh đốm lá Phomopsis (*Phomopsis mangiferae*) trên sầu riêng:

### 1. Nguyên nhân và Đặc điểm bệnh

*   **Tác nhân gây bệnh:** Nấm *Phomopsis mangiferae*. Đây là nấm đa ký chủ, thường tấn công mạnh khi điều kiện thời tiết ẩm ướt, mưa nhiều hoặc vườn cây bị che khuất, thiếu ánh sáng.
*   **Triệu chứng điển hình:**
    *   Trên lá: Xuất hiện các đốm nhỏ màu nâu sẫm hoặc đen, sau đó lan rộng thành các mảng lớn không đều. Trung tâm đốm có thể chuyển màu xám trắng, viền ngoài màu nâu đậm.
    *   Khi bệnh nặng: Lá bị khô, cháy mép, rụng sớm.
    *   Trên cành/trái: Nấm cũng gây bệnh thán thư trên trái (đốm đen, sâu thối) và bệnh khô cành.
*   **Điều kiện thuận lợi:** Nhiệt độ 25-30°C, độ ẩm cao (>85%), vườn cây rậm rạp, thoát nước kém.

### 2. Biện pháp quản lý vườn (Vệ sinh và Cải tạo)

Đây là bước **bắt buộc** phải thực hiện trước khi phun thuốc để giảm nguồn nấm bệnh trong vườn:

1.  **Cắt tỉa và vệ sinh:**
    *   Cắt bỏ tất cả các lá bị bệnh nặng, cành khô, cành sâu bệnh.
    *   **Quan trọng:** Thu gom toàn bộ tàn dư thực vật (lá rụng, cành cắt) ra khỏi vườn và **đốt hủy** hoặc chôn vùi sâu. Không để lại trong vườn vì đây là nguồn nấm bệnh tái nhiễm.
2.  **Tỉa tạo tán:**
    *   Tỉa thưa tán cây để tăng độ thông thoáng, giúp ánh sáng mặt trời chiếu vào trong tán và gió lưu thông tốt. Điều này làm giảm độ ẩm cục bộ, gây bất lợi cho nấm phát triển.
3.  **Cải thiện hệ thống thoát nước:**
    *   Kiểm tra lại mương rãnh, đảm bảo vườn không bị úng nước sau mưa. Nấm Phomopsis phát triển mạnh trong môi trường ẩm ướt.
4.  **Bón phân cân đối:**
    *   Tránh bón thừa Nitơ (N) vì sẽ làm cây sinh trưởng quá mạnh, mô non mềm, dễ bị nấm tấn công.
    *   Tăng cường bón Kali (K) và Canxi (Ca) để tăng độ bền vững của thành tế bào lá, giúp cây kháng bệnh tốt hơn.

### 3. Có cần phun thuốc hay không? Phun gì?

**Câu trả lời: CÓ, BẮT BUỘC PHẢI PHUN THUỐC.**
Với mức độ nhiễm >35%, biện pháp canh tác đơn thuần không đủ để kiểm soát. Cần phun thuốc hóa học kết hợp với chế phẩm sinh học để diệt nấm và phục hồi cây.

#### **Lịch trình phun thuốc đề xuất:**

*   **Lần 1 (Xử lý cấp tốc):** Phun ngay lập tức.
*   **Lần 2:** Cách lần 1 từ 7-10 ngày.
*   **Lần 3:** Cách lần 2 từ 10-14 ngày (nếu bệnh còn tái phát).

#### **Nhóm thuốc khuyến nghị:**

**A. Nhóm thuốc hóa học (Diệt nấm tiếp xúc và nội hấp):**
*   **Hoạt chất Azoxystrobin + Difenoconazole:** (Ví dụ: Amistar Top, Score Neo...) – Hiệu quả cao, vừa diệt nấm vừa kích thích cây phục hồi.
*   **Hoạt chất Propineb:** (Ví dụ: Anvil, Zineb...) – Thuốc tiếp xúc, phòng ngừa tốt, ít độc hại.
*   **Hoạt chất Mancozeb + Copper:** (Ví dụ: Kocide, Mancozeb đồng...) – Kết hợp đồng để diệt nấm và vi khuẩn đi kèm.
*   **Hoạt chất Tebuconazole:** (Ví dụ: Folicur...) – Thuốc nội hấp mạnh, dùng khi bệnh nặng.

**B. Nhóm chế phẩm sinh học (Hỗ trợ và phòng ngừa tái nhiễm):**
*   **Trichoderma spp.:** Phun sau khi phun thuốc",True,True,False,True,True,True
